id,zeitpunkt,lehrkraft_id,gruppe_id,teilnehmer_id,from_cluster,to_cluster,delta_norm,threshold,cluster_change,polaritaetswechsel,dominanzwechsel,dominante_dimension_alt,dominante_dimension_neu
2358,2025-09-01 17:10:00,12,0,12,0,0,1.2373940953711495,3.8500146090630523,0,0,1,kognition,performanz
2359,2025-09-01 17:10:00,12,0,12,0,0,1.490463877062278,3.8500146090630523,0,0,1,performanz,methodik
2360,2025-09-01 17:10:00,12,0,12,0,0,0.7823761362093319,3.8500146090630523,0,0,1,methodik,kognition
2361,2025-09-01 17:10:00,12,0,12,0,0,1.793676068491887,3.8500146090630523,0,0,1,kognition,motivation
2338,2025-09-15 17:10:00,12,0,12,0,0,2.4451087773212468,3.8500146090630523,0,0,1,motivation,kognition
2341,2025-09-15 17:10:00,12,0,12,0,0,1.7786513653449383,3.8500146090630523,0,0,1,kognition,performanz
2342,2025-09-15 17:10:00,12,0,12,0,0,1.3990026840019623,3.8500146090630523,0,0,1,performanz,motivation
2343,2025-09-15 17:10:00,12,0,12,0,1,10.619387706390084,3.8500146090630523,1,1,1,motivation,performanz
2329,2025-09-22 17:10:00,12,0,12,1,0,12.473542848116665,3.8500146090630523,1,1,1,performanz,kognition
2332,2025-09-22 17:10:00,12,0,12,0,0,1.1695144876474874,3.8500146090630523,0,0,1,kognition,performanz
2333,2025-09-22 17:10:00,12,0,12,0,0,1.644770333750315,3.8500146090630523,0,0,1,performanz,regulation
2323,2025-09-29 17:10:00,12,0,12,0,0,1.4804634440289537,3.8500146090630523,0,0,1,regulation,kognition
2326,2025-09-29 17:10:00,12,0,12,0,0,1.3650263340304876,3.8500146090630523,0,0,1,kognition,performanz
2307,2025-10-27 17:10:00,12,0,12,0,0,2.2423280533973067,3.8500146090630523,0,0,1,performanz,kognition
2308,2025-10-27 17:10:00,12,0,12,0,1,7.2320564167278745,3.8500146090630523,1,1,1,kognition,performanz
2309,2025-10-27 17:10:00,12,0,12,1,0,5.121889306598892,3.8500146090630523,1,1,1,performanz,kognition
2306,2025-11-03 17:10:00,12,0,12,0,0,1.4540086618775698,3.8500146090630523,0,0,1,kognition,performanz
2293,2025-11-10 17:10:00,12,0,12,0,0,0.9709008039512629,3.8500146090630523,0,0,1,performanz,kognition
2295,2025-11-10 17:10:00,12,0,12,0,0,1.008974655390417,3.8500146090630523,0,0,1,kognition,performanz
2282,2025-11-17 17:10:00,12,0,12,0,0,1.5402026652128749,3.8500146090630523,0,0,1,performanz,kognition
2283,2025-11-17 17:10:00,12,0,12,0,0,1.976190075595963,3.8500146090630523,0,0,1,kognition,methodik
2284,2025-11-17 17:10:00,12,0,12,0,0,1.8816443255959192,3.8500146090630523,0,0,1,methodik,motivation
2285,2025-11-17 17:10:00,12,0,12,0,0,1.2912193625074884,3.8500146090630523,0,0,1,motivation,performanz
2287,2025-11-17 17:10:00,12,0,12,0,0,0.8497689595580872,3.8500146090630523,0,0,1,performanz,kognition
2280,2025-11-24 17:10:00,12,0,12,0,0,1.98370132879513,3.8500146090630523,0,0,1,kognition,regulation
2281,2025-11-24 17:10:00,12,0,12,0,0,1.894319684842938,3.8500146090630523,0,0,1,regulation,kognition
2268,2025-12-01 17:10:00,12,0,12,0,0,1.3391867688786423,3.8500146090630523,0,0,1,kognition,performanz
2269,2025-12-01 17:10:00,12,0,12,0,0,2.164793672261081,3.8500146090630523,0,0,1,performanz,methodik
2271,2025-12-01 17:10:00,12,0,12,0,0,1.4038256287796655,3.8500146090630523,0,0,1,methodik,performanz
2272,2025-12-01 17:10:00,12,0,12,0,0,1.0111071620088259,3.8500146090630523,0,0,1,performanz,methodik
2264,2025-12-08 17:10:00,12,0,12,0,0,1.9066842039633727,3.8500146090630523,0,0,1,methodik,regulation
2265,2025-12-08 17:10:00,12,0,12,0,0,1.8425374096759437,3.8500146090630523,0,0,1,regulation,performanz
2266,2025-12-08 17:10:00,12,0,12,0,0,2.1088062336599904,3.8500146090630523,0,0,1,performanz,motivation
2267,2025-12-08 17:10:00,12,0,12,0,0,2.597628050375379,3.8500146090630523,0,0,1,motivation,kognition
2254,2025-12-15 17:10:00,12,0,12,0,0,0.8646976807892776,3.8500146090630523,0,0,1,kognition,performanz
2255,2025-12-15 17:10:00,12,0,12,0,0,0.2924599324692003,3.8500146090630523,0,0,1,performanz,kognition
2257,2025-12-15 17:10:00,12,0,12,0,0,1.8733787105689779,3.8500146090630523,0,0,1,kognition,performanz
2247,2026-01-05 17:10:00,12,0,12,0,0,0.9717027584712983,3.8500146090630523,0,0,1,performanz,kognition
2234,2026-01-12 17:10:00,12,0,12,0,0,1.7519357578614425,3.8500146090630523,0,0,1,kognition,regulation
2235,2026-01-12 17:10:00,12,0,12,0,0,1.5451645963261975,3.8500146090630523,0,0,1,regulation,kognition
2224,2026-01-19 17:10:00,12,0,12,0,0,1.4157508108073928,3.8500146090630523,0,0,1,kognition,performanz
2227,2026-01-19 17:10:00,12,0,12,0,0,1.6202098343212663,3.8500146090630523,0,0,1,performanz,kognition
2688,2025-10-27 17:10:00,12,0,17,0,0,1.609670595262689,4.519542053793769,0,0,1,kognition,performanz
2691,2025-10-27 17:10:00,12,0,17,0,1,6.012259375066402,4.519542053793769,1,1,0,performanz,performanz
769,2025-10-13 15:35:00,12,1,2,0,0,1.323522760500593,1.323522760500593,0,0,1,kognition,performanz
2130,2025-12-01 15:35:00,12,1,40,0,0,2.163302036471391,2.4044534734578047,0,0,1,kognition,motivation
2131,2025-12-01 15:35:00,12,1,40,0,0,2.1751425965169386,2.4044534734578047,0,0,1,motivation,kognition
2132,2025-12-01 15:35:00,12,1,40,0,0,1.8252328187594928,2.4044534734578047,0,0,1,kognition,performanz
2086,2026-01-12 15:35:00,12,1,40,0,0,0.9937287119191948,2.4044534734578047,0,0,1,performanz,regulation
2088,2026-01-12 15:35:00,12,1,40,0,0,0.9695548803964698,2.4044534734578047,0,0,1,regulation,performanz
2089,2026-01-12 15:35:00,12,1,40,0,0,0.9078760654811343,2.4044534734578047,0,0,1,performanz,kognition
2091,2026-01-12 15:35:00,12,1,40,0,0,3.2403385811237952,2.4044534734578047,0,0,1,kognition,regulation
1251,2025-12-15 15:35:00,12,1,43,0,0,1.1757121796417966,1.9767646029540427,0,0,1,kognition,regulation
1252,2025-12-15 15:35:00,12,1,43,0,0,1.1275431823453175,1.9767646029540427,0,0,1,regulation,kognition
1253,2025-12-15 15:35:00,12,1,43,0,0,1.9211365195216585,1.9767646029540427,0,0,1,kognition,regulation
1232,2026-01-26 15:35:00,12,1,43,0,0,2.1340257162287535,1.9767646029540427,0,0,1,regulation,kognition
1233,2026-01-26 15:35:00,12,1,43,0,0,1.831794592720972,1.9767646029540427,0,0,1,kognition,methodik
1234,2026-01-26 15:35:00,12,1,43,0,0,1.5329023856209039,1.9767646029540427,0,0,1,methodik,kognition
1852,2026-01-05 17:10:00,12,2,23,0,0,2.107693375275079,2.120260975801667,0,0,1,regulation,kognition
1845,2026-01-12 17:10:00,12,2,23,0,0,0.5916777129133175,2.120260975801667,0,0,1,kognition,performanz
1849,2026-01-12 17:10:00,12,2,23,0,0,2.0411671502409985,2.120260975801667,0,0,1,performanz,kognition
1841,2026-01-19 17:10:00,12,2,23,0,0,2.4892555233651095,2.120260975801667,0,0,1,kognition,performanz
1842,2026-01-19 17:10:00,12,2,23,0,0,1.1588612507128027,2.120260975801667,0,0,1,performanz,kognition
1843,2026-01-19 17:10:00,12,2,23,0,0,2.2094544690853115,2.120260975801667,0,0,1,kognition,performanz
503,2025-09-11 17:10:00,18,0,8,0,0,1.1238584848517865,3.461638433323136,0,0,1,performanz,kognition
504,2025-09-11 17:10:00,18,0,8,0,0,1.9742469874723172,3.461638433323136,0,0,1,kognition,motivation
506,2025-09-11 17:10:00,18,0,8,0,0,1.9821534777147218,3.461638433323136,0,0,1,motivation,kognition
482,2025-09-25 17:10:00,18,0,8,0,1,6.883704628512626,3.461638433323136,1,1,1,kognition,performanz
483,2025-09-25 17:10:00,18,0,8,1,0,5.980284119814201,3.461638433323136,1,1,1,performanz,kognition
485,2025-09-25 17:10:00,18,0,8,0,0,1.4265611034080625,3.461638433323136,0,0,1,kognition,performanz
473,2025-10-02 17:10:00,18,0,8,0,0,1.1620751343255415,3.461638433323136,0,0,1,performanz,kognition
475,2025-10-02 17:10:00,18,0,8,0,0,1.8492839417221971,3.461638433323136,0,0,1,kognition,performanz
467,2025-10-09 17:10:00,18,0,8,0,0,1.9399156073562316,3.461638433323136,0,0,1,performanz,kognition
455,2025-10-23 17:10:00,18,0,8,0,0,1.4338831977750919,3.461638433323136,0,0,1,kognition,performanz
458,2025-10-23 17:10:00,18,0,8,0,0,1.5145281966867987,3.461638433323136,0,0,1,performanz,regulation
452,2025-10-30 17:10:00,18,0,8,0,0,1.936789405001708,3.461638433323136,0,0,1,regulation,kognition
454,2025-10-30 17:10:00,18,0,8,0,0,2.312699077353814,3.461638433323136,0,0,1,kognition,performanz
443,2025-11-06 17:10:00,18,0,8,0,0,1.5755777658197014,3.461638433323136,0,0,1,performanz,kognition
444,2025-11-06 17:10:00,18,0,8,0,0,2.1472676486285973,3.461638433323136,0,0,1,kognition,motivation
445,2025-11-06 17:10:00,18,0,8,0,0,1.9821534777147218,3.461638433323136,0,0,1,motivation,kognition
1078,2025-12-16 17:10:00,18,0,21,0,0,1.9876863839589698,1.8878204149337643,0,0,1,kognition,regulation
1080,2025-12-16 17:10:00,18,0,21,0,0,0.9288826260527661,1.8878204149337643,0,0,1,regulation,performanz
1081,2025-12-16 17:10:00,18,0,21,0,0,0.7374611881147874,1.8878204149337643,0,0,1,performanz,regulation
2060,2025-10-30 17:10:00,18,0,47,0,0,0.4150079480534465,2.328040148970492,0,0,1,kognition,performanz
2061,2025-10-30 17:10:00,18,0,47,0,0,1.1146760437018652,2.328040148970492,0,0,1,performanz,regulation
2062,2025-10-30 17:10:00,18,0,47,0,0,2.790679432632035,2.328040148970492,0,0,1,regulation,kognition
2019,2025-12-11 17:10:00,18,0,47,0,0,2.6953345978928787,2.328040148970492,0,0,0,kognition,kognition
2021,2025-12-11 17:10:00,18,0,47,0,0,1.9978488338980536,2.328040148970492,0,0,1,kognition,performanz
2023,2025-12-11 17:10:00,18,0,47,0,0,1.2536900038129042,2.328040148970492,0,0,1,performanz,kognition
2014,2026-01-08 17:10:00,18,0,47,0,0,1.77196646282835,2.328040148970492,0,0,1,kognition,performanz
2015,2026-01-08 17:10:00,18,0,47,0,0,1.7626555201278713,2.328040148970492,0,0,1,performanz,kognition
2016,2026-01-08 17:10:00,18,0,47,0,0,2.3478084601904907,2.328040148970492,0,0,1,kognition,regulation
2017,2026-01-08 17:10:00,18,0,47,0,0,3.170402679580809,2.328040148970492,0,0,1,regulation,performanz
2018,2026-01-08 17:10:00,18,0,47,0,0,1.757219098076481,2.328040148970492,0,0,1,performanz,motivation
2009,2026-01-22 17:10:00,18,0,47,0,0,1.4579149382235879,2.328040148970492,0,0,1,motivation,performanz
2011,2026-01-22 17:10:00,18,0,47,0,0,1.5475139701901435,2.328040148970492,0,0,1,performanz,regulation
2012,2026-01-22 17:10:00,18,0,47,0,0,1.5337523243601696,2.328040148970492,0,0,1,regulation,kognition
2013,2026-01-22 17:10:00,18,0,47,0,0,0.8329948827850644,2.328040148970492,0,0,1,kognition,performanz
2006,2026-01-29 17:10:00,18,0,47,0,0,1.503795910405437,2.328040148970492,0,0,1,performanz,kognition
1791,2025-12-16 17:10:00,18,2,9,0,0,2.426268221707825,2.073909178617571,0,0,1,performanz,kognition
1792,2025-12-16 17:10:00,18,2,9,0,0,1.2347888978885928,2.073909178617571,0,0,1,kognition,performanz
1794,2025-12-16 17:10:00,18,2,9,0,0,1.4540050652957008,2.073909178617571,0,0,1,performanz,kognition
979,2025-12-16 15:35:00,18,3,42,0,0,0.898940852828359,1.2900630945407108,0,0,1,performanz,regulation
980,2025-12-16 15:35:00,18,3,42,0,0,1.2961269639561268,1.2900630945407108,0,0,1,regulation,motivation
330,2025-10-09 15:35:00,18,5,15,0,0,0.8759906800505766,1.4101013478754154,0,0,1,methodik,kognition
332,2025-10-09 15:35:00,18,5,15,0,0,1.5440190156823759,1.4101013478754154,0,0,1,kognition,regulation
1004,2026-01-22 17:10:00,18,6,16,0,0,3.189078897683126,2.7465034818494485,0,0,0,kognition,kognition
2533,2025-10-16 17:10:00,18,6,18,0,0,0.9939632335466313,1.2351635603200302,0,0,1,kognition,methodik
2534,2025-10-16 17:10:00,18,6,18,0,0,1.2929371759593453,1.2351635603200302,0,0,1,methodik,kognition
2535,2025-10-16 17:10:00,18,6,18,0,0,0.7366819296545029,1.2351635603200302,0,0,1,kognition,regulation
3003,2025-10-09 17:10:00,18,6,19,0,0,0.8497293965402639,3.1933021363782315,0,0,1,kognition,methodik
3004,2025-10-09 17:10:00,18,6,19,0,0,1.6222571558972174,3.1933021363782315,0,0,1,methodik,performanz
3005,2025-10-09 17:10:00,18,6,19,0,0,1.731974509464691,3.1933021363782315,0,0,1,performanz,regulation
3006,2025-10-09 17:10:00,18,6,19,0,0,2.6140877092306924,3.1933021363782315,0,0,1,regulation,kognition
2999,2025-10-16 17:10:00,18,6,19,0,1,5.210122679663758,3.1933021363782315,1,1,1,kognition,performanz
3000,2025-10-16 17:10:00,18,6,19,1,0,4.890811569357752,3.1933021363782315,1,1,1,performanz,kognition
3001,2025-10-16 17:10:00,18,6,19,0,0,2.5425741805266884,3.1933021363782315,0,0,1,kognition,motivation
2959,2025-12-18 17:10:00,18,6,19,0,0,1.3901482978588116,3.1933021363782315,0,0,1,motivation,performanz
2960,2025-12-18 17:10:00,18,6,19,0,0,0.8731214661548308,3.1933021363782315,0,0,1,performanz,kognition
2963,2025-12-18 17:10:00,18,6,19,0,0,1.6314986850942907,3.1933021363782315,0,0,1,kognition,motivation
2945,2026-01-22 17:10:00,18,6,19,0,0,1.4878049219481908,3.1933021363782315,0,0,1,motivation,performanz
2946,2026-01-22 17:10:00,18,6,19,0,0,2.173907339372921,3.1933021363782315,0,0,1,performanz,regulation
2947,2026-01-22 17:10:00,18,6,19,0,0,1.5993453721213655,3.1933021363782315,0,0,1,regulation,performanz
2949,2026-01-22 17:10:00,18,6,19,0,0,1.6513982714084856,3.1933021363782315,0,0,1,performanz,kognition
2912,2025-09-11 17:10:00,18,6,22,0,0,2.9872599802669613,2.786060036691808,0,0,0,kognition,kognition
2914,2025-09-11 17:10:00,18,6,22,0,0,1.0146384454927633,2.786060036691808,0,0,1,kognition,regulation
2894,2025-09-25 17:10:00,18,6,22,0,0,1.950091927729571,2.786060036691808,0,0,1,regulation,kognition
2896,2025-09-25 17:10:00,18,6,22,0,0,0.8462381857240473,2.786060036691808,0,0,1,kognition,regulation
2897,2025-09-25 17:10:00,18,6,22,0,0,1.6555545705000336,2.786060036691808,0,0,1,regulation,kognition
2898,2025-09-25 17:10:00,18,6,22,0,0,1.784199228867826,2.786060036691808,0,0,1,kognition,sozial
2884,2025-10-02 17:10:00,18,6,22,0,0,1.8065601903307635,2.786060036691808,0,0,1,sozial,performanz
2885,2025-10-02 17:10:00,18,6,22,0,0,1.2472017226380208,2.786060036691808,0,0,1,performanz,kognition
2886,2025-10-02 17:10:00,18,6,22,0,0,1.2389480772903416,2.786060036691808,0,0,1,kognition,regulation
2887,2025-10-02 17:10:00,18,6,22,0,0,0.8727702540623681,2.786060036691808,0,0,1,regulation,kognition
2874,2025-10-09 17:10:00,18,6,22,0,0,1.8175511280573502,2.786060036691808,0,0,1,kognition,performanz
2875,2025-10-09 17:10:00,18,6,22,0,0,1.446932348021385,2.786060036691808,0,0,1,performanz,kognition
2876,2025-10-09 17:10:00,18,6,22,0,0,1.0971572937687484,2.786060036691808,0,0,1,kognition,performanz
2877,2025-10-09 17:10:00,18,6,22,0,0,1.3023176606869475,2.786060036691808,0,0,1,performanz,kognition
2878,2025-10-09 17:10:00,18,6,22,0,0,0.8812839208913559,2.786060036691808,0,0,1,kognition,performanz
2865,2025-10-16 17:10:00,18,6,22,0,1,6.130296329178911,2.786060036691808,1,1,0,performanz,performanz
2866,2025-10-16 17:10:00,18,6,22,1,0,5.842195807092808,2.786060036691808,1,1,0,performanz,performanz
2867,2025-10-16 17:10:00,18,6,22,0,0,1.2536127604403566,2.786060036691808,0,0,1,performanz,kognition
2854,2025-10-23 17:10:00,18,6,22,0,0,0.8076530785441763,2.786060036691808,0,0,1,kognition,performanz
2855,2025-10-23 17:10:00,18,6,22,0,0,0.6584456653005811,2.786060036691808,0,0,1,performanz,kognition
2856,2025-10-23 17:10:00,18,6,22,0,0,1.849800667038796,2.786060036691808,0,0,1,kognition,motivation
2858,2025-10-23 17:10:00,18,6,22,0,0,2.4685894359813534,2.786060036691808,0,0,1,motivation,kognition
2786,2026-01-08 17:10:00,18,6,22,0,0,1.232462591291874,2.786060036691808,0,0,1,kognition,performanz
2769,2026-01-22 17:10:00,18,6,22,0,0,1.1588612507128027,2.786060036691808,0,0,1,performanz,kognition
2771,2026-01-22 17:10:00,18,6,22,0,0,1.179746193264685,2.786060036691808,0,0,1,kognition,regulation
2772,2026-01-22 17:10:00,18,6,22,0,0,1.7776021349365327,2.786060036691808,0,0,1,regulation,performanz
1520,2025-11-27 14:15:00,18,11,8,0,0,1.0542815363016214,3.262052589352934,0,0,1,regulation,performanz
1522,2025-11-27 14:15:00,18,11,8,0,0,1.1772771883085276,3.262052589352934,0,0,1,performanz,regulation
1523,2025-11-27 14:15:00,18,11,8,0,0,1.355229720255489,3.262052589352934,0,0,1,regulation,motivation
1499,2025-12-11 14:15:00,18,11,8,0,0,2.651288523933839,3.262052589352934,0,0,1,motivation,performanz
1501,2025-12-11 14:15:00,18,11,8,0,0,1.6380548848593177,3.262052589352934,0,0,1,performanz,kognition
1489,2025-12-18 14:15:00,18,11,8,0,0,1.48169027603379,3.262052589352934,0,0,1,kognition,performanz
1490,2025-12-18 14:15:00,18,11,8,0,0,0.9717027584712983,3.262052589352934,0,0,1,performanz,kognition
1492,2025-12-18 14:15:00,18,11,8,0,0,1.4730835037044103,3.262052589352934,0,0,1,kognition,performanz
1493,2025-12-18 14:15:00,18,11,8,0,0,1.5369759586952423,3.262052589352934,0,0,1,performanz,sozial
1475,2026-01-08 14:15:00,18,11,8,0,0,2.847062882655441,3.262052589352934,0,0,1,sozial,kognition
1476,2026-01-08 14:15:00,18,11,8,0,0,0.775797626731985,3.262052589352934,0,0,1,kognition,methodik
1477,2026-01-08 14:15:00,18,11,8,0,1,6.853984727296981,3.262052589352934,1,1,1,methodik,performanz
1478,2026-01-08 14:15:00,18,11,8,1,0,6.259975534926941,3.262052589352934,1,1,1,performanz,regulation
1479,2026-01-08 14:15:00,18,11,8,0,0,1.295456791731344,3.262052589352934,0,0,1,regulation,kognition
1467,2026-01-15 14:15:00,18,11,8,0,0,2.39275478505615,3.262052589352934,0,0,1,kognition,performanz
1469,2026-01-15 14:15:00,18,11,8,0,0,2.8513854092343967,3.262052589352934,0,0,1,performanz,motivation
1458,2026-01-22 14:15:00,18,11,8,0,0,1.785408516740224,3.262052589352934,0,0,1,motivation,kognition
1460,2026-01-22 14:15:00,18,11,8,0,0,1.4351914257609908,3.262052589352934,0,0,1,kognition,performanz
1449,2026-01-29 14:15:00,18,11,8,0,0,0.8973661237107282,3.262052589352934,0,0,1,performanz,kognition
1451,2026-01-29 14:15:00,18,11,8,0,0,2.135369991817053,3.262052589352934,0,0,1,kognition,regulation
1452,2026-01-29 14:15:00,18,11,8,0,0,1.5145281966867987,3.262052589352934,0,0,1,regulation,performanz
720,2025-09-16 17:10:00,19,0,4,0,0,1.9393533863501198,2.656268526761748,0,0,1,kognition,methodik
721,2025-09-16 17:10:00,19,0,4,0,0,2.6254416767842077,2.656268526761748,0,0,1,methodik,regulation
722,2025-09-16 17:10:00,19,0,4,0,0,0.9078462513252005,2.656268526761748,0,0,1,regulation,kognition
863,2025-09-30 17:10:00,19,0,6,0,0,0.6411581583496032,3.139721610294144,0,0,1,regulation,methodik
864,2025-09-30 17:10:00,19,0,6,0,0,2.5672745357940925,3.139721610294144,0,0,1,methodik,motivation
866,2025-09-30 17:10:00,19,0,6,0,1,5.252374317111792,3.139721610294144,1,1,1,motivation,performanz
844,2025-10-28 17:10:00,19,0,6,1,0,5.863265042634873,3.139721610294144,1,1,1,performanz,kognition
846,2025-10-28 17:10:00,19,0,6,0,0,2.447386700419212,3.139721610294144,0,0,1,kognition,methodik
847,2025-10-28 17:10:00,19,0,6,0,0,1.7664549890436096,3.139721610294144,0,0,1,methodik,kognition
848,2025-10-28 17:10:00,19,0,6,0,0,1.2571728318951316,3.139721610294144,0,0,1,kognition,performanz
835,2025-11-04 17:10:00,19,0,6,0,0,1.3328378154104328,3.139721610294144,0,0,1,performanz,kognition
1444,2025-11-11 17:10:00,19,0,6,0,0,1.5616480591358806,3.139721610294144,0,0,1,kognition,performanz
1445,2025-11-11 17:10:00,19,0,6,0,0,2.5348548913380853,3.139721610294144,0,0,1,performanz,kognition
1446,2025-11-11 17:10:00,19,0,6,0,0,1.466067540992882,3.139721610294144,0,0,1,kognition,performanz
1447,2025-11-11 17:10:00,19,0,6,0,0,2.7512263598403837,3.139721610294144,0,0,1,performanz,methodik
1430,2025-11-18 17:10:00,19,0,6,0,0,1.0717872783196964,3.139721610294144,0,0,1,methodik,kognition
1431,2025-11-18 17:10:00,19,0,6,0,0,1.2768243839423457,3.139721610294144,0,0,1,kognition,regulation
1432,2025-11-18 17:10:00,19,0,6,0,0,2.5843356129706594,3.139721610294144,0,0,1,regulation,motivation
1433,2025-11-18 17:10:00,19,0,6,0,0,1.9548563773461363,3.139721610294144,0,0,1,motivation,regulation
1426,2025-11-25 17:10:00,19,0,6,0,0,1.9360244666092628,3.139721610294144,0,0,1,regulation,kognition
1427,2025-11-25 17:10:00,19,0,6,0,0,1.7534565603386043,3.139721610294144,0,0,1,kognition,performanz
1428,2025-11-25 17:10:00,19,0,6,0,0,1.2757620055744519,3.139721610294144,0,0,1,performanz,regulation
1429,2025-11-25 17:10:00,19,0,6,0,0,2.687680661485731,3.139721610294144,0,0,1,regulation,motivation
1398,2025-12-16 17:10:00,19,0,6,0,0,1.2681012068335171,3.139721610294144,0,0,1,motivation,regulation
1400,2025-12-16 17:10:00,19,0,6,0,0,1.6423890400031114,3.139721610294144,0,0,1,regulation,kognition
2575,2025-09-03 17:10:00,19,0,18,0,0,1.455398095809302,2.6703433080609336,0,0,1,kognition,performanz
2564,2025-09-10 17:10:00,19,0,18,0,0,1.6180823437362595,2.6703433080609336,0,0,1,performanz,kognition
2554,2025-09-17 17:10:00,19,0,18,0,0,1.0794921086282783,2.6703433080609336,0,0,1,kognition,regulation
2555,2025-09-17 17:10:00,19,0,18,0,1,6.358407582845924,2.6703433080609336,1,1,1,regulation,performanz
2556,2025-09-17 17:10:00,19,0,18,1,0,5.4852914448367525,2.6703433080609336,1,1,1,performanz,kognition
2557,2025-09-17 17:10:00,19,0,18,0,0,0.8499122010295438,2.6703433080609336,0,0,1,kognition,regulation
2549,2025-09-24 17:10:00,19,0,18,0,1,2.808635922411882,2.6703433080609336,1,0,0,regulation,regulation
2550,2025-09-24 17:10:00,19,0,18,1,0,2.3159292221019823,2.6703433080609336,1,0,1,regulation,kognition
2540,2025-10-01 17:10:00,19,0,18,0,0,1.8433098403658832,2.6703433080609336,0,0,1,kognition,performanz
2542,2025-10-01 17:10:00,19,0,18,0,0,1.2831292656095754,2.6703433080609336,0,0,1,performanz,kognition
2543,2025-10-01 17:10:00,19,0,18,0,0,0.9141442051132863,2.6703433080609336,0,0,1,kognition,performanz
2518,2025-10-29 17:10:00,19,0,18,0,0,1.471455474807613,2.6703433080609336,0,0,1,performanz,kognition
2519,2025-10-29 17:10:00,19,0,18,0,0,1.6670799166670083,2.6703433080609336,0,0,1,kognition,motivation
2520,2025-10-29 17:10:00,19,0,18,0,0,1.7245923698033763,2.6703433080609336,0,0,1,motivation,kognition
2508,2025-11-05 17:10:00,19,0,18,0,0,1.500007800274976,2.6703433080609336,0,0,1,kognition,regulation
2509,2025-11-05 17:10:00,19,0,18,0,0,2.3663310846447585,2.6703433080609336,0,0,1,regulation,kognition
2510,2025-11-05 17:10:00,19,0,18,0,0,1.4500234993716374,2.6703433080609336,0,0,1,kognition,regulation
2511,2025-11-05 17:10:00,19,0,18,0,0,2.969023003500621,2.6703433080609336,0,0,1,regulation,kognition
2498,2025-11-12 17:10:00,19,0,18,0,0,2.05275295727331,2.6703433080609336,0,0,1,kognition,motivation
2502,2025-11-12 17:10:00,19,0,18,0,0,2.2964834387546933,2.6703433080609336,0,0,1,motivation,kognition
2489,2025-11-26 17:10:00,19,0,18,0,0,2.436156816893099,2.6703433080609336,0,0,1,kognition,motivation
2490,2025-11-26 17:10:00,19,0,18,0,0,1.4027741541394492,2.6703433080609336,0,0,1,motivation,regulation
2491,2025-11-26 17:10:00,19,0,18,0,0,0.6655695828355372,2.6703433080609336,0,0,1,regulation,performanz
2492,2025-11-26 17:10:00,19,0,18,0,0,1.4338235093137908,2.6703433080609336,0,0,1,performanz,regulation
2478,2025-12-03 17:10:00,19,0,18,0,0,1.1823322503502776,2.6703433080609336,0,0,1,regulation,performanz
2481,2025-12-03 17:10:00,19,0,18,0,0,1.4482924810787714,2.6703433080609336,0,0,1,performanz,kognition
2482,2025-12-03 17:10:00,19,0,18,0,0,1.2914638179909206,2.6703433080609336,0,0,1,kognition,performanz
2470,2025-12-10 17:10:00,19,0,18,0,0,0.6592254529832223,2.6703433080609336,0,0,1,performanz,kognition
2465,2025-12-17 17:10:00,19,0,18,0,0,2.7803440988943753,2.6703433080609336,0,0,0,kognition,kognition
2467,2025-12-17 17:10:00,19,0,18,0,0,1.5258696740951099,2.6703433080609336,0,0,1,kognition,performanz
2460,2026-01-07 17:10:00,19,0,18,0,0,1.3418816914863372,2.6703433080609336,0,0,1,performanz,kognition
2463,2026-01-07 17:10:00,19,0,18,0,0,1.6381043490816694,2.6703433080609336,0,0,1,kognition,regulation
2450,2026-01-14 17:10:00,19,0,18,0,0,0.9022884227427436,2.6703433080609336,0,0,1,regulation,kognition
2452,2026-01-14 17:10:00,19,0,18,0,0,2.5779789230970396,2.6703433080609336,0,0,1,kognition,regulation
2453,2026-01-14 17:10:00,19,0,18,0,0,1.1963628723413748,2.6703433080609336,0,0,1,regulation,motivation
2454,2026-01-14 17:10:00,19,0,18,0,0,2.681550760605368,2.6703433080609336,0,0,1,motivation,regulation
2440,2026-01-21 17:10:00,19,0,18,0,0,2.6793166152268686,2.6703433080609336,0,0,1,regulation,performanz
2442,2026-01-21 17:10:00,19,0,18,0,0,2.006330899116981,2.6703433080609336,0,0,1,performanz,kognition
2444,2026-01-21 17:10:00,19,0,18,0,0,0.5622207458156135,2.6703433080609336,0,0,1,kognition,regulation
2436,2026-01-28 17:10:00,19,0,18,0,0,1.1665788017328147,2.6703433080609336,0,0,1,regulation,performanz
2437,2026-01-28 17:10:00,19,0,18,0,0,1.329951788960835,2.6703433080609336,0,0,1,performanz,kognition
2439,2026-01-28 17:10:00,19,0,18,0,0,2.8231673037152216,2.6703433080609336,0,0,1,kognition,regulation
1549,2026-01-21 17:10:00,19,0,20,0,0,0.9995381866510487,1.7994284867312946,0,0,1,kognition,performanz
1550,2026-01-21 17:10:00,19,0,20,0,0,1.225222954038695,1.7994284867312946,0,0,1,performanz,regulation
1551,2026-01-21 17:10:00,19,0,20,0,0,1.4047168265007888,1.7994284867312946,0,0,1,regulation,motivation
1538,2026-01-28 17:10:00,19,0,20,0,0,2.4110039432577994,1.7994284867312946,0,0,1,motivation,performanz
1539,2026-01-28 17:10:00,19,0,20,0,0,0.7469995228923184,1.7994284867312946,0,0,1,performanz,kognition
1540,2026-01-28 17:10:00,19,0,20,0,0,0.9218237563623838,1.7994284867312946,0,0,1,kognition,performanz
1541,2026-01-28 17:10:00,19,0,20,0,0,1.345201564309583,1.7994284867312946,0,0,1,performanz,kognition
1342,2026-01-06 15:35:00,19,1,3,0,0,1.7324648248744388,2.1957248800013036,0,0,1,kognition,methodik
1343,2026-01-06 15:35:00,19,1,3,0,0,3.1871102335791406,2.1957248800013036,0,0,1,methodik,kognition
1344,2026-01-06 15:35:00,19,1,3,0,0,1.8947126020190304,2.1957248800013036,0,0,1,kognition,performanz
1345,2026-01-06 15:35:00,19,1,3,0,0,1.0791379303082629,2.1957248800013036,0,0,1,performanz,kognition
1338,2026-01-13 15:35:00,19,1,3,0,0,1.388910500997883,2.1957248800013036,0,0,1,kognition,regulation
1339,2026-01-13 15:35:00,19,1,3,0,0,1.423968691589525,2.1957248800013036,0,0,1,regulation,sozial
1340,2026-01-13 15:35:00,19,1,3,0,0,2.3277596294669176,2.1957248800013036,0,0,1,sozial,performanz
1332,2026-01-27 15:35:00,19,1,3,0,0,0.8560561201302268,2.1957248800013036,0,0,1,performanz,kognition
1334,2026-01-27 15:35:00,19,1,3,0,0,1.5168037773894125,2.1957248800013036,0,0,1,kognition,regulation
1335,2026-01-27 15:35:00,19,1,3,0,0,1.721039894600562,2.1957248800013036,0,0,1,regulation,performanz
1022,2025-12-15 17:10:00,19,2,16,0,0,1.2886213509650337,2.2490381438070424,0,0,1,kognition,regulation
1023,2025-12-15 17:10:00,19,2,16,0,0,2.180057408986347,2.2490381438070424,0,0,1,regulation,kognition
1024,2025-12-15 17:10:00,19,2,16,0,0,2.29536884696646,2.2490381438070424,0,0,1,kognition,sozial
1025,2025-12-15 17:10:00,19,2,16,0,0,1.5384234789002496,2.2490381438070424,0,0,1,sozial,kognition
1855,2025-12-15 17:10:00,19,2,23,0,0,2.6100315032317774,3.0433329397142312,0,0,1,kognition,motivation
1856,2025-12-15 17:10:00,19,2,23,0,0,3.212855717026073,3.0433329397142312,0,0,1,motivation,kognition
1857,2025-12-15 17:10:00,19,2,23,0,0,2.026088771557969,3.0433329397142312,0,0,1,kognition,performanz
1397,2025-12-17 15:35:00,19,3,6,0,0,1.9471469098747967,2.0920739177211916,0,0,1,performanz,motivation
1389,2026-01-07 15:35:00,19,3,6,0,0,1.0108186765275018,2.0920739177211916,0,0,1,motivation,kognition
1390,2026-01-07 15:35:00,19,3,6,0,0,1.3258233518065121,2.0920739177211916,0,0,1,kognition,regulation
1392,2026-01-07 15:35:00,19,3,6,0,0,1.1683872940189073,2.0920739177211916,0,0,1,regulation,performanz
1393,2026-01-07 15:35:00,19,3,6,0,0,1.8232022000239014,2.0920739177211916,0,0,1,performanz,motivation
1384,2026-01-14 15:35:00,19,3,6,0,0,1.3808041071179487,2.0920739177211916,0,0,1,motivation,kognition
1386,2026-01-14 15:35:00,19,3,6,0,0,1.0778641856204325,2.0920739177211916,0,0,1,kognition,performanz
1387,2026-01-14 15:35:00,19,3,6,0,0,0.6676833897063849,2.0920739177211916,0,0,1,performanz,kognition
1367,2026-01-28 15:35:00,19,3,6,0,0,3.114369746025221,2.0920739177211916,0,0,0,kognition,kognition
1368,2026-01-28 15:35:00,19,3,6,0,1,1.5330722286824219,2.0920739177211916,1,0,1,kognition,regulation
1369,2026-01-28 15:35:00,19,3,6,1,0,2.3359108626748513,2.0920739177211916,1,0,1,regulation,motivation
1370,2026-01-28 15:35:00,19,3,6,0,0,1.44357385918873,2.0920739177211916,0,0,1,motivation,kognition
1371,2026-01-28 15:35:00,19,3,6,0,0,0.6400309694939929,2.0920739177211916,0,0,1,kognition,performanz
1710,2025-12-17 15:35:00,19,3,11,0,1,3.7220711113283875,2.7920304944223067,1,0,0,regulation,regulation
1711,2025-12-17 15:35:00,19,3,11,1,0,3.82287974077992,2.7920304944223067,1,0,0,regulation,regulation
1712,2025-12-17 15:35:00,19,3,11,0,0,1.5569291556147877,2.7920304944223067,0,0,1,regulation,kognition
1713,2025-12-17 15:35:00,19,3,11,0,0,2.85802980126865,2.7920304944223067,0,0,0,kognition,kognition
1705,2026-01-07 15:35:00,19,3,11,0,0,1.7929068597774438,2.7920304944223067,0,0,1,kognition,performanz
1708,2026-01-07 15:35:00,19,3,11,0,0,1.0329038799888588,2.7920304944223067,0,0,1,performanz,kognition
1699,2026-01-14 15:35:00,19,3,11,0,0,1.2701263381862251,2.7920304944223067,0,0,1,kognition,performanz
1700,2026-01-14 15:35:00,19,3,11,0,0,2.338424886297413,2.7920304944223067,0,0,1,performanz,kognition
1701,2026-01-14 15:35:00,19,3,11,0,0,1.89948085843887,2.7920304944223067,0,0,1,kognition,motivation
1703,2026-01-14 15:35:00,19,3,11,0,0,1.5785595275476674,2.7920304944223067,0,0,1,motivation,kognition
1683,2026-01-28 15:35:00,19,3,11,0,0,2.1597428177350673,2.7920304944223067,0,0,1,kognition,motivation
1667,2025-12-10 17:10:00,19,4,13,0,0,2.0342893072993076,2.917999319080593,0,0,1,kognition,performanz
1668,2025-12-10 17:10:00,19,4,13,0,0,2.962383770541419,2.917999319080593,0,0,1,performanz,motivation
1669,2025-12-10 17:10:00,19,4,13,0,0,2.681550760605368,2.917999319080593,0,0,1,motivation,regulation
1019,2026-01-08 17:10:00,19,6,16,0,0,1.4840456578129668,1.3932242417162628,0,0,1,kognition,regulation
1020,2026-01-08 17:10:00,19,6,16,0,0,1.0387956866301027,1.3932242417162628,0,0,1,regulation,performanz
2456,2026-01-08 17:10:00,19,6,18,0,0,1.6922591497226553,1.4812056869418901,0,0,1,performanz,kognition
2457,2026-01-08 17:10:00,19,6,18,0,0,0.6729060797152785,1.4812056869418901,0,0,1,kognition,regulation
2458,2026-01-08 17:10:00,19,6,18,0,0,0.823055927370214,1.4812056869418901,0,0,1,regulation,motivation
2459,2026-01-08 17:10:00,19,6,18,0,0,1.1691718031533689,1.4812056869418901,0,0,1,motivation,methodik
2956,2026-01-08 17:10:00,19,6,19,0,0,3.34960061987404,3.5558804435705147,0,0,1,performanz,kognition
2957,2026-01-08 17:10:00,19,6,19,0,0,3.1447655837133017,3.5558804435705147,0,0,1,kognition,performanz
2958,2026-01-08 17:10:00,19,6,19,0,0,1.0356507664124728,3.5558804435705147,0,0,1,performanz,kognition
2178,2026-01-09 15:35:00,19,7,24,0,0,1.3361049406163086,1.5441220342105628,0,0,1,regulation,kognition
2181,2026-01-09 15:35:00,19,7,24,0,0,1.6317691082046912,1.5441220342105628,0,0,0,kognition,kognition
492,2025-09-18 17:10:00,20,0,8,0,0,1.4747686308831385,3.97165154582713,0,0,1,performanz,kognition
494,2025-09-18 17:10:00,20,0,8,0,1,3.695323582182954,3.97165154582713,1,1,1,kognition,regulation
495,2025-09-18 17:10:00,20,0,8,1,0,4.220420699351465,3.97165154582713,1,1,1,regulation,kognition
496,2025-09-18 17:10:00,20,0,8,0,0,1.4638529615192455,3.97165154582713,0,0,1,kognition,performanz
2905,2025-09-18 17:10:00,20,6,22,0,0,0.8264654995541498,1.6407023484452286,0,0,1,performanz,kognition
2907,2025-09-18 17:10:00,20,6,22,0,0,1.616898897771566,1.6407023484452286,0,0,1,kognition,regulation
2908,2025-09-18 17:10:00,20,6,22,0,0,1.6782361401563377,1.6407023484452286,0,0,1,regulation,performanz
2909,2025-09-18 17:10:00,20,6,22,0,0,1.3460304697826793,1.6407023484452286,0,0,1,performanz,kognition
2678,2025-11-03 17:10:00,21,0,17,0,0,1.6006631451315136,2.997682016618494,0,0,1,regulation,kognition
2679,2025-11-03 17:10:00,21,0,17,0,0,1.0841762984074557,2.997682016618494,0,0,1,kognition,performanz
2680,2025-11-03 17:10:00,21,0,17,0,0,1.061694891684846,2.997682016618494,0,0,1,performanz,methodik
2681,2025-11-03 17:10:00,21,0,17,0,0,0.6747297152022778,2.997682016618494,0,0,1,methodik,performanz
2666,2025-11-17 17:10:00,21,0,17,0,0,1.7495522446651912,2.997682016618494,0,0,1,performanz,kognition
2667,2025-11-17 17:10:00,21,0,17,0,0,2.3321048025897197,2.997682016618494,0,0,1,kognition,methodik
2655,2025-11-24 17:10:00,21,0,17,0,0,1.0682971004212543,2.997682016618494,0,0,1,methodik,kognition
2657,2025-11-24 17:10:00,21,0,17,0,1,7.022896638975795,2.997682016618494,1,1,1,kognition,regulation
2658,2025-11-24 17:10:00,21,0,17,1,0,6.333189215306157,2.997682016618494,1,1,1,regulation,kognition
2659,2025-11-24 17:10:00,21,0,17,0,0,0.9953458555480452,2.997682016618494,0,0,1,kognition,performanz
2641,2025-12-08 17:10:00,21,0,17,0,0,0.9446258884500168,2.997682016618494,0,0,1,performanz,kognition
2644,2025-12-08 17:10:00,21,0,17,0,0,2.295728265124178,2.997682016618494,0,0,1,kognition,regulation
2632,2025-12-15 17:10:00,21,0,17,0,0,1.0493966430850343,2.997682016618494,0,0,1,regulation,performanz
2633,2025-12-15 17:10:00,21,0,17,0,0,1.2417784848091855,2.997682016618494,0,0,1,performanz,kognition
2634,2025-12-15 17:10:00,21,0,17,0,0,1.5573556829281436,2.997682016618494,0,0,1,kognition,regulation
2621,2025-12-22 17:10:00,21,0,17,0,0,0.9742813994039149,2.997682016618494,0,0,1,regulation,kognition
2622,2025-12-22 17:10:00,21,0,17,0,0,1.1138732997203455,2.997682016618494,0,0,1,kognition,regulation
2623,2025-12-22 17:10:00,21,0,17,0,0,0.7919972763386889,2.997682016618494,0,0,1,regulation,performanz
2624,2025-12-22 17:10:00,21,0,17,0,0,0.902701489065701,2.997682016618494,0,0,1,performanz,regulation
2625,2025-12-22 17:10:00,21,0,17,0,0,2.034286294894603,2.997682016618494,0,0,1,regulation,motivation
2606,2026-01-12 17:10:00,21,0,17,0,0,1.8957913480224453,2.997682016618494,0,0,1,motivation,kognition
2608,2026-01-12 17:10:00,21,0,17,0,0,1.624685295116717,2.997682016618494,0,0,1,kognition,regulation
2609,2026-01-12 17:10:00,21,0,17,0,0,2.4731806031404107,2.997682016618494,0,0,1,regulation,motivation
2610,2026-01-12 17:10:00,21,0,17,0,0,1.1467727535288732,2.997682016618494,0,0,1,motivation,kognition
2597,2026-01-19 17:10:00,21,0,17,0,0,1.3438436104814238,2.997682016618494,0,0,1,kognition,performanz
2598,2026-01-19 17:10:00,21,0,17,0,0,0.9310857793777652,2.997682016618494,0,0,1,performanz,kognition
2599,2026-01-19 17:10:00,21,0,17,0,0,1.4142713957015174,2.997682016618494,0,0,1,kognition,regulation
2600,2026-01-19 17:10:00,21,0,17,0,0,1.4237006552194647,2.997682016618494,0,0,1,regulation,motivation
2601,2026-01-19 17:10:00,21,0,17,0,0,1.33309070625805,2.997682016618494,0,0,1,motivation,performanz
2054,2025-11-03 17:10:00,21,0,47,0,1,5.44130429936055,4.19055847886522,1,1,1,kognition,performanz
2055,2025-11-03 17:10:00,21,0,47,1,0,5.894204093411732,4.19055847886522,1,1,0,performanz,performanz
2056,2025-11-03 17:10:00,21,0,47,0,0,0.18283233001342153,4.19055847886522,0,0,1,performanz,regulation
2057,2025-11-03 17:10:00,21,0,47,0,0,1.1841161913373937,4.19055847886522,0,0,1,regulation,performanz
2044,2025-11-10 17:10:00,21,0,47,0,0,1.3750228795561827,4.19055847886522,0,0,1,performanz,kognition
2744,2025-09-01 17:10:00,22,0,17,0,0,0.7480557360426573,4.129954769547335,0,0,1,performanz,kognition
2747,2025-09-01 17:10:00,22,0,17,0,1,4.694392811853502,4.129954769547335,1,1,0,kognition,kognition
2728,2025-09-15 17:10:00,22,0,17,1,0,5.1871845097387475,4.129954769547335,1,1,1,kognition,performanz
2729,2025-09-15 17:10:00,22,0,17,0,0,2.092770325051743,4.129954769547335,0,0,1,performanz,kognition
1166,2025-12-18 17:10:00,23,0,4,0,0,0.6652043938895361,1.567325471713469,0,0,1,regulation,kognition
1167,2025-12-18 17:10:00,23,0,4,0,0,1.7081733534947918,1.567325471713469,0,0,1,kognition,motivation
1303,2025-12-12 17:10:00,23,0,15,0,0,1.1757121796417966,1.4915212966338256,0,0,1,kognition,regulation
1304,2025-12-12 17:10:00,23,0,15,0,0,1.293770156488673,1.4915212966338256,0,0,1,regulation,kognition
1305,2025-12-12 17:10:00,23,0,15,0,0,1.5441887665734328,1.4915212966338256,0,0,0,kognition,kognition
1073,2026-01-06 17:10:00,23,0,21,0,0,0.8782341415952775,1.4012398616507742,0,0,1,performanz,kognition
1075,2026-01-06 17:10:00,23,0,21,0,0,1.5525360318396453,1.4012398616507742,0,0,1,kognition,performanz
1070,2026-01-13 17:10:00,23,0,21,0,0,0.7164012590188886,1.4012398616507742,0,0,1,performanz,kognition
1071,2026-01-13 17:10:00,23,0,21,0,0,0.778908407580954,1.4012398616507742,0,0,1,kognition,methodik
1063,2026-01-20 17:10:00,23,0,21,0,0,0.9822676078840329,1.4012398616507742,0,0,1,methodik,kognition
1065,2026-01-20 17:10:00,23,0,21,0,0,1.4321746608404606,1.4012398616507742,0,0,1,kognition,performanz
1067,2026-01-20 17:10:00,23,0,21,0,0,1.403988379356413,1.4012398616507742,0,0,1,performanz,kognition
1015,2026-01-13 15:35:00,23,1,16,0,0,1.5845623400285933,2.9556630771022334,0,0,1,performanz,kognition
1007,2026-01-20 15:35:00,23,1,16,0,0,2.9556630771022334,2.9556630771022334,0,0,0,kognition,kognition
1595,2026-01-06 17:10:00,23,2,5,0,0,1.831794592720972,5.553435475916044,0,0,1,kognition,methodik
1596,2026-01-06 17:10:00,23,2,5,0,0,2.1706243924903363,5.553435475916044,0,0,1,methodik,kognition
1598,2026-01-06 17:10:00,23,2,5,0,0,0.9919040285992076,5.553435475916044,0,0,1,kognition,performanz
1599,2026-01-06 17:10:00,23,2,5,0,1,8.001740222409017,5.553435475916044,1,1,1,performanz,motivation
1481,2026-01-06 17:10:00,23,2,8,0,0,1.135106945308067,1.4062290699253124,0,0,1,performanz,regulation
1482,2026-01-06 17:10:00,23,2,8,0,0,1.793221318431251,1.4062290699253124,0,0,1,regulation,kognition
1483,2026-01-06 17:10:00,23,2,8,0,0,1.433881725298991,1.4062290699253124,0,0,1,kognition,performanz
1484,2026-01-06 17:10:00,23,2,8,0,0,1.3826189557630821,1.4062290699253124,0,0,1,performanz,regulation
1471,2026-01-13 17:10:00,23,2,8,0,0,1.463252783839486,1.4062290699253124,0,0,0,regulation,regulation
1472,2026-01-13 17:10:00,23,2,8,0,0,1.0994541105750593,1.4062290699253124,0,0,1,regulation,performanz
1473,2026-01-13 17:10:00,23,2,8,0,0,0.989259317012034,1.4062290699253124,0,0,1,performanz,regulation
1474,2026-01-13 17:10:00,23,2,8,0,0,0.8534811361160477,1.4062290699253124,0,0,1,regulation,motivation
1461,2026-01-20 17:10:00,23,2,8,0,0,0.8620541224880384,1.4062290699253124,0,0,1,motivation,performanz
1464,2026-01-20 17:10:00,23,2,8,0,0,1.0696494547559254,1.4062290699253124,0,0,1,performanz,kognition
1453,2026-01-27 17:10:00,23,2,8,0,0,0.9277806543316452,1.4062290699253124,0,0,1,kognition,performanz
1455,2026-01-27 17:10:00,23,2,8,0,0,1.0449281418580465,1.4062290699253124,0,0,1,performanz,regulation
1456,2026-01-27 17:10:00,23,2,8,0,0,0.9172002876330999,1.4062290699253124,0,0,1,regulation,performanz
1776,2026-01-06 17:10:00,23,2,9,0,0,1.3560727104716548,1.742736526635226,0,0,1,kognition,regulation
1778,2026-01-06 17:10:00,23,2,9,0,0,1.8414010258632114,1.742736526635226,0,0,1,regulation,performanz
1764,2026-01-13 17:10:00,23,2,9,0,0,1.1967317287797212,1.742736526635226,0,0,1,performanz,regulation
1765,2026-01-13 17:10:00,23,2,9,0,0,1.308955397911683,1.742736526635226,0,0,1,regulation,kognition
1766,2026-01-13 17:10:00,23,2,9,0,0,1.1824769833768827,1.742736526635226,0,0,1,kognition,performanz
1767,2026-01-13 17:10:00,23,2,9,0,0,0.7215944345200145,1.742736526635226,0,0,1,performanz,kognition
1746,2026-01-27 17:10:00,23,2,9,0,0,0.9782981511575961,1.742736526635226,0,0,1,kognition,regulation
1747,2026-01-27 17:10:00,23,2,9,0,0,1.4653494041306956,1.742736526635226,0,0,1,regulation,kognition
1748,2026-01-27 17:10:00,23,2,9,0,0,1.7351240819302527,1.742736526635226,0,0,1,kognition,regulation
1749,2026-01-27 17:10:00,23,2,9,0,0,1.8255581320060954,1.742736526635226,0,0,1,regulation,kognition
1116,2026-01-14 15:35:00,23,3,10,0,0,1.6963050413896459,2.112479423144721,0,0,1,kognition,regulation
1117,2026-01-14 15:35:00,23,3,10,0,0,1.366276555713011,2.112479423144721,0,0,1,regulation,kognition
1112,2026-01-21 15:35:00,23,3,10,0,0,1.1882079631065687,2.112479423144721,0,0,1,kognition,motivation
1113,2026-01-21 15:35:00,23,3,10,0,0,2.264354860617233,2.112479423144721,0,0,1,motivation,kognition
2935,2026-01-28 15:35:00,23,3,10,0,0,2.879783462835665,2.112479423144721,0,0,1,kognition,performanz
2936,2026-01-28 15:35:00,23,3,10,0,0,1.141797800507844,2.112479423144721,0,0,1,performanz,regulation
2937,2026-01-28 15:35:00,23,3,10,0,0,1.1860571858793372,2.112479423144721,0,0,1,regulation,kognition
2938,2026-01-28 15:35:00,23,3,10,0,0,1.3926568730963336,2.112479423144721,0,0,1,kognition,regulation
2939,2026-01-28 15:35:00,23,3,10,0,0,1.5603969262546469,2.112479423144721,0,0,1,regulation,kognition
1932,2026-01-07 17:10:00,23,4,7,0,0,1.4472332159378314,2.4620728341025093,0,0,1,kognition,regulation
1933,2026-01-07 17:10:00,23,4,7,0,0,1.6025448076490143,2.4620728341025093,0,0,1,regulation,kognition
1935,2026-01-07 17:10:00,23,4,7,0,0,2.952038843433733,2.4620728341025093,0,0,1,kognition,motivation
1927,2026-01-14 17:10:00,23,4,7,0,0,2.9408116246951375,2.4620728341025093,0,0,1,motivation,regulation
1928,2026-01-14 17:10:00,23,4,7,0,0,1.6905272039952695,2.4620728341025093,0,0,1,regulation,motivation
1929,2026-01-14 17:10:00,23,4,7,0,0,2.060992745117161,2.4620728341025093,0,0,1,motivation,kognition
1923,2026-01-21 17:10:00,23,4,7,0,0,1.7045577406201429,2.4620728341025093,0,0,1,kognition,performanz
1924,2026-01-21 17:10:00,23,4,7,0,0,1.141797800507844,2.4620728341025093,0,0,1,performanz,regulation
1925,2026-01-21 17:10:00,23,4,7,0,0,1.2024954258241267,2.4620728341025093,0,0,1,regulation,kognition
2251,2025-12-17 17:10:00,23,4,12,0,0,2.0772606403971814,1.992983558076101,0,0,1,performanz,kognition
2252,2025-12-17 17:10:00,23,4,12,0,0,0.7721251899503027,1.992983558076101,0,0,1,kognition,performanz
2253,2025-12-17 17:10:00,23,4,12,0,0,0.8077453603130937,1.992983558076101,0,0,1,performanz,kognition
2239,2026-01-07 17:10:00,23,4,12,0,0,0.9964073940381595,1.992983558076101,0,0,1,kognition,regulation
2241,2026-01-07 17:10:00,23,4,12,0,0,1.305693696418793,1.992983558076101,0,0,1,regulation,performanz
2244,2026-01-07 17:10:00,23,4,12,0,0,0.8390287474341678,1.992983558076101,0,0,1,performanz,kognition
2245,2026-01-07 17:10:00,23,4,12,0,0,2.1480114502783616,1.992983558076101,0,0,1,kognition,regulation
2228,2026-01-14 17:10:00,23,4,12,0,0,1.0229595081756822,1.992983558076101,0,0,1,regulation,performanz
2229,2026-01-14 17:10:00,23,4,12,0,0,2.169096198427074,1.992983558076101,0,0,1,performanz,regulation
2230,2026-01-14 17:10:00,23,4,12,0,0,1.3430930121091849,1.992983558076101,0,0,1,regulation,performanz
2219,2026-01-21 17:10:00,23,4,12,0,0,1.9357803825850588,1.992983558076101,0,0,1,performanz,kognition
2220,2026-01-21 17:10:00,23,4,12,0,0,1.5380165857214991,1.992983558076101,0,0,1,kognition,regulation
2221,2026-01-21 17:10:00,23,4,12,0,0,1.0651469786718162,1.992983558076101,0,0,1,regulation,kognition
2222,2026-01-21 17:10:00,23,4,12,0,0,1.3617954404370112,1.992983558076101,0,0,1,kognition,regulation
2223,2026-01-21 17:10:00,23,4,12,0,0,1.7041382676016419,1.992983558076101,0,0,1,regulation,kognition
2214,2026-01-28 17:10:00,23,4,12,0,0,1.4679028078738028,1.992983558076101,0,0,1,kognition,performanz
2216,2026-01-28 17:10:00,23,4,12,0,0,2.873607223273509,1.992983558076101,0,0,1,performanz,motivation
2217,2026-01-28 17:10:00,23,4,12,0,0,2.0087447446760422,1.992983558076101,0,0,1,motivation,performanz
2218,2026-01-28 17:10:00,23,4,12,0,0,1.1711195455964956,1.992983558076101,0,0,1,performanz,kognition
1661,2025-12-17 17:10:00,23,4,13,0,0,1.7859649377706517,3.985060925250031,0,0,1,regulation,kognition
1662,2025-12-17 17:10:00,23,4,13,0,0,1.4222911905766404,3.985060925250031,0,0,1,kognition,performanz
1663,2025-12-17 17:10:00,23,4,13,0,0,1.2760285546844525,3.985060925250031,0,0,1,performanz,kognition
1654,2026-01-07 17:10:00,23,4,13,0,0,1.7257991881676287,3.985060925250031,0,0,1,kognition,performanz
1655,2026-01-07 17:10:00,23,4,13,0,0,1.1501263609661834,3.985060925250031,0,0,1,performanz,kognition
1656,2026-01-07 17:10:00,23,4,13,0,0,0.803214533460052,3.985060925250031,0,0,1,kognition,regulation
1657,2026-01-07 17:10:00,23,4,13,0,0,1.6101065653927062,3.985060925250031,0,0,1,regulation,performanz
1649,2026-01-14 17:10:00,23,4,13,0,0,1.7253878987253561,3.985060925250031,0,0,1,performanz,kognition
1651,2026-01-14 17:10:00,23,4,13,0,0,1.4618233117347261,3.985060925250031,0,0,1,kognition,performanz
1652,2026-01-14 17:10:00,23,4,13,0,0,1.8995418677973466,3.985060925250031,0,0,1,performanz,regulation
1653,2026-01-14 17:10:00,23,4,13,0,0,1.1954873286799013,3.985060925250031,0,0,1,regulation,methodik
1644,2026-01-21 17:10:00,23,4,13,0,1,8.415733770612892,3.985060925250031,1,1,1,methodik,regulation
1645,2026-01-21 17:10:00,23,4,13,1,0,6.494617517562845,3.985060925250031,1,1,0,regulation,regulation
1646,2026-01-21 17:10:00,23,4,13,0,0,3.307097237020657,3.985060925250031,0,0,1,regulation,performanz
1647,2026-01-21 17:10:00,23,4,13,0,0,0.6726350652316007,3.985060925250031,0,0,1,performanz,kognition
1648,2026-01-21 17:10:00,23,4,13,0,0,3.1806026167726427,3.985060925250031,0,0,1,kognition,regulation
1640,2026-01-28 17:10:00,23,4,13,0,0,3.052970353306794,3.985060925250031,0,0,1,regulation,kognition
1641,2026-01-28 17:10:00,23,4,13,0,0,0.9383782817302022,3.985060925250031,0,0,1,kognition,performanz
1643,2026-01-28 17:10:00,23,4,13,0,0,2.4096586577184596,3.985060925250031,0,0,1,performanz,regulation
3043,2025-12-17 17:10:00,23,4,14,0,0,1.831794592720972,2.4534518585330516,0,0,1,kognition,methodik
3044,2025-12-17 17:10:00,23,4,14,0,0,0.6569735685948656,2.4534518585330516,0,0,1,methodik,regulation
3045,2025-12-17 17:10:00,23,4,14,0,0,0.8755200172632616,2.4534518585330516,0,0,1,regulation,kognition
3046,2025-12-17 17:10:00,23,4,14,0,0,3.077160433075124,2.4534518585330516,0,0,0,kognition,kognition
3036,2026-01-07 17:10:00,23,4,14,0,0,2.4817538529934984,2.4534518585330516,0,0,1,kognition,regulation
3038,2026-01-07 17:10:00,23,4,14,0,0,1.7954974750231203,2.4534518585330516,0,0,1,regulation,kognition
3039,2026-01-07 17:10:00,23,4,14,0,0,2.2657181121338152,2.4534518585330516,0,0,1,kognition,regulation
3040,2026-01-07 17:10:00,23,4,14,0,0,1.0667357796320678,2.4534518585330516,0,0,1,regulation,performanz
2790,2026-01-07 17:10:00,23,4,22,0,0,1.4457281291628228,1.5884386270803652,0,0,1,performanz,motivation
2778,2026-01-14 17:10:00,23,4,22,0,0,1.3501835126510664,1.5884386270803652,0,0,1,motivation,performanz
2781,2026-01-14 17:10:00,23,4,22,0,0,1.8130781288076812,1.5884386270803652,0,0,0,performanz,performanz
2773,2026-01-21 17:10:00,23,4,22,0,0,1.049359252059768,1.5884386270803652,0,0,1,performanz,regulation
2774,2026-01-21 17:10:00,23,4,22,0,0,1.308955397911683,1.5884386270803652,0,0,1,regulation,kognition
2775,2026-01-21 17:10:00,23,4,22,0,0,1.6449793517704905,1.5884386270803652,0,0,0,kognition,kognition
2777,2026-01-21 17:10:00,23,4,22,0,0,1.0868294466947455,1.5884386270803652,0,0,1,kognition,performanz
2765,2026-01-28 17:10:00,23,4,22,0,0,0.7040624276948606,1.5884386270803652,0,0,1,performanz,kognition
2766,2026-01-28 17:10:00,23,4,22,0,0,1.272446126855214,1.5884386270803652,0,0,1,kognition,performanz
2767,2026-01-28 17:10:00,23,4,22,0,0,1.6210133541663199,1.5884386270803652,0,0,1,performanz,motivation
1787,2025-12-18 15:35:00,23,5,9,0,0,1.6507405606112313,2.013372182980884,0,0,1,performanz,regulation
1788,2025-12-18 15:35:00,23,5,9,0,0,1.1550508863076154,2.013372182980884,0,0,1,regulation,kognition
1770,2026-01-08 15:35:00,23,5,9,0,0,1.568000421754671,2.013372182980884,0,0,1,kognition,regulation
1771,2026-01-08 15:35:00,23,5,9,0,0,1.662844852696893,2.013372182980884,0,0,1,regulation,performanz
1772,2026-01-08 15:35:00,23,5,9,0,0,2.0841568322345037,2.013372182980884,0,0,1,performanz,kognition
1760,2026-01-15 15:35:00,23,5,9,0,0,2.841308583701187,2.013372182980884,0,0,1,kognition,methodik
1761,2026-01-15 15:35:00,23,5,9,0,0,1.748715448403265,2.013372182980884,0,0,1,methodik,performanz
1762,2026-01-15 15:35:00,23,5,9,0,0,1.1323705163027489,2.013372182980884,0,0,1,performanz,kognition
1750,2026-01-22 15:35:00,23,5,9,0,0,1.878093345074475,2.013372182980884,0,0,1,kognition,performanz
1751,2026-01-22 15:35:00,23,5,9,0,0,0.5048349524274975,2.013372182980884,0,0,1,performanz,kognition
1752,2026-01-22 15:35:00,23,5,9,0,0,1.646394232537651,2.013372182980884,0,0,1,kognition,regulation
1753,2026-01-22 15:35:00,23,5,9,0,0,1.4154430366512962,2.013372182980884,0,0,1,regulation,performanz
1754,2026-01-22 15:35:00,23,5,9,0,0,1.3727018519801535,2.013372182980884,0,0,1,performanz,kognition
1742,2026-01-29 15:35:00,23,5,9,0,0,0.881510393503535,2.013372182980884,0,0,1,kognition,performanz
1743,2026-01-29 15:35:00,23,5,9,0,0,1.141797800507844,2.013372182980884,0,0,1,performanz,regulation
1744,2026-01-29 15:35:00,23,5,9,0,0,1.3636358066274008,2.013372182980884,0,0,1,regulation,performanz
1745,2026-01-29 15:35:00,23,5,9,0,0,2.187491711114308,2.013372182980884,0,0,0,performanz,performanz
1119,2026-01-08 15:35:00,23,5,10,0,0,1.9866867102072145,5.904624453502963,0,0,1,performanz,regulation
1120,2026-01-08 15:35:00,23,5,10,0,0,0.947140435283833,5.904624453502963,0,0,1,regulation,motivation
1121,2026-01-08 15:35:00,23,5,10,0,0,1.469274993567408,5.904624453502963,0,0,1,motivation,regulation
1105,2026-01-22 15:35:00,23,5,10,0,0,2.0785027469685584,5.904624453502963,0,0,1,regulation,kognition
1106,2026-01-22 15:35:00,23,5,10,0,1,5.822232653919824,5.904624453502963,1,1,1,kognition,performanz
1107,2026-01-22 15:35:00,23,5,10,1,0,4.846822478902426,5.904624453502963,1,1,1,performanz,motivation
1108,2026-01-22 15:35:00,23,5,10,0,0,1.7331781573571423,5.904624453502963,0,0,1,motivation,kognition
2930,2026-01-29 15:35:00,23,5,10,0,1,8.872718350111601,5.904624453502963,1,1,1,kognition,regulation
2931,2026-01-29 15:35:00,23,5,10,1,0,7.492044870056409,5.904624453502963,1,1,0,regulation,regulation
2933,2026-01-29 15:35:00,23,5,10,0,0,0.9531020314849836,5.904624453502963,0,0,1,regulation,performanz
1301,2026-01-08 15:35:00,23,5,15,0,0,1.4860416590312635,3.457643258977104,0,0,1,kognition,performanz
1296,2026-01-15 15:35:00,23,5,15,0,0,1.0868294466947455,3.457643258977104,0,0,1,performanz,kognition
1288,2026-01-22 15:35:00,23,5,15,0,0,1.264949529235229,3.457643258977104,0,0,1,kognition,regulation
1289,2026-01-22 15:35:00,23,5,15,0,0,1.662844852696893,3.457643258977104,0,0,1,regulation,performanz
1290,2026-01-22 15:35:00,23,5,15,0,0,2.344871596526247,3.457643258977104,0,0,1,performanz,regulation
1282,2026-01-29 15:35:00,23,5,15,0,0,1.6464987428286064,3.457643258977104,0,0,1,regulation,kognition
1284,2026-01-29 15:35:00,23,5,15,0,1,6.497314800823257,3.457643258977104,1,1,1,kognition,performanz
1285,2026-01-29 15:35:00,23,5,15,1,0,4.335865253085917,3.457643258977104,1,1,1,performanz,kognition
1286,2026-01-29 15:35:00,23,5,15,0,0,0.9727960320287917,3.457643258977104,0,0,1,kognition,regulation
1604,2025-12-17 17:10:00,23,6,5,0,0,1.5711417760180557,1.505211649694452,0,0,1,kognition,performanz
1590,2026-01-07 17:10:00,23,6,5,0,0,1.1914403917729972,1.505211649694452,0,0,1,performanz,kognition
1591,2026-01-07 17:10:00,23,6,5,0,0,0.9147797395756894,1.505211649694452,0,0,1,kognition,motivation
1592,2026-01-07 17:10:00,23,6,5,0,0,1.0228449394570063,1.505211649694452,0,0,1,motivation,kognition
1593,2026-01-07 17:10:00,23,6,5,0,0,1.5179439330877087,1.505211649694452,0,0,1,kognition,performanz
2793,2025-12-18 17:10:00,23,6,22,0,0,0.8054215574425982,2.1596585868128892,0,0,1,regulation,kognition
2796,2025-12-18 17:10:00,23,6,22,0,0,2.4579308935702375,2.1596585868128892,0,0,1,kognition,regulation
1403,2025-12-12 15:35:00,23,7,6,0,0,1.2772185354982561,1.9091208247114038,0,0,1,kognition,motivation
1404,2025-12-12 15:35:00,23,7,6,0,0,0.8161774908957349,1.9091208247114038,0,0,1,motivation,performanz
1372,2026-01-23 15:35:00,23,7,6,0,0,2.0824738223350217,1.9091208247114038,0,0,1,performanz,regulation
1374,2026-01-23 15:35:00,23,7,6,0,0,1.9736300345419138,1.9091208247114038,0,0,1,regulation,performanz
1716,2025-12-12 15:35:00,23,7,11,0,0,1.8188238134965053,2.1286554253955114,0,0,1,kognition,performanz
1717,2025-12-12 15:35:00,23,7,11,0,0,2.026088771557969,2.1286554253955114,0,0,1,performanz,kognition
1718,2025-12-12 15:35:00,23,7,11,0,0,0.8916748277572539,2.1286554253955114,0,0,1,kognition,performanz
1685,2026-01-23 15:35:00,23,7,11,0,0,1.5172275924708503,2.1286554253955114,0,0,1,performanz,regulation
1686,2026-01-23 15:35:00,23,7,11,0,0,2.107693375275079,2.1286554253955114,0,0,1,regulation,kognition
1687,2026-01-23 15:35:00,23,7,11,0,0,1.1946531980118096,2.1286554253955114,0,0,1,kognition,performanz
1688,2026-01-23 15:35:00,23,7,11,0,0,2.5351021387968036,2.1286554253955114,0,0,0,performanz,performanz
1546,2026-01-23 15:35:00,23,7,20,0,0,2.8922975355306373,2.577114463241391,0,0,1,kognition,performanz
2183,2025-12-12 15:35:00,23,7,24,0,0,0.9717027584712983,5.1358982924398315,0,0,1,performanz,kognition
2185,2025-12-12 15:35:00,23,7,24,0,0,1.9681955927380217,5.1358982924398315,0,0,1,kognition,performanz
2186,2025-12-12 15:35:00,23,7,24,0,1,5.234387027441621,5.1358982924398315,1,1,0,performanz,performanz
2169,2026-01-23 15:35:00,23,7,24,1,0,7.0092541699331345,5.1358982924398315,1,1,1,performanz,methodik
2170,2026-01-23 15:35:00,23,7,24,0,0,1.3758428435152468,5.1358982924398315,0,0,1,methodik,kognition
2171,2026-01-23 15:35:00,23,7,24,0,0,1.3311940790576213,5.1358982924398315,0,0,1,kognition,performanz
1533,2025-11-13 14:15:00,23,11,8,0,0,1.9221920544230782,2.9413761714161595,0,0,1,regulation,motivation
1534,2025-11-13 14:15:00,23,11,8,0,0,1.3367745957827284,2.9413761714161595,0,0,1,motivation,performanz
1535,2025-11-13 14:15:00,23,11,8,0,0,0.908255410301026,2.9413761714161595,0,0,1,performanz,methodik
1536,2025-11-13 14:15:00,23,11,8,0,0,1.4188141756587167,2.9413761714161595,0,0,1,methodik,kognition
1529,2025-11-20 14:15:00,23,11,8,0,1,3.8164618286200227,2.9413761714161595,1,0,0,kognition,kognition
1530,2025-11-20 14:15:00,23,11,8,1,0,3.2885678023820812,2.9413761714161595,1,0,1,kognition,regulation
1531,2025-11-20 14:15:00,23,11,8,0,0,1.634485545538557,2.9413761714161595,0,0,1,regulation,kognition
2701,2025-10-20 17:10:00,24,0,17,0,0,1.4050132514726612,1.334124504817105,0,0,0,kognition,kognition
1247,2026-01-05 15:35:00,24,1,43,0,0,1.153932038080011,1.8222200620768778,0,0,1,performanz,kognition
1249,2026-01-05 15:35:00,24,1,43,0,0,1.8209683769769032,1.8222200620768778,0,0,1,kognition,methodik
1487,2025-12-23 17:10:00,25,2,8,0,0,1.1254121129006465,2.2667828910995977,0,0,1,kognition,performanz
1488,2025-12-23 17:10:00,25,2,8,0,0,2.558133090546493,2.2667828910995977,0,0,1,performanz,regulation
1782,2025-12-23 17:10:00,25,2,9,0,0,1.308860758691089,3.125612281112601,0,0,1,methodik,regulation
1783,2025-12-23 17:10:00,25,2,9,0,0,3.125612281112601,3.125612281112601,0,0,1,regulation,kognition
1895,2026-01-05 17:10:00,26,0,45,0,0,1.4083478794427222,1.9170490513314598,0,0,1,performanz,kognition
1897,2026-01-05 17:10:00,26,0,45,0,0,1.2242527884738434,1.9170490513314598,0,0,1,kognition,performanz
1898,2026-01-05 17:10:00,26,0,45,0,0,2.4131327067353565,1.9170490513314598,0,0,1,performanz,motivation
1888,2026-01-12 17:10:00,26,0,45,0,0,1.256436979171405,1.9170490513314598,0,0,1,motivation,performanz
1889,2026-01-12 17:10:00,26,0,45,0,0,1.4856317171560365,1.9170490513314598,0,0,1,performanz,kognition
1890,2026-01-12 17:10:00,26,0,45,0,0,1.4049976443296948,1.9170490513314598,0,0,1,kognition,performanz
1882,2026-01-19 17:10:00,26,0,45,0,0,0.8284719113283673,1.9170490513314598,0,0,1,performanz,kognition
1883,2026-01-19 17:10:00,26,0,45,0,0,1.7929068597774438,1.9170490513314598,0,0,1,kognition,performanz
1885,2026-01-19 17:10:00,26,0,45,0,0,1.290678711047749,1.9170490513314598,0,0,1,performanz,motivation
1886,2026-01-19 17:10:00,26,0,45,0,0,1.6515031662674322,1.9170490513314598,0,0,1,motivation,kognition
1887,2026-01-19 17:10:00,26,0,45,0,0,1.471186828001834,1.9170490513314598,0,0,1,kognition,performanz
1877,2026-01-26 17:10:00,26,0,45,0,0,1.4146992931388886,1.9170490513314598,0,0,1,performanz,regulation
1878,2026-01-26 17:10:00,26,0,45,0,0,0.9852188099656084,1.9170490513314598,0,0,1,regulation,methodik
1879,2026-01-26 17:10:00,26,0,45,0,0,2.0264399993130198,1.9170490513314598,0,0,1,methodik,performanz
1880,2026-01-26 17:10:00,26,0,45,0,0,1.0879639832236516,1.9170490513314598,0,0,1,performanz,kognition
1881,2026-01-26 17:10:00,26,0,45,0,0,2.180971886592588,1.9170490513314598,0,0,1,kognition,performanz
2145,2025-11-11 17:10:00,28,0,40,0,0,1.7996144929308242,2.4538261242462176,0,0,1,performanz,methodik
2146,2025-11-11 17:10:00,28,0,40,0,0,2.27617600495336,2.4538261242462176,0,0,1,methodik,regulation
2147,2025-11-11 17:10:00,28,0,40,0,0,1.7842528856733508,2.4538261242462176,0,0,1,regulation,performanz
2148,2025-11-11 17:10:00,28,0,40,0,0,1.8135482341295153,2.4538261242462176,0,0,1,performanz,kognition
2134,2025-11-25 17:10:00,28,0,40,0,0,0.8037199517885225,2.4538261242462176,0,0,1,kognition,performanz
2135,2025-11-25 17:10:00,28,0,40,0,0,1.082396822350186,2.4538261242462176,0,0,1,performanz,kognition
2137,2025-11-25 17:10:00,28,0,40,0,0,2.4876121764966213,2.4538261242462176,0,0,0,kognition,kognition
2126,2025-12-02 17:10:00,28,0,40,0,0,1.726895578840224,2.4538261242462176,0,0,1,kognition,performanz
2127,2025-12-02 17:10:00,28,0,40,0,0,1.0892276847554565,2.4538261242462176,0,0,1,performanz,motivation
2116,2025-12-09 17:10:00,28,0,40,0,0,1.4760424192595685,2.4538261242462176,0,0,1,motivation,kognition
2117,2025-12-09 17:10:00,28,0,40,0,0,1.1626213141414503,2.4538261242462176,0,0,1,kognition,regulation
2118,2025-12-09 17:10:00,28,0,40,0,0,0.8603165363973074,2.4538261242462176,0,0,1,regulation,kognition
2119,2025-12-09 17:10:00,28,0,40,0,0,1.0518287943923261,2.4538261242462176,0,0,1,kognition,performanz
2107,2025-12-16 17:10:00,28,0,40,0,0,0.6412112234402755,2.4538261242462176,0,0,1,performanz,kognition
2108,2025-12-16 17:10:00,28,0,40,0,0,2.881068704667871,2.4538261242462176,0,0,1,kognition,regulation
2109,2025-12-16 17:10:00,28,0,40,0,0,2.0231686988578885,2.4538261242462176,0,0,1,regulation,performanz
2111,2025-12-16 17:10:00,28,0,40,0,0,0.844669384936443,2.4538261242462176,0,0,1,performanz,motivation
2082,2026-01-13 17:10:00,28,0,40,0,0,1.415179643099127,2.4538261242462176,0,0,1,motivation,performanz
2083,2026-01-13 17:10:00,28,0,40,0,0,1.9091929988937577,2.4538261242462176,0,0,1,performanz,kognition
2084,2026-01-13 17:10:00,28,0,40,0,0,2.0922729114459173,2.4538261242462176,0,0,1,kognition,regulation
2085,2026-01-13 17:10:00,28,0,40,0,0,1.9476148501084427,2.4538261242462176,0,0,1,regulation,kognition
2075,2026-01-20 17:10:00,28,0,40,0,1,2.386018208326653,2.4538261242462176,1,0,1,kognition,performanz
2076,2026-01-20 17:10:00,28,0,40,1,1,2.630577457889809,2.4538261242462176,0,1,0,performanz,performanz
2063,2026-01-27 17:10:00,28,0,40,1,0,4.067887236810533,2.4538261242462176,1,1,0,performanz,performanz
2064,2026-01-27 17:10:00,28,0,40,0,0,2.3427597931086663,2.4538261242462176,0,0,1,performanz,kognition
2065,2026-01-27 17:10:00,28,0,40,0,0,2.3519919405293424,2.4538261242462176,0,0,1,kognition,regulation
2066,2026-01-27 17:10:00,28,0,40,0,0,1.6509168172375712,2.4538261242462176,0,0,1,regulation,motivation
2067,2026-01-27 17:10:00,28,0,40,0,0,1.3008567717911685,2.4538261242462176,0,0,1,motivation,kognition
2099,2025-12-23 17:10:00,29,0,40,0,0,0.9693005721965284,1.5123535898665605,0,0,1,regulation,kognition
2100,2025-12-23 17:10:00,29,0,40,0,0,1.388910500997883,1.5123535898665605,0,0,1,kognition,regulation
2102,2025-12-23 17:10:00,29,0,40,0,0,1.4965052685555833,1.5123535898665605,0,0,1,regulation,performanz
2154,2025-11-04 17:10:00,30,0,40,0,0,1.6563652445434551,1.7968926893724895,0,0,1,kognition,performanz
2155,2025-11-04 17:10:00,30,0,40,0,0,1.5764938697455664,1.7968926893724895,0,0,1,performanz,kognition
2156,2025-11-04 17:10:00,30,0,40,0,0,1.8595379986403158,1.7968926893724895,0,0,1,kognition,performanz
2157,2025-11-04 17:10:00,30,0,40,0,0,1.0445107156181281,1.7968926893724895,0,0,1,performanz,motivation
