-- phpMyAdmin SQL Dump
-- version 4.5.2
-- http://www.phpmyadmin.net
--
-- Host: localhost
-- Erstellungszeit: 08. Nov 2025 um 02:02
-- Server-Version: 5.7.25
-- PHP-Version: 5.6.40

SET SQL_MODE = "NO_AUTO_VALUE_ON_ZERO";
SET time_zone = "+00:00";


/*!40101 SET @OLD_CHARACTER_SET_CLIENT=@@CHARACTER_SET_CLIENT */;
/*!40101 SET @OLD_CHARACTER_SET_RESULTS=@@CHARACTER_SET_RESULTS */;
/*!40101 SET @OLD_COLLATION_CONNECTION=@@COLLATION_CONNECTION */;
/*!40101 SET NAMES utf8mb4 */;

--
-- Datenbank: `usr_web411_2`
--

-- --------------------------------------------------------

--
-- Tabellenstruktur für Tabelle `frzk_group_hubs`
--

CREATE TABLE `frzk_group_hubs` (
  `id` int(11) NOT NULL,
  `unterrichtseinheit_id` int(11) NOT NULL,
  `gruppe_id` int(11) NOT NULL,
  `zeitpunkt` datetime NOT NULL,
  `hub_typ` varchar(50) DEFAULT NULL,
  `gewichtung` float DEFAULT NULL
) ENGINE=InnoDB DEFAULT CHARSET=utf8mb4;

-- --------------------------------------------------------

--
-- Tabellenstruktur für Tabelle `frzk_group_interdependenz`
--

CREATE TABLE `frzk_group_interdependenz` (
  `id` int(11) NOT NULL,
  `unterrichtseinheit_id` int(11) NOT NULL,
  `gruppe_id` int(11) NOT NULL,
  `zeitpunkt` datetime NOT NULL,
  `relation_typ` varchar(50) DEFAULT NULL,
  `staerke` float DEFAULT NULL,
  `kohärenz` float DEFAULT NULL
) ENGINE=InnoDB DEFAULT CHARSET=utf8mb4;

--
-- Daten für Tabelle `frzk_group_interdependenz`
--

INSERT INTO `frzk_group_interdependenz` (`id`, `unterrichtseinheit_id`, `gruppe_id`, `zeitpunkt`, `relation_typ`, `staerke`, `kohärenz`) VALUES
(1, 4, 4, '2025-11-04 17:10:00', 'Kognitiv', 2.0625, 0.807804),
(2, 4, 4, '2025-11-04 17:10:00', 'Sozial', 1.61911, 0.807804),
(3, 4, 4, '2025-11-04 17:10:00', 'Affektiv', 2.03571, 0.807804),
(4, 4, 4, '2025-11-04 17:10:00', 'Gesamt', 1.89357, 0.807804),
(5, 5, 5, '2025-11-03 15:35:00', 'Kognitiv', 2.07429, 0.880952),
(6, 5, 5, '2025-11-03 15:35:00', 'Sozial', 1.81429, 0.880952),
(7, 5, 5, '2025-11-03 15:35:00', 'Affektiv', 1.81429, 0.880952),
(8, 5, 5, '2025-11-03 15:35:00', 'Gesamt', 1.93286, 0.880952),
(9, 6, 2, '2025-11-03 17:10:00', 'Kognitiv', 1.9125, 0.834722),
(10, 6, 2, '2025-11-03 17:10:00', 'Sozial', 1.33854, 0.834722),
(11, 6, 2, '2025-11-03 17:10:00', 'Affektiv', 1.76042, 0.834722),
(12, 6, 2, '2025-11-03 17:10:00', 'Gesamt', 1.67646, 0.834722),
(13, 6, 6, '2025-10-29 17:10:00', 'Kognitiv', 1.77778, 0.839918),
(14, 6, 6, '2025-10-29 17:10:00', 'Sozial', 1.4537, 0.839918),
(15, 6, 6, '2025-10-29 17:10:00', 'Affektiv', 1.72222, 0.839918),
(16, 6, 6, '2025-10-29 17:10:00', 'Gesamt', 1.64889, 0.839918),
(17, 7, 7, '2025-11-04 17:10:00', 'Kognitiv', 1.98667, 0.799589),
(18, 7, 7, '2025-11-04 17:10:00', 'Sozial', 1.39822, 0.799589),
(19, 7, 7, '2025-11-04 17:10:00', 'Affektiv', 1.82222, 0.799589),
(20, 7, 7, '2025-11-04 17:10:00', 'Gesamt', 1.74422, 0.799589),
(21, 7, 8, '2025-11-03 17:10:00', 'Kognitiv', 2.03902, 0.808943),
(22, 7, 8, '2025-11-03 17:10:00', 'Sozial', 1.34146, 0.808943),
(23, 7, 8, '2025-11-03 17:10:00', 'Affektiv', 1.76829, 0.808943),
(24, 7, 8, '2025-11-03 17:10:00', 'Gesamt', 1.73585, 0.808943),
(25, 8, 2, '2025-11-03 17:10:00', 'Kognitiv', 1.9125, 0.834722),
(26, 8, 2, '2025-11-03 17:10:00', 'Sozial', 1.33854, 0.834722),
(27, 8, 2, '2025-11-03 17:10:00', 'Affektiv', 1.76042, 0.834722),
(28, 8, 2, '2025-11-03 17:10:00', 'Gesamt', 1.67646, 0.834722),
(29, 8, 4, '2025-11-04 17:10:00', 'Kognitiv', 2.0625, 0.807804),
(30, 8, 4, '2025-11-04 17:10:00', 'Sozial', 1.61911, 0.807804),
(31, 8, 4, '2025-11-04 17:10:00', 'Affektiv', 2.03571, 0.807804),
(32, 8, 4, '2025-11-04 17:10:00', 'Gesamt', 1.89357, 0.807804),
(33, 8, 7, '2025-11-04 17:10:00', 'Kognitiv', 1.98667, 0.799589),
(34, 8, 7, '2025-11-04 17:10:00', 'Sozial', 1.39822, 0.799589),
(35, 8, 7, '2025-11-04 17:10:00', 'Affektiv', 1.82222, 0.799589),
(36, 8, 7, '2025-11-04 17:10:00', 'Gesamt', 1.74422, 0.799589),
(37, 8, 8, '2025-11-03 17:10:00', 'Kognitiv', 2.03902, 0.808943),
(38, 8, 8, '2025-11-03 17:10:00', 'Sozial', 1.34146, 0.808943),
(39, 8, 8, '2025-11-03 17:10:00', 'Affektiv', 1.76829, 0.808943),
(40, 8, 8, '2025-11-03 17:10:00', 'Gesamt', 1.73585, 0.808943),
(41, 9, 3, '2025-11-04 15:35:00', 'Kognitiv', 1.97778, 0.812963),
(42, 9, 3, '2025-11-04 15:35:00', 'Sozial', 1.15278, 0.812963),
(43, 9, 3, '2025-11-04 15:35:00', 'Affektiv', 1.63889, 0.812963),
(44, 9, 3, '2025-11-04 15:35:00', 'Gesamt', 1.61611, 0.812963),
(45, 12, 1, '2025-11-03 16:56:09', 'Kognitiv', 2.20556, 0.84321),
(46, 12, 1, '2025-11-03 16:56:09', 'Sozial', 2.15278, 0.84321),
(47, 12, 1, '2025-11-03 16:56:09', 'Affektiv', 1.91667, 0.84321),
(48, 12, 1, '2025-11-03 16:56:09', 'Gesamt', 2.13667, 0.84321),
(49, 13, 2, '2025-11-03 17:10:00', 'Kognitiv', 1.9125, 0.834722),
(50, 13, 2, '2025-11-03 17:10:00', 'Sozial', 1.33854, 0.834722),
(51, 13, 2, '2025-11-03 17:10:00', 'Affektiv', 1.76042, 0.834722),
(52, 13, 2, '2025-11-03 17:10:00', 'Gesamt', 1.67646, 0.834722),
(53, 14, 5, '2025-11-03 15:35:00', 'Kognitiv', 2.07429, 0.880952),
(54, 14, 5, '2025-11-03 15:35:00', 'Sozial', 1.81429, 0.880952),
(55, 14, 5, '2025-11-03 15:35:00', 'Affektiv', 1.81429, 0.880952),
(56, 14, 5, '2025-11-03 15:35:00', 'Gesamt', 1.93286, 0.880952),
(57, 14, 7, '2025-11-04 17:10:00', 'Kognitiv', 1.98667, 0.799589),
(58, 14, 7, '2025-11-04 17:10:00', 'Sozial', 1.39822, 0.799589),
(59, 14, 7, '2025-11-04 17:10:00', 'Affektiv', 1.82222, 0.799589),
(60, 14, 7, '2025-11-04 17:10:00', 'Gesamt', 1.74422, 0.799589),
(61, 18, 9, '2025-11-03 17:10:00', 'Kognitiv', 2.18667, 0.871481),
(62, 18, 9, '2025-11-03 17:10:00', 'Sozial', 1.83333, 0.871481),
(63, 18, 9, '2025-11-03 17:10:00', 'Affektiv', 2.03333, 0.871481),
(64, 18, 9, '2025-11-03 17:10:00', 'Gesamt', 2.032, 0.871481),
(65, 20, 2, '2025-11-03 17:10:00', 'Kognitiv', 1.9125, 0.834722),
(66, 20, 2, '2025-11-03 17:10:00', 'Sozial', 1.33854, 0.834722),
(67, 20, 2, '2025-11-03 17:10:00', 'Affektiv', 1.76042, 0.834722),
(68, 20, 2, '2025-11-03 17:10:00', 'Gesamt', 1.67646, 0.834722),
(69, 21, 3, '2025-11-04 15:35:00', 'Kognitiv', 1.97778, 0.812963),
(70, 21, 3, '2025-11-04 15:35:00', 'Sozial', 1.15278, 0.812963),
(71, 21, 3, '2025-11-04 15:35:00', 'Affektiv', 1.63889, 0.812963),
(72, 21, 3, '2025-11-04 15:35:00', 'Gesamt', 1.61611, 0.812963),
(73, 22, 4, '2025-11-04 17:10:00', 'Kognitiv', 2.0625, 0.807804),
(74, 22, 4, '2025-11-04 17:10:00', 'Sozial', 1.61911, 0.807804),
(75, 22, 4, '2025-11-04 17:10:00', 'Affektiv', 2.03571, 0.807804),
(76, 22, 4, '2025-11-04 17:10:00', 'Gesamt', 1.89357, 0.807804),
(77, 23, 5, '2025-11-03 15:35:00', 'Kognitiv', 2.07429, 0.880952),
(78, 23, 5, '2025-11-03 15:35:00', 'Sozial', 1.81429, 0.880952),
(79, 23, 5, '2025-11-03 15:35:00', 'Affektiv', 1.81429, 0.880952),
(80, 23, 5, '2025-11-03 15:35:00', 'Gesamt', 1.93286, 0.880952),
(81, 25, 7, '2025-11-04 17:10:00', 'Kognitiv', 1.98667, 0.799589),
(82, 25, 7, '2025-11-04 17:10:00', 'Sozial', 1.39822, 0.799589),
(83, 25, 7, '2025-11-04 17:10:00', 'Affektiv', 1.82222, 0.799589),
(84, 25, 7, '2025-11-04 17:10:00', 'Gesamt', 1.74422, 0.799589),
(85, 27, 9, '2025-11-03 17:10:00', 'Kognitiv', 2.18667, 0.871481),
(86, 27, 9, '2025-11-03 17:10:00', 'Sozial', 1.83333, 0.871481),
(87, 27, 9, '2025-11-03 17:10:00', 'Affektiv', 2.03333, 0.871481),
(88, 27, 9, '2025-11-03 17:10:00', 'Gesamt', 2.032, 0.871481),
(89, 29, 2, '2025-11-03 17:10:00', 'Kognitiv', 1.9125, 0.834722),
(90, 29, 2, '2025-11-03 17:10:00', 'Sozial', 1.33854, 0.834722),
(91, 29, 2, '2025-11-03 17:10:00', 'Affektiv', 1.76042, 0.834722),
(92, 29, 2, '2025-11-03 17:10:00', 'Gesamt', 1.67646, 0.834722),
(93, 30, 3, '2025-11-04 15:35:00', 'Kognitiv', 1.97778, 0.812963),
(94, 30, 3, '2025-11-04 15:35:00', 'Sozial', 1.15278, 0.812963),
(95, 30, 3, '2025-11-04 15:35:00', 'Affektiv', 1.63889, 0.812963),
(96, 30, 3, '2025-11-04 15:35:00', 'Gesamt', 1.61611, 0.812963),
(97, 34, 7, '2025-11-04 17:10:00', 'Kognitiv', 1.98667, 0.799589),
(98, 34, 7, '2025-11-04 17:10:00', 'Sozial', 1.39822, 0.799589),
(99, 34, 7, '2025-11-04 17:10:00', 'Affektiv', 1.82222, 0.799589),
(100, 34, 7, '2025-11-04 17:10:00', 'Gesamt', 1.74422, 0.799589),
(101, 36, 4, '2025-11-04 17:10:00', 'Kognitiv', 2.0625, 0.807804),
(102, 36, 4, '2025-11-04 17:10:00', 'Sozial', 1.61911, 0.807804),
(103, 36, 4, '2025-11-04 17:10:00', 'Affektiv', 2.03571, 0.807804),
(104, 36, 4, '2025-11-04 17:10:00', 'Gesamt', 1.89357, 0.807804),
(105, 38, 2, '2025-11-03 17:10:00', 'Kognitiv', 1.9125, 0.834722),
(106, 38, 2, '2025-11-03 17:10:00', 'Sozial', 1.33854, 0.834722),
(107, 38, 2, '2025-11-03 17:10:00', 'Affektiv', 1.76042, 0.834722),
(108, 38, 2, '2025-11-03 17:10:00', 'Gesamt', 1.67646, 0.834722),
(109, 43, 7, '2025-11-04 17:10:00', 'Kognitiv', 1.98667, 0.799589),
(110, 43, 7, '2025-11-04 17:10:00', 'Sozial', 1.39822, 0.799589),
(111, 43, 7, '2025-11-04 17:10:00', 'Affektiv', 1.82222, 0.799589),
(112, 43, 7, '2025-11-04 17:10:00', 'Gesamt', 1.74422, 0.799589),
(113, 45, 9, '2025-11-03 17:10:00', 'Kognitiv', 2.18667, 0.871481),
(114, 45, 9, '2025-11-03 17:10:00', 'Sozial', 1.83333, 0.871481),
(115, 45, 9, '2025-11-03 17:10:00', 'Affektiv', 2.03333, 0.871481),
(116, 45, 9, '2025-11-03 17:10:00', 'Gesamt', 2.032, 0.871481),
(117, 46, 1, '2025-11-03 16:56:09', 'Kognitiv', 2.20556, 0.84321),
(118, 46, 1, '2025-11-03 16:56:09', 'Sozial', 2.15278, 0.84321),
(119, 46, 1, '2025-11-03 16:56:09', 'Affektiv', 1.91667, 0.84321),
(120, 46, 1, '2025-11-03 16:56:09', 'Gesamt', 2.13667, 0.84321),
(121, 47, 2, '2025-11-03 17:10:00', 'Kognitiv', 1.9125, 0.834722),
(122, 47, 2, '2025-11-03 17:10:00', 'Sozial', 1.33854, 0.834722),
(123, 47, 2, '2025-11-03 17:10:00', 'Affektiv', 1.76042, 0.834722),
(124, 47, 2, '2025-11-03 17:10:00', 'Gesamt', 1.67646, 0.834722),
(125, 51, 7, '2025-11-04 17:10:00', 'Kognitiv', 1.98667, 0.799589),
(126, 51, 7, '2025-11-04 17:10:00', 'Sozial', 1.39822, 0.799589),
(127, 51, 7, '2025-11-04 17:10:00', 'Affektiv', 1.82222, 0.799589),
(128, 51, 7, '2025-11-04 17:10:00', 'Gesamt', 1.74422, 0.799589),
(129, 54, 2, '2025-11-03 17:10:00', 'Kognitiv', 1.9125, 0.834722),
(130, 54, 2, '2025-11-03 17:10:00', 'Sozial', 1.33854, 0.834722),
(131, 54, 2, '2025-11-03 17:10:00', 'Affektiv', 1.76042, 0.834722),
(132, 54, 2, '2025-11-03 17:10:00', 'Gesamt', 1.67646, 0.834722);

-- --------------------------------------------------------

--
-- Tabellenstruktur für Tabelle `frzk_group_loops`
--

CREATE TABLE `frzk_group_loops` (
  `id` int(11) NOT NULL,
  `unterrichtseinheit_id` int(11) NOT NULL,
  `gruppe_id` int(11) NOT NULL,
  `zeitpunkt` datetime NOT NULL,
  `anzahl_teilnehmer` int(11) NOT NULL,
  `avg_loops` float NOT NULL,
  `var_loops` float NOT NULL,
  `loop_count` float NOT NULL,
  `created_at` datetime NOT NULL,
  `loop_typ` varchar(50) DEFAULT NULL,
  `intensitaet` float DEFAULT NULL
) ENGINE=InnoDB DEFAULT CHARSET=utf8mb4;

--
-- Daten für Tabelle `frzk_group_loops`
--

INSERT INTO `frzk_group_loops` (`id`, `unterrichtseinheit_id`, `gruppe_id`, `zeitpunkt`, `anzahl_teilnehmer`, `avg_loops`, `var_loops`, `loop_count`, `created_at`, `loop_typ`, `intensitaet`) VALUES
(1, 4, 4, '0000-00-00 00:00:00', 24, 0, 0, 8, '2025-11-06 11:26:48', NULL, NULL),
(2, 5, 5, '0000-00-00 00:00:00', 16, 9.4, 353.44, 5, '2025-11-06 11:26:48', NULL, NULL),
(3, 6, 2, '0000-00-00 00:00:00', 30, 0, 0, 6, '2025-11-06 11:26:48', NULL, NULL),
(4, 6, 6, '0000-00-00 00:00:00', 21, 0, 0, 5, '2025-11-06 11:26:48', NULL, NULL),
(5, 7, 7, '0000-00-00 00:00:00', 16, 9.4, 353.44, 5, '2025-11-06 11:26:48', NULL, NULL),
(6, 7, 8, '0000-00-00 00:00:00', 21, 9.4, 353.44, 5, '2025-11-06 11:26:48', NULL, NULL),
(7, 8, 2, '0000-00-00 00:00:00', 30, 0, 0, 6, '2025-11-06 11:26:48', NULL, NULL),
(8, 8, 4, '0000-00-00 00:00:00', 24, 0, 0, 8, '2025-11-06 11:26:48', NULL, NULL),
(9, 8, 7, '0000-00-00 00:00:00', 16, 9.4, 353.44, 5, '2025-11-06 11:26:48', NULL, NULL),
(10, 8, 8, '0000-00-00 00:00:00', 21, 9.4, 353.44, 5, '2025-11-06 11:26:48', NULL, NULL),
(11, 9, 3, '0000-00-00 00:00:00', 5, 0, 0, 2, '2025-11-06 11:26:48', NULL, NULL),
(12, 12, 1, '0000-00-00 00:00:00', 11, 14.3333, 410.889, 3, '2025-11-06 11:26:48', NULL, NULL),
(13, 13, 2, '0000-00-00 00:00:00', 30, 0, 0, 6, '2025-11-06 11:26:48', NULL, NULL),
(14, 14, 5, '0000-00-00 00:00:00', 16, 9.4, 353.44, 5, '2025-11-06 11:26:48', NULL, NULL),
(15, 14, 7, '0000-00-00 00:00:00', 16, 9.4, 353.44, 5, '2025-11-06 11:26:48', NULL, NULL),
(16, 18, 9, '0000-00-00 00:00:00', 11, 0, 0, 5, '2025-11-06 11:26:48', NULL, NULL),
(17, 20, 2, '0000-00-00 00:00:00', 30, 0, 0, 6, '2025-11-06 11:26:48', NULL, NULL),
(18, 21, 3, '0000-00-00 00:00:00', 5, 0, 0, 2, '2025-11-06 11:26:48', NULL, NULL),
(19, 22, 4, '0000-00-00 00:00:00', 24, 0, 0, 8, '2025-11-06 11:26:48', NULL, NULL),
(20, 23, 5, '0000-00-00 00:00:00', 16, 9.4, 353.44, 5, '2025-11-06 11:26:48', NULL, NULL),
(21, 25, 7, '0000-00-00 00:00:00', 16, 9.4, 353.44, 5, '2025-11-06 11:26:48', NULL, NULL),
(22, 27, 9, '0000-00-00 00:00:00', 11, 0, 0, 5, '2025-11-06 11:26:48', NULL, NULL),
(23, 29, 2, '0000-00-00 00:00:00', 30, 0, 0, 6, '2025-11-06 11:26:48', NULL, NULL),
(24, 30, 3, '0000-00-00 00:00:00', 5, 0, 0, 2, '2025-11-06 11:26:48', NULL, NULL),
(25, 34, 7, '0000-00-00 00:00:00', 16, 9.4, 353.44, 5, '2025-11-06 11:26:48', NULL, NULL),
(26, 36, 4, '0000-00-00 00:00:00', 24, 0, 0, 8, '2025-11-06 11:26:48', NULL, NULL),
(27, 38, 2, '0000-00-00 00:00:00', 30, 0, 0, 6, '2025-11-06 11:26:48', NULL, NULL),
(28, 43, 7, '0000-00-00 00:00:00', 16, 9.4, 353.44, 5, '2025-11-06 11:26:48', NULL, NULL),
(29, 45, 9, '0000-00-00 00:00:00', 11, 0, 0, 5, '2025-11-06 11:26:48', NULL, NULL),
(30, 46, 1, '0000-00-00 00:00:00', 11, 14.3333, 410.889, 3, '2025-11-06 11:26:48', NULL, NULL),
(31, 47, 2, '0000-00-00 00:00:00', 30, 0, 0, 6, '2025-11-06 11:26:48', NULL, NULL),
(32, 51, 7, '0000-00-00 00:00:00', 16, 9.4, 353.44, 5, '2025-11-06 11:26:48', NULL, NULL),
(33, 54, 2, '0000-00-00 00:00:00', 30, 0, 0, 6, '2025-11-06 11:26:48', NULL, NULL),
(34, 11, 2, '0000-00-00 00:00:00', 4, 0, 0, 4, '2025-11-06 11:26:48', NULL, NULL),
(35, 5, 2, '0000-00-00 00:00:00', 1, 0, 0, 1, '2025-11-06 11:26:48', NULL, NULL),
(36, 7, 2, '0000-00-00 00:00:00', 1, 0, 0, 1, '2025-11-06 11:26:48', NULL, NULL),
(37, 2, 3, '0000-00-00 00:00:00', 1, 0, 0, 1, '2025-11-06 11:26:48', NULL, NULL),
(38, 3, 4, '0000-00-00 00:00:00', 4, 0, 0, 4, '2025-11-06 11:26:48', NULL, NULL),
(39, 7, 4, '0000-00-00 00:00:00', 1, 0, 0, 1, '2025-11-06 11:26:48', NULL, NULL),
(40, 4, 5, '0000-00-00 00:00:00', 2, 0, 0, 2, '2025-11-06 11:26:48', NULL, NULL),
(41, 5, 6, '0000-00-00 00:00:00', 5, 0, 0, 5, '2025-11-06 11:26:48', NULL, NULL),
(42, 7, 7, '0000-00-00 00:00:00', 1, 0, 0, 1, '2025-11-06 11:26:48', NULL, NULL),
(43, 6, 7, '0000-00-00 00:00:00', 2, 23.5, 552.25, 2, '2025-11-06 11:26:48', NULL, NULL),
(44, 7, 8, '0000-00-00 00:00:00', 4, 0, 0, 4, '2025-11-06 11:26:48', NULL, NULL),
(45, 6, 8, '0000-00-00 00:00:00', 1, 47, 0, 1, '2025-11-06 11:26:48', NULL, NULL),
(46, 10, 1, '0000-00-00 00:00:00', 1, 0, 0, 1, '2025-11-06 11:26:48', NULL, NULL),
(47, 12, 5, '0000-00-00 00:00:00', 2, 23.5, 552.25, 2, '2025-11-06 11:26:48', NULL, NULL),
(48, 12, 7, '0000-00-00 00:00:00', 1, 47, 0, 1, '2025-11-06 11:26:48', NULL, NULL),
(49, 16, 9, '0000-00-00 00:00:00', 5, 0, 0, 5, '2025-11-06 11:26:48', NULL, NULL),
(50, 18, 2, '0000-00-00 00:00:00', 4, 0, 0, 4, '2025-11-06 11:26:48', NULL, NULL),
(51, 19, 3, '0000-00-00 00:00:00', 1, 0, 0, 1, '2025-11-06 11:26:48', NULL, NULL),
(52, 20, 4, '0000-00-00 00:00:00', 1, 0, 0, 1, '2025-11-06 11:26:48', NULL, NULL),
(53, 21, 5, '0000-00-00 00:00:00', 1, 0, 0, 1, '2025-11-06 11:26:48', NULL, NULL),
(54, 23, 7, '0000-00-00 00:00:00', 2, 0, 0, 2, '2025-11-06 11:26:48', NULL, NULL),
(55, 25, 9, '0000-00-00 00:00:00', 1, 0, 0, 1, '2025-11-06 11:26:48', NULL, NULL),
(56, 27, 2, '0000-00-00 00:00:00', 3, 0, 0, 3, '2025-11-06 11:26:48', NULL, NULL),
(57, 28, 3, '0000-00-00 00:00:00', 1, 0, 0, 1, '2025-11-06 11:26:48', NULL, NULL),
(58, 32, 7, '0000-00-00 00:00:00', 1, 0, 0, 1, '2025-11-06 11:26:48', NULL, NULL),
(59, 34, 4, '0000-00-00 00:00:00', 2, 0, 0, 2, '2025-11-06 11:26:48', NULL, NULL),
(60, 36, 2, '0000-00-00 00:00:00', 2, 0, 0, 2, '2025-11-06 11:26:48', NULL, NULL),
(61, 41, 7, '0000-00-00 00:00:00', 3, 0, 0, 3, '2025-11-06 11:26:48', NULL, NULL),
(62, 43, 9, '0000-00-00 00:00:00', 2, 0, 0, 2, '2025-11-06 11:26:48', NULL, NULL),
(63, 44, 1, '0000-00-00 00:00:00', 1, 0, 0, 1, '2025-11-06 11:26:48', NULL, NULL),
(64, 45, 2, '0000-00-00 00:00:00', 3, 0, 0, 3, '2025-11-06 11:26:48', NULL, NULL),
(65, 49, 7, '0000-00-00 00:00:00', 1, 0, 0, 1, '2025-11-06 11:26:48', NULL, NULL),
(66, 52, 2, '0000-00-00 00:00:00', 3, 0, 0, 3, '2025-11-06 11:26:48', NULL, NULL);

-- --------------------------------------------------------

--
-- Tabellenstruktur für Tabelle `frzk_group_operatoren`
--

CREATE TABLE `frzk_group_operatoren` (
  `id` int(11) NOT NULL,
  `unterrichtseinheit_id` int(11) NOT NULL,
  `gruppe_id` int(11) NOT NULL,
  `zeitpunkt` datetime NOT NULL,
  `operator_name` varchar(100) DEFAULT NULL,
  `wert` float DEFAULT NULL
) ENGINE=InnoDB DEFAULT CHARSET=utf8mb4;

-- --------------------------------------------------------

--
-- Tabellenstruktur für Tabelle `frzk_group_reflexion`
--

CREATE TABLE `frzk_group_reflexion` (
  `id` int(11) NOT NULL,
  `unterrichtseinheit_id` int(11) NOT NULL,
  `gruppe_id` int(11) NOT NULL,
  `zeitpunkt` datetime NOT NULL,
  `reflexionsgrad` float DEFAULT NULL,
  `beschreibung` text
) ENGINE=InnoDB DEFAULT CHARSET=utf8mb4;

-- --------------------------------------------------------

--
-- Tabellenstruktur für Tabelle `frzk_group_semantische_dichte`
--

CREATE TABLE `frzk_group_semantische_dichte` (
  `id` int(11) NOT NULL,
  `ue_id` int(11) NOT NULL,
  `gruppe_id` int(11) DEFAULT NULL,
  `anz_tn` int(11) DEFAULT NULL,
  `zeitpunkt` datetime NOT NULL,
  `x_kognition` float NOT NULL,
  `y_sozial` float NOT NULL,
  `z_affektiv` float NOT NULL,
  `h_bedeutung` float NOT NULL,
  `dh_dt` float DEFAULT NULL,
  `cluster_id` int(11) DEFAULT NULL,
  `stabilitaet_score` float DEFAULT NULL,
  `transitions_marker` varchar(50) DEFAULT NULL,
  `emotions` varchar(2048) NOT NULL,
  `bemerkung` text
) ENGINE=InnoDB DEFAULT CHARSET=utf8mb4;

--
-- Daten für Tabelle `frzk_group_semantische_dichte`
--

INSERT INTO `frzk_group_semantische_dichte` (`id`, `ue_id`, `gruppe_id`, `anz_tn`, `zeitpunkt`, `x_kognition`, `y_sozial`, `z_affektiv`, `h_bedeutung`, `dh_dt`, `cluster_id`, `stabilitaet_score`, `transitions_marker`, `emotions`, `bemerkung`) VALUES
(1, 2, 3, 1, '2025-09-09 15:35:00', 1.6, 1, 1, 0, NULL, NULL, NULL, NULL, '[{"alle_emotionen":["6"," 25"," 24"," 2"],"anzahl_emotionen":{"6":1," 25":1," 24":1," 2":1},"wesentliche_emotionen":[{"id":6,"emotion":"Hoffnung","anzahl":1,"valenz":0.85,"aktivierung":0.5,"score":0.675}]}]', NULL),
(2, 3, 4, 4, '2025-09-09 17:10:00', 2.4, 2.125, 2.875, 0, NULL, NULL, NULL, NULL, '[{"alle_emotionen":["22"," 5"," 27"," 1"," 6"," 10"," 23"," 18"," 4"," 9"," 14"," 13"," 7"," 16"," 26"," 28"," 3"," 8","22"," 23"," 27"," 24"," 6"," 1"," 4"," 9"," 14"," 13"," 7","22"," 1"," 18","22"," 1"," 15"," 6"," 23"," 4"," 25"," 20"],"anzahl_emotionen":{"22":4," 5":1," 27":2," 1":4," 6":3," 10":1," 23":3," 18":2," 4":3," 9":2," 14":2," 13":2," 7":2," 16":1," 26":1," 28":1," 3":1," 8":1," 24":1," 15":1," 25":1," 20":1},"wesentliche_emotionen":[]}]', NULL),
(3, 4, 5, 2, '2025-09-10 15:35:00', 1.9, 2, 1.75, 0, NULL, NULL, NULL, NULL, '[{"alle_emotionen":["1"," 13"," 2"," 23","3"," 28"," 1"," 6"," 10"],"anzahl_emotionen":{"1":1," 13":1," 2":1," 23":1,"3":1," 28":1," 1":1," 6":1," 10":1},"wesentliche_emotionen":[{"id":1,"emotion":"Freude","anzahl":1,"valenz":0.9,"aktivierung":0.6,"score":0.75},{"id":3,"emotion":"Erfu00fcllung","anzahl":1,"valenz":0.92,"aktivierung":0.5,"score":0.71}]}]', NULL),
(4, 5, 6, 6, '2025-09-10 17:10:00', 1.83333, 1.45833, 1.5, 0, NULL, NULL, NULL, NULL, '[{"alle_emotionen":["22"," 4"," 25","15"," 25"," 20"," 23"," 8"," 13"," 2","1"," 5"," 3"," 28"," 6","1"," 5"," 3"," 28"," 6","5"," 4"," 7"," 25","5"," 1"," 7"," 2"],"anzahl_emotionen":{"22":1," 4":2," 25":3,"15":1," 20":1," 23":1," 8":1," 13":1," 2":2,"1":2," 5":2," 3":2," 28":2," 6":2,"5":2," 7":2," 1":1},"wesentliche_emotionen":[{"id":1,"emotion":"Freude","anzahl":2,"valenz":0.9,"aktivierung":0.6,"score":0.75}]}]', NULL),
(5, 6, 7, 3, '2025-09-11 15:35:00', 2.33333, 1.41667, 2, 0, NULL, NULL, NULL, NULL, '[{"alle_emotionen":["5"," 22"," 27"," 1"," 6"," 10"," 23"," 18"," 4"," 9"," 14"," 13"," 7"," 16"," 26"," 28"," 3"," 8","17"," 5"," 22"," 4"," 16"," 25"," 24"," 20","28"," 1"," 6"," 23"," 8"," 13"," 16"," 25"," 2"," 22"," 18"," 9"," 14"," 26"," 12"," 24"," 11"," 20"," 27"," 10"],"anzahl_emotionen":{"5":1," 22":3," 27":2," 1":2," 6":2," 10":2," 23":2," 18":2," 4":2," 9":2," 14":2," 13":2," 7":1," 16":3," 26":2," 28":1," 3":1," 8":2,"17":1," 5":1," 25":2," 24":2," 20":2,"28":1," 2":1," 12":1," 11":1},"wesentliche_emotionen":[]}]', NULL),
(6, 7, 8, 4, '2025-09-11 17:10:00', 2.15, 1.5, 1.875, 0, NULL, NULL, NULL, NULL, '[{"alle_emotionen":["2","28"," 1"," 6"," 23"," 8"," 13"," 16"," 25"," 2"," 22"," 18"," 9"," 14"," 26"," 12"," 24"," 11"," 20"," 27"," 10","27"," 23"," 24"," 22"," 6"," 1"," 4"," 9"," 14"," 13"," 7","1"," 6"," 14"," 13"," 23"],"anzahl_emotionen":{"2":1,"28":1," 1":2," 6":3," 23":3," 8":1," 13":3," 16":1," 25":1," 2":1," 22":2," 18":1," 9":2," 14":3," 26":1," 12":1," 24":2," 11":1," 20":1," 27":1," 10":1,"27":1," 4":1," 7":1,"1":1},"wesentliche_emotionen":[{"id":1,"emotion":"Freude","anzahl":1,"valenz":0.9,"aktivierung":0.6,"score":0.75}]}]', NULL),
(7, 10, 1, 1, '2025-09-15 15:35:00', 3, 2.25, 2.5, 0, NULL, NULL, NULL, NULL, '[{"alle_emotionen":["22"," 25"," 12"," 24"," 11"," 20"," 3"," 28"," 1"," 23"," 4"," 8"," 13"," 2"],"anzahl_emotionen":{"22":1," 25":1," 12":1," 24":1," 11":1," 20":1," 3":1," 28":1," 1":1," 23":1," 4":1," 8":1," 13":1," 2":1},"wesentliche_emotionen":[]}]', NULL),
(8, 11, 2, 4, '2025-09-15 17:10:00', 2.25, 1.3125, 2, 0, NULL, NULL, NULL, NULL, '[{"alle_emotionen":["2"," 3"," 28"," 1"," 23","27"," 6"," 23"," 22"," 24"," 1"," 4"," 9"," 14"," 13"," 7","4"," 24"," 6"," 23"," 2","5"," 23"," 13"," 25"," 2"," 4"," 14"],"anzahl_emotionen":{"2":1," 3":1," 28":1," 1":2," 23":4,"27":1," 6":2," 22":1," 24":2," 4":2," 9":1," 14":2," 13":2," 7":1,"4":1," 2":2,"5":1," 25":1},"wesentliche_emotionen":[{"id":4,"emotion":"Motivation","anzahl":1,"valenz":0.85,"aktivierung":0.75,"score":0.8}]}]', NULL),
(9, 12, 5, 2, '2025-09-17 15:35:00', 1.4, 1.5, 1.25, 0, NULL, NULL, NULL, NULL, '[{"alle_emotionen":["28"," 22"," 6"," 23"," 18"," 9"," 8"," 14"," 26"," 25"," 12"," 24"," 2"," 11"," 20"," 1"," 13"," 16"," 27"," 10","3"," 28"," 1"," 23"," 4"," 8"," 13"," 22"," 25"," 12"," 24"," 11"," 20"," 2"],"anzahl_emotionen":{"28":1," 22":2," 6":1," 23":2," 18":1," 9":1," 8":2," 14":1," 26":1," 25":2," 12":2," 24":2," 2":2," 11":2," 20":2," 1":2," 13":2," 16":1," 27":1," 10":1,"3":1," 28":1," 4":1},"wesentliche_emotionen":[{"id":3,"emotion":"Erfu00fcllung","anzahl":1,"valenz":0.92,"aktivierung":0.5,"score":0.71}]}]', NULL),
(10, 13, 6, 2, '2025-09-17 17:10:00', 1.2, 1.5, 1, 0, NULL, NULL, NULL, NULL, '[{"alle_emotionen":["5"," 3"," 28"," 1"," 6","23"," 8"," 13"," 2"," 15"," 25"," 20"],"anzahl_emotionen":{"5":1," 3":1," 28":1," 1":1," 6":1,"23":1," 8":1," 13":1," 2":1," 15":1," 25":1," 20":1},"wesentliche_emotionen":[{"id":23,"emotion":"Interesse","anzahl":1,"valenz":0.75,"aktivierung":0.6,"score":0.675}]}]', NULL),
(11, 14, 7, 3, '2025-09-18 15:35:00', 1.93333, 1.33333, 1.66667, 0, NULL, NULL, NULL, NULL, '[{"alle_emotionen":["5"," 28"," 22"," 27"," 1"," 6"," 18"," 4"," 14"," 13"," 10"," 23"," 9"," 7"," 16"," 26"," 3"," 8","17"," 5"," 22"," 4"," 16"," 25"," 24"," 20","22"," 27"," 1"," 6"," 10"," 23"," 18"," 8"," 14"," 13"," 26"," 25"," 24"," 2"," 28"," 16"," 9"," 12"," 11"," 20"],"anzahl_emotionen":{"5":1," 28":2," 22":2," 27":2," 1":2," 6":2," 18":2," 4":2," 14":2," 13":2," 10":2," 23":2," 9":2," 7":1," 16":3," 26":2," 3":1," 8":2,"17":1," 5":1," 25":2," 24":2," 20":2,"22":1," 2":1," 12":1," 11":1},"wesentliche_emotionen":[]}]', NULL),
(12, 15, 8, 2, '2025-09-18 17:10:00', 2.5, 1.625, 2, 0, NULL, NULL, NULL, NULL, '[{"alle_emotionen":["1"," 6"," 23"," 13"," 14","5"," 28"," 2"],"anzahl_emotionen":{"1":1," 6":1," 23":1," 13":1," 14":1,"5":1," 28":1," 2":1},"wesentliche_emotionen":[{"id":1,"emotion":"Freude","anzahl":1,"valenz":0.9,"aktivierung":0.6,"score":0.75}]}]', NULL),
(13, 16, 9, 5, '2025-09-19 15:35:00', 2.52, 2.1, 2.3, 0, NULL, NULL, NULL, NULL, '[{"alle_emotionen":["3"," 6"," 10"," 28"," 1","4"," 2"," 6"," 23"," 24","1"," 23"," 13"," 2","5"," 28"," 6"," 10"," 23"," 14"," 1"," 4","17"," 5"," 15"," 6"],"anzahl_emotionen":{"3":1," 6":4," 10":2," 28":2," 1":2,"4":1," 2":2," 23":3," 24":1,"1":1," 13":1,"5":1," 14":1," 4":1,"17":1," 5":1," 15":1},"wesentliche_emotionen":[{"id":3,"emotion":"Erfu00fcllung","anzahl":1,"valenz":0.92,"aktivierung":0.5,"score":0.71},{"id":4,"emotion":"Motivation","anzahl":1,"valenz":0.85,"aktivierung":0.75,"score":0.8},{"id":1,"emotion":"Freude","anzahl":1,"valenz":0.9,"aktivierung":0.6,"score":0.75}]}]', NULL),
(14, 17, 1, 1, '2025-09-22 15:35:00', 2.2, 1.75, 1.5, 0, NULL, NULL, NULL, NULL, '[{"alle_emotionen":["3"," 28"," 1"," 23"," 4"," 8"," 13"," 2"," 22"," 25"," 12"," 24"," 11"," 20"],"anzahl_emotionen":{"3":1," 28":1," 1":1," 23":1," 4":1," 8":1," 13":1," 2":1," 22":1," 25":1," 12":1," 24":1," 11":1," 20":1},"wesentliche_emotionen":[{"id":3,"emotion":"Erfu00fcllung","anzahl":1,"valenz":0.92,"aktivierung":0.5,"score":0.71}]}]', NULL),
(15, 18, 2, 5, '2025-09-22 17:10:00', 1.76, 1.45, 1.7, 0, NULL, NULL, NULL, NULL, '[{"alle_emotionen":["23"," 22"," 27"," 24"," 6"," 1"," 4"," 9"," 14"," 13"," 7","5"," 1"," 7"," 2","23"," 3"," 28"," 1"," 2","2"," 6"," 23"," 4"," 24","5"," 23"," 4"," 14"," 13"," 2"," 25"],"anzahl_emotionen":{"23":2," 22":1," 27":1," 24":2," 6":2," 1":3," 4":3," 9":1," 14":2," 13":2," 7":2,"5":2," 2":3," 3":1," 28":1,"2":1," 23":2," 25":1},"wesentliche_emotionen":[{"id":23,"emotion":"Interesse","anzahl":2,"valenz":0.75,"aktivierung":0.6,"score":0.675}]}]', NULL),
(16, 19, 3, 1, '2025-09-23 15:35:00', 1, 1, 1, 0, NULL, NULL, NULL, NULL, '[{"alle_emotionen":["1"," 23"," 4"," 9"," 14"," 13"," 7"," 22"," 27"," 24"," 6"],"anzahl_emotionen":{"1":1," 23":1," 4":1," 9":1," 14":1," 13":1," 7":1," 22":1," 27":1," 24":1," 6":1},"wesentliche_emotionen":[{"id":1,"emotion":"Freude","anzahl":1,"valenz":0.9,"aktivierung":0.6,"score":0.75}]}]', NULL),
(17, 20, 4, 3, '2025-09-23 17:10:00', 2.46667, 1.75, 2.66667, 0, NULL, NULL, NULL, NULL, '[{"alle_emotionen":["5"," 3"," 28"," 22"," 1"," 6"," 23"," 4"," 8"," 14"," 13"," 27"," 10"," 18"," 9"," 7"," 16"," 26","22"," 1"," 18","28"," 1"," 10"," 4"," 14"," 5"," 6"," 23"],"anzahl_emotionen":{"5":1," 3":1," 28":1," 22":1," 1":3," 6":2," 23":2," 4":2," 8":1," 14":2," 13":1," 27":1," 10":2," 18":2," 9":1," 7":1," 16":1," 26":1,"22":1,"28":1," 5":1},"wesentliche_emotionen":[]}]', NULL),
(18, 21, 5, 3, '2025-09-24 15:35:00', 2, 1.83333, 1.66667, 0, NULL, NULL, NULL, NULL, '[{"alle_emotionen":["28"," 22"," 27"," 1"," 6"," 10"," 23"," 18"," 4"," 8"," 14"," 13"," 26"," 25"," 12"," 24"," 2"," 20"," 16"," 9"," 11","3"," 28"," 1"," 4"," 6"," 10","5"," 3"," 28"," 1"," 6"," 17"," 15"],"anzahl_emotionen":{"28":1," 22":1," 27":1," 1":3," 6":3," 10":2," 23":1," 18":1," 4":2," 8":1," 14":1," 13":1," 26":1," 25":1," 12":1," 24":1," 2":1," 20":1," 16":1," 9":1," 11":1,"3":1," 28":2,"5":1," 3":1," 17":1," 15":1},"wesentliche_emotionen":[{"id":3,"emotion":"Erfu00fcllung","anzahl":1,"valenz":0.92,"aktivierung":0.5,"score":0.71}]}]', NULL),
(19, 22, 6, 4, '2025-09-24 17:10:00', 2.05, 1.625, 1.875, 0, NULL, NULL, NULL, NULL, '[{"alle_emotionen":["22"," 4"," 25","6"," 23"," 4"," 14"," 2"," 15"," 25"," 20"," 8"," 13","5"," 28"," 1"," 23"," 4"," 9"," 8"," 7"," 25","6"," 8"," 7"," 11"," 5"," 1"," 2"],"anzahl_emotionen":{"22":1," 4":3," 25":3,"6":2," 23":2," 14":1," 2":2," 15":1," 20":1," 8":3," 13":1,"5":1," 28":1," 1":2," 9":1," 7":2," 11":1," 5":1},"wesentliche_emotionen":[{"id":6,"emotion":"Hoffnung","anzahl":2,"valenz":0.85,"aktivierung":0.5,"score":0.675}]}]', NULL),
(20, 23, 7, 3, '2025-09-25 15:35:00', 2.2, 1.22222, 1.5, 0, NULL, NULL, NULL, NULL, '[{"alle_emotionen":["17"," 5"," 3"," 28"," 22"," 15"," 23"," 18"," 19"," 8"," 16"," 26"," 25"," 12"," 24"," 11"," 20"," 27"," 1"," 6"," 10"," 4"," 9"," 14"," 13"," 7","5"," 28"," 22"," 6"," 23"," 17"," 4"," 16"," 25"," 24"," 20","28"," 22"," 27"," 1"," 23"," 18"," 14"," 13"," 25"," 2"," 20"," 6"," 8"," 16"," 9"," 26"," 12"," 24"," 11"," 10"],"anzahl_emotionen":{"17":1," 5":1," 3":1," 28":2," 22":3," 15":1," 23":3," 18":2," 19":1," 8":2," 16":3," 26":2," 25":3," 12":2," 24":3," 11":2," 20":3," 27":2," 1":2," 6":3," 10":2," 4":2," 9":2," 14":2," 13":2," 7":1,"5":1," 17":1,"28":1," 2":1},"wesentliche_emotionen":[]}]', NULL),
(21, 24, 8, 4, '2025-09-25 17:10:00', 1.9, 1.5625, 1.75, 0, NULL, NULL, NULL, NULL, '[{"alle_emotionen":["3"," 2","5"," 6"," 10"," 23"," 9"," 8"," 14"," 13"," 7"," 12"," 2"," 22"," 27"," 24"," 1"," 4","5"," 28"," 2","6"," 10"," 23"," 4"," 9"," 12"," 1"," 14"," 13"],"anzahl_emotionen":{"3":1," 2":3,"5":2," 6":1," 10":2," 23":2," 9":2," 8":1," 14":2," 13":2," 7":1," 12":2," 22":1," 27":1," 24":1," 1":2," 4":2," 28":1,"6":1},"wesentliche_emotionen":[{"id":3,"emotion":"Erfu00fcllung","anzahl":1,"valenz":0.92,"aktivierung":0.5,"score":0.71},{"id":6,"emotion":"Hoffnung","anzahl":1,"valenz":0.85,"aktivierung":0.5,"score":0.675}]}]', NULL),
(22, 25, 9, 2, '2025-09-26 15:35:00', 2.3, 1.875, 2.25, 0, NULL, NULL, NULL, NULL, '[{"alle_emotionen":["5"," 17"," 15"," 6","23"," 24"," 6"," 2"," 4"],"anzahl_emotionen":{"5":1," 17":1," 15":1," 6":2,"23":1," 24":1," 2":1," 4":1},"wesentliche_emotionen":[{"id":23,"emotion":"Interesse","anzahl":1,"valenz":0.75,"aktivierung":0.6,"score":0.675}]}]', NULL),
(23, 26, 1, 1, '2025-09-29 15:35:00', 2.4, 2, 2, 0, NULL, NULL, NULL, NULL, '[{"alle_emotionen":["9"," 24"," 22"," 25"," 12"," 11"," 20"," 3"," 28"," 1"," 23"," 4"," 8"," 13"," 2"],"anzahl_emotionen":{"9":1," 24":1," 22":1," 25":1," 12":1," 11":1," 20":1," 3":1," 28":1," 1":1," 23":1," 4":1," 8":1," 13":1," 2":1},"wesentliche_emotionen":[{"id":9,"emotion":"Neugier","anzahl":1,"valenz":0.8,"aktivierung":0.7,"score":0.75}]}]', NULL),
(24, 27, 2, 4, '2025-09-29 17:10:00', 1.75, 1.375, 1.75, 0, NULL, NULL, NULL, NULL, '[{"alle_emotionen":["1"," 3"," 28"," 2"," 23","14"," 2"," 6"," 23"," 4"," 24","5"," 3"," 28"," 27"," 6"," 10"," 4"," 14"," 7"," 23"," 22"," 24"," 1"," 9"," 13","5"," 1"," 23"," 4"," 13"," 25"," 2"," 14"],"anzahl_emotionen":{"1":1," 3":2," 28":2," 2":3," 23":4,"14":1," 6":2," 4":3," 24":2,"5":2," 27":1," 10":1," 14":2," 7":1," 22":1," 1":2," 9":1," 13":2," 25":1},"wesentliche_emotionen":[{"id":1,"emotion":"Freude","anzahl":1,"valenz":0.9,"aktivierung":0.6,"score":0.75}]}]', NULL),
(25, 28, 3, 1, '2025-09-30 15:35:00', 2, 1.25, 2, 0, NULL, NULL, NULL, NULL, '[{"alle_emotionen":["15"," 21"," 16"," 20"," 6"," 25"," 24"," 2"],"anzahl_emotionen":{"15":1," 21":1," 16":1," 20":1," 6":1," 25":1," 24":1," 2":1},"wesentliche_emotionen":[]}]', NULL),
(26, 29, 4, 5, '2025-09-30 17:10:00', 2.47, 2, 2.2, 0, NULL, NULL, NULL, NULL, '[{"alle_emotionen":["22"," 1"," 13"," 4"," 25","17"," 22"," 1"," 15"," 19"," 13"," 16"," 25"," 24"," 20"," 5"," 27"," 6"," 10"," 23"," 18"," 4"," 9"," 14"," 7"," 26"," 28"," 3"," 8","23"," 22"," 1"," 18","23"," 12"," 5"," 28"," 6"," 10"," 14"," 1"," 4","5"," 1"," 4"," 9"," 8"," 13"," 7"," 22"," 15"," 6"," 23"," 25"," 20"],"anzahl_emotionen":{"22":1," 1":5," 13":3," 4":4," 25":3,"17":1," 22":3," 15":2," 19":1," 16":1," 24":1," 20":2," 5":2," 27":1," 6":3," 10":2," 23":2," 18":2," 9":2," 14":2," 7":2," 26":1," 28":2," 3":1," 8":2,"23":2," 12":1,"5":1},"wesentliche_emotionen":[{"id":23,"emotion":"Interesse","anzahl":2,"valenz":0.75,"aktivierung":0.6,"score":0.675}]}]', NULL),
(27, 30, 5, 3, '2025-10-01 15:35:00', 1.8, 2, 1.5, 0, NULL, NULL, NULL, NULL, '[{"alle_emotionen":["3"," 28"," 1"," 6"," 10","4"," 14"," 13"," 2"," 1"," 23","23"," 4"," 9"," 8"," 2"," 22"," 25"," 12"," 24"," 11"," 20"," 3"," 28"," 1"," 13"],"anzahl_emotionen":{"3":1," 28":2," 1":3," 6":1," 10":1,"4":1," 14":1," 13":2," 2":2," 23":1,"23":1," 4":1," 9":1," 8":1," 22":1," 25":1," 12":1," 24":1," 11":1," 20":1," 3":1},"wesentliche_emotionen":[{"id":3,"emotion":"Erfu00fcllung","anzahl":1,"valenz":0.92,"aktivierung":0.5,"score":0.71},{"id":4,"emotion":"Motivation","anzahl":1,"valenz":0.85,"aktivierung":0.75,"score":0.8},{"id":23,"emotion":"Interesse","anzahl":1,"valenz":0.75,"aktivierung":0.6,"score":0.675}]}]', NULL),
(28, 31, 6, 3, '2025-10-01 17:10:00', 1.66667, 1.16667, 1.5, 0, NULL, NULL, NULL, NULL, '[{"alle_emotionen":["6"," 1"," 5"," 3"," 28","28"," 23"," 4"," 15"," 25"," 20"," 8"," 13"," 2","23"," 4"," 8"," 7"," 2"," 5"," 25"],"anzahl_emotionen":{"6":1," 1":1," 5":2," 3":1," 28":1,"28":1," 23":1," 4":2," 15":1," 25":2," 20":1," 8":2," 13":1," 2":2,"23":1," 7":1},"wesentliche_emotionen":[{"id":6,"emotion":"Hoffnung","anzahl":1,"valenz":0.85,"aktivierung":0.5,"score":0.675},{"id":23,"emotion":"Interesse","anzahl":1,"valenz":0.75,"aktivierung":0.6,"score":0.675}]}]', NULL),
(29, 32, 7, 1, '2025-10-02 15:35:00', 1.8, 1.25, 2, 0, NULL, NULL, NULL, NULL, '[{"alle_emotionen":["5"," 28"," 22"," 15"," 6"," 10"," 23"," 4"," 9"," 21"," 19"," 8"," 14"," 13"," 7"," 16"," 26"," 25"," 12"," 24"," 27"," 1"," 18"," 3"],"anzahl_emotionen":{"5":1," 28":1," 22":1," 15":1," 6":1," 10":1," 23":1," 4":1," 9":1," 21":1," 19":1," 8":1," 14":1," 13":1," 7":1," 16":1," 26":1," 25":1," 12":1," 24":1," 27":1," 1":1," 18":1," 3":1},"wesentliche_emotionen":[]}]', NULL),
(30, 33, 8, 4, '2025-10-02 17:10:00', 2.15, 1.4375, 2.125, 0, NULL, NULL, NULL, NULL, '[{"alle_emotionen":["3"," 2","23"," 4"," 26"," 22"," 27"," 24"," 6"," 1"," 9"," 14"," 13"," 7","28"," 2"," 5","1"," 6"," 10"," 9"," 14"," 13"," 23"],"anzahl_emotionen":{"3":1," 2":2,"23":1," 4":1," 26":1," 22":1," 27":1," 24":1," 6":2," 1":1," 9":2," 14":2," 13":2," 7":1,"28":1," 5":1,"1":1," 10":1," 23":1},"wesentliche_emotionen":[{"id":3,"emotion":"Erfu00fcllung","anzahl":1,"valenz":0.92,"aktivierung":0.5,"score":0.71},{"id":23,"emotion":"Interesse","anzahl":1,"valenz":0.75,"aktivierung":0.6,"score":0.675},{"id":1,"emotion":"Freude","anzahl":1,"valenz":0.9,"aktivierung":0.6,"score":0.75}]}]', NULL),
(31, 34, 4, 3, '2025-10-07 17:10:00', 1.6, 1.58333, 1.66667, 0, NULL, NULL, NULL, NULL, '[{"alle_emotionen":["5"," 28"," 23"," 4"," 7"," 2"," 25","14"," 22"," 1"," 18","5"," 1"," 7"," 2"],"anzahl_emotionen":{"5":2," 28":1," 23":1," 4":1," 7":2," 2":2," 25":1,"14":1," 22":1," 1":2," 18":1},"wesentliche_emotionen":[]}]', NULL),
(32, 35, 1, 1, '2025-10-20 15:35:00', 1.8, 1.75, 1.5, 0, NULL, NULL, NULL, NULL, '[{"alle_emotionen":["22"," 9"," 8"," 14"," 2"," 25"," 12"," 24"," 11"," 20"," 3"," 28"," 1"," 23"," 4"," 13"],"anzahl_emotionen":{"22":1," 9":1," 8":1," 14":1," 2":1," 25":1," 12":1," 24":1," 11":1," 20":1," 3":1," 28":1," 1":1," 23":1," 4":1," 13":1},"wesentliche_emotionen":[]}]', NULL),
(33, 36, 2, 4, '2025-10-20 17:10:00', 2.3, 1.5, 2.375, 0, NULL, NULL, NULL, NULL, '[{"alle_emotionen":["2"," 3"," 28"," 1"," 23","2"," 3"," 28"," 1"," 23","2"," 6"," 23"," 4"," 24","1"," 23"," 4"," 8"," 13"," 5"," 25"," 2"," 14"],"anzahl_emotionen":{"2":3," 3":2," 28":2," 1":2," 23":4," 6":1," 4":2," 24":1,"1":1," 8":1," 13":1," 5":1," 25":1," 2":1," 14":1},"wesentliche_emotionen":[{"id":1,"emotion":"Freude","anzahl":1,"valenz":0.9,"aktivierung":0.6,"score":0.75}]}]', NULL),
(34, 37, 3, 1, '2025-10-21 15:35:00', 1.2, 1, 1, 0, NULL, NULL, NULL, NULL, '[{"alle_emotionen":["5"," 28"," 1"," 4"," 8"," 14"," 7"," 12"," 2"," 11"," 6"," 25"," 24"],"anzahl_emotionen":{"5":1," 28":1," 1":1," 4":1," 8":1," 14":1," 7":1," 12":1," 2":1," 11":1," 6":1," 25":1," 24":1},"wesentliche_emotionen":[]}]', NULL),
(35, 38, 4, 3, '2025-10-21 17:10:00', 2, 1.91667, 2.33333, 0, NULL, NULL, NULL, NULL, '[{"alle_emotionen":["23"," 4"," 25"," 22","4"," 22"," 1"," 18","5"," 1"," 6"," 10"," 23"," 4"," 8"," 13"," 7"," 24"," 2"," 22"," 15"," 25"," 20"],"anzahl_emotionen":{"23":1," 4":2," 25":2," 22":3,"4":1," 1":2," 18":1,"5":1," 6":1," 10":1," 23":1," 8":1," 13":1," 7":1," 24":1," 2":1," 15":1," 20":1},"wesentliche_emotionen":[{"id":23,"emotion":"Interesse","anzahl":1,"valenz":0.75,"aktivierung":0.6,"score":0.675},{"id":4,"emotion":"Motivation","anzahl":1,"valenz":0.85,"aktivierung":0.75,"score":0.8}]}]', NULL),
(36, 39, 5, 1, '2025-10-22 15:35:00', 3, 2, 3, 0, NULL, NULL, NULL, NULL, '[{"alle_emotionen":["16"," 3"," 28"," 1"," 6"," 10"],"anzahl_emotionen":{"16":1," 3":1," 28":1," 1":1," 6":1," 10":1},"wesentliche_emotionen":[]}]', NULL),
(37, 40, 6, 3, '2025-10-22 17:10:00', 2, 1.41667, 2.16667, 0, NULL, NULL, NULL, NULL, '[{"alle_emotionen":["5"," 1"," 23"," 4"," 8"," 13"," 7"," 2"," 25","4"," 22"," 25","22"," 23"," 15"," 25"," 20"," 8"," 13"," 2"],"anzahl_emotionen":{"5":1," 1":1," 23":2," 4":1," 8":2," 13":2," 7":1," 2":2," 25":3,"4":1," 22":1,"22":1," 15":1," 20":1},"wesentliche_emotionen":[{"id":4,"emotion":"Motivation","anzahl":1,"valenz":0.85,"aktivierung":0.75,"score":0.8}]}]', NULL),
(38, 41, 7, 3, '2025-10-23 15:35:00', 1.8, 1.83333, 1.83333, 0, NULL, NULL, NULL, NULL, '[{"alle_emotionen":["28"," 22"," 27"," 1"," 15"," 6"," 10"," 23"," 18"," 4"," 14"," 13"," 16"," 26"," 25"," 2"," 11"," 20"," 24"," 9"," 7","17"," 5"," 22"," 4"," 16"," 25"," 24"," 20","14"," 2"],"anzahl_emotionen":{"28":1," 22":2," 27":1," 1":1," 15":1," 6":1," 10":1," 23":1," 18":1," 4":2," 14":1," 13":1," 16":2," 26":1," 25":2," 2":2," 11":1," 20":2," 24":2," 9":1," 7":1,"17":1," 5":1,"14":1},"wesentliche_emotionen":[]}]', NULL),
(39, 42, 8, 3, '2025-10-23 17:10:00', 2.86667, 1.41667, 2.33333, 0, NULL, NULL, NULL, NULL, '[{"alle_emotionen":["22"," 2","6"," 23"," 22"," 27"," 24"," 1"," 4"," 9"," 14"," 13"," 7","1"," 6"," 10"," 13"," 14"," 23"],"anzahl_emotionen":{"22":1," 2":1,"6":1," 23":2," 22":1," 27":1," 24":1," 1":1," 4":1," 9":1," 14":2," 13":2," 7":1,"1":1," 6":1," 10":1},"wesentliche_emotionen":[{"id":6,"emotion":"Hoffnung","anzahl":1,"valenz":0.85,"aktivierung":0.5,"score":0.675},{"id":1,"emotion":"Freude","anzahl":1,"valenz":0.9,"aktivierung":0.6,"score":0.75}]}]', NULL),
(40, 43, 9, 3, '2025-10-24 15:35:00', 2.4, 1.91667, 2.33333, 0, NULL, NULL, NULL, NULL, '[{"alle_emotionen":["4"," 13"," 6"," 23"," 2"," 24","3"," 10"," 28"," 1"," 6","5"," 28"," 6"," 17"," 15"],"anzahl_emotionen":{"4":1," 13":1," 6":3," 23":1," 2":1," 24":1,"3":1," 10":1," 28":2," 1":1,"5":1," 17":1," 15":1},"wesentliche_emotionen":[{"id":4,"emotion":"Motivation","anzahl":1,"valenz":0.85,"aktivierung":0.75,"score":0.8},{"id":3,"emotion":"Erfu00fcllung","anzahl":1,"valenz":0.92,"aktivierung":0.5,"score":0.71}]}]', NULL),
(41, 44, 1, 1, '2025-10-27 15:35:00', 2, 2.25, 2, 0, NULL, NULL, NULL, NULL, '[{"alle_emotionen":["5"," 3"," 1"," 17"," 15"," 6"],"anzahl_emotionen":{"5":1," 3":1," 1":1," 17":1," 15":1," 6":1},"wesentliche_emotionen":[]}]', NULL),
(42, 45, 2, 4, '2025-10-27 17:10:00', 1.95, 1.375, 1.875, 0, NULL, NULL, NULL, NULL, '[{"alle_emotionen":["22"," 23"," 9"," 25"," 27"," 24"," 6"," 1"," 4"," 14"," 13"," 7","28"," 3"," 1"," 2"," 23","4"," 6"," 23"," 2"," 24","5"," 1"," 23"," 4"," 13"," 25"," 2"," 14"],"anzahl_emotionen":{"22":1," 23":4," 9":1," 25":2," 27":1," 24":2," 6":2," 1":3," 4":2," 14":2," 13":2," 7":1,"28":1," 3":1," 2":3,"4":1,"5":1},"wesentliche_emotionen":[{"id":4,"emotion":"Motivation","anzahl":1,"valenz":0.85,"aktivierung":0.75,"score":0.8}]}]', NULL),
(43, 46, 4, 3, '2025-10-28 17:10:00', 2.05, 2, 2.33333, 0, NULL, NULL, NULL, NULL, '[{"alle_emotionen":["6"," 22"," 1"," 18","17"," 5"," 22"," 27"," 1"," 15"," 6"," 8"," 14"," 16"," 25"," 24"," 2"," 20"," 10"," 23"," 18"," 4"," 9"," 13"," 7"," 26"," 28"," 3","5"," 1"," 6"," 10"," 23"," 4"," 8"," 14"," 13"," 7"," 12"," 2"," 22"," 15"," 25"," 20"],"anzahl_emotionen":{"6":1," 22":3," 1":3," 18":2,"17":1," 5":1," 27":1," 15":2," 6":2," 8":2," 14":2," 16":1," 25":2," 24":1," 2":2," 20":2," 10":2," 23":2," 4":2," 9":1," 13":2," 7":2," 26":1," 28":1," 3":1,"5":1," 12":1},"wesentliche_emotionen":[{"id":6,"emotion":"Hoffnung","anzahl":1,"valenz":0.85,"aktivierung":0.5,"score":0.675}]}]', NULL),
(44, 47, 5, 3, '2025-10-29 15:35:00', 2.26667, 2.08333, 2.33333, 0, NULL, NULL, NULL, NULL, '[{"alle_emotionen":["23"," 13"," 2"," 22"," 25"," 12"," 24"," 11"," 20"," 3"," 28"," 1"," 4"," 8","9"," 24"," 1"," 13"," 2"," 23","17"," 18"," 24"," 3"," 28"," 1"," 6"," 10"],"anzahl_emotionen":{"23":1," 13":2," 2":2," 22":1," 25":1," 12":1," 24":3," 11":1," 20":1," 3":2," 28":2," 1":3," 4":1," 8":1,"9":1," 23":1,"17":1," 18":1," 6":1," 10":1},"wesentliche_emotionen":[{"id":23,"emotion":"Interesse","anzahl":1,"valenz":0.75,"aktivierung":0.6,"score":0.675},{"id":9,"emotion":"Neugier","anzahl":1,"valenz":0.8,"aktivierung":0.7,"score":0.75}]}]', NULL),
(45, 48, 6, 3, '2025-10-29 17:10:00', 1.73333, 1.41667, 2, 0, NULL, NULL, NULL, NULL, '[{"alle_emotionen":["2"," 22"," 4"," 25","5"," 6"," 23"," 4"," 2"," 7"," 25","5"," 3"," 28"," 1"," 10"," 23"," 4"," 8"," 14"," 13"," 15"," 25"," 20"," 2"],"anzahl_emotionen":{"2":1," 22":1," 4":3," 25":3,"5":2," 6":1," 23":2," 2":2," 7":1," 3":1," 28":1," 1":1," 10":1," 8":1," 14":1," 13":1," 15":1," 20":1},"wesentliche_emotionen":[]}]', NULL),
(46, 49, 7, 1, '2025-10-30 15:35:00', 1.4, 1.25, 1, 0, NULL, NULL, NULL, NULL, '[{"alle_emotionen":["5"," 3"," 28"," 1"," 6"," 10"," 23"," 4"," 8"," 14"," 13"," 7"," 16"," 26"," 25"," 12"," 2"," 22"," 27"," 18"," 9"],"anzahl_emotionen":{"5":1," 3":1," 28":1," 1":1," 6":1," 10":1," 23":1," 4":1," 8":1," 14":1," 13":1," 7":1," 16":1," 26":1," 25":1," 12":1," 2":1," 22":1," 27":1," 18":1," 9":1},"wesentliche_emotionen":[]}]', NULL),
(47, 50, 8, 4, '2025-10-30 17:10:00', 2.55, 1.6875, 2.625, 0, NULL, NULL, NULL, NULL, '[{"alle_emotionen":["22"," 10"," 24"," 2","5"," 28"," 2","23"," 22"," 27"," 24"," 6"," 1"," 4"," 9"," 14"," 13"," 7","1"," 6"," 10"," 9"," 13"," 7"," 14"," 23"],"anzahl_emotionen":{"22":1," 10":2," 24":2," 2":2,"5":1," 28":1,"23":1," 22":1," 27":1," 6":2," 1":1," 4":1," 9":2," 14":2," 13":2," 7":2,"1":1," 23":1},"wesentliche_emotionen":[{"id":23,"emotion":"Interesse","anzahl":1,"valenz":0.75,"aktivierung":0.6,"score":0.675},{"id":1,"emotion":"Freude","anzahl":1,"valenz":0.9,"aktivierung":0.6,"score":0.75}]}]', NULL),
(48, 51, 1, 1, '2025-11-03 15:35:00', 2.2, 1.5, 2, 0, NULL, NULL, NULL, NULL, '[{"alle_emotionen":["23"," 8"," 13"," 22"," 25"," 12"," 24"," 11"," 20"," 3"," 28"," 1"," 4"," 2"],"anzahl_emotionen":{"23":1," 8":1," 13":1," 22":1," 25":1," 12":1," 24":1," 11":1," 20":1," 3":1," 28":1," 1":1," 4":1," 2":1},"wesentliche_emotionen":[{"id":23,"emotion":"Interesse","anzahl":1,"valenz":0.75,"aktivierung":0.6,"score":0.675}]}]', NULL),
(49, 52, 2, 5, '2025-11-03 17:10:00', 2.2, 1.3, 2.2, 0, NULL, NULL, NULL, NULL, '[{"alle_emotionen":["2"," 6"," 23"," 4"," 24","5"," 3"," 28"," 1"," 2"," 23","5"," 3"," 28"," 1"," 2"," 23","5"," 27"," 1"," 6"," 23"," 4"," 9"," 22"," 24"," 14"," 13"," 7","23"," 5"," 13"," 25"," 2"," 4"," 14"],"anzahl_emotionen":{"2":1," 6":2," 23":4," 4":3," 24":2,"5":3," 3":2," 28":2," 1":3," 2":3," 27":1," 9":1," 22":1," 14":2," 13":2," 7":1,"23":1," 5":1," 25":1},"wesentliche_emotionen":[{"id":23,"emotion":"Interesse","anzahl":1,"valenz":0.75,"aktivierung":0.6,"score":0.675}]}]', NULL),
(50, 53, 3, 1, '2025-11-04 15:35:00', 1.8, 1.25, 1.5, 0, NULL, NULL, NULL, NULL, '[{"alle_emotionen":["1"," 15"," 21"," 13"," 11"," 6"," 25"," 24"," 2"],"anzahl_emotionen":{"1":1," 15":1," 21":1," 13":1," 11":1," 6":1," 25":1," 24":1," 2":1},"wesentliche_emotionen":[{"id":1,"emotion":"Freude","anzahl":1,"valenz":0.9,"aktivierung":0.6,"score":0.75}]}]', NULL),
(51, 54, 4, 3, '2025-11-04 17:10:00', 1.73333, 2.33333, 2, 0, NULL, NULL, NULL, NULL, '[{"alle_emotionen":["2"," 22"," 1"," 18","5"," 15"," 6"," 10"," 23"," 9"," 8"," 14"," 13"," 7"," 12"," 24"," 22"," 1"," 4"," 25"," 20","5"," 22"," 27"," 1"," 6"," 10"," 23"," 18"," 4"," 9"," 14"," 13"," 7"," 16"," 26"," 28"," 3"," 8"],"anzahl_emotionen":{"2":1," 22":3," 1":3," 18":2,"5":2," 15":1," 6":2," 10":2," 23":2," 9":2," 8":2," 14":2," 13":2," 7":2," 12":1," 24":1," 4":2," 25":1," 20":1," 27":1," 16":1," 26":1," 28":1," 3":1},"wesentliche_emotionen":[]}]', NULL),
(52, 55, 7, 2, '2025-11-06 15:35:00', 2.7, 1.625, 2, 0, NULL, NULL, NULL, NULL, '[{"alle_emotionen":["5"," 3"," 28"," 22"," 1"," 10"," 23"," 4"," 21"," 8"," 13"," 7"," 27"," 6"," 18"," 9"," 14"," 16"," 26","3"," 22"," 1"," 10"," 18"," 17"," 5"," 4"," 16"," 25"," 24"," 20"],"anzahl_emotionen":{"5":1," 3":1," 28":1," 22":2," 1":2," 10":2," 23":1," 4":2," 21":1," 8":1," 13":1," 7":1," 27":1," 6":1," 18":2," 9":1," 14":1," 16":2," 26":1,"3":1," 17":1," 5":1," 25":1," 24":1," 20":1},"wesentliche_emotionen":[{"id":3,"emotion":"Erfu00fcllung","anzahl":1,"valenz":0.92,"aktivierung":0.5,"score":0.71}]}]', NULL),
(53, 56, 8, 5, '2025-11-06 17:10:00', 2.08, 1.75, 2.1, 0, NULL, NULL, NULL, NULL, '[{"alle_emotionen":["15"," 2","5"," 28"," 27"," 1"," 6"," 10"," 23"," 4"," 9"," 8"," 14"," 13"," 7"," 12"," 2"," 22"," 24","14"," 5"," 28"," 2","1"," 6"," 9"," 13"," 7"," 14"," 23","1"," 23"," 8"," 7"," 2"," 5"," 4"," 25"],"anzahl_emotionen":{"15":1," 2":4,"5":1," 28":2," 27":1," 1":1," 6":2," 10":1," 23":3," 4":2," 9":2," 8":2," 14":2," 13":2," 7":3," 12":1," 22":1," 24":1,"14":1," 5":2,"1":2," 25":1},"wesentliche_emotionen":[{"id":1,"emotion":"Freude","anzahl":2,"valenz":0.9,"aktivierung":0.6,"score":0.75}]}]', NULL),
(54, 57, 10, NULL, '2025-11-07 06:30:00', 0, 0, 0, 0, NULL, NULL, NULL, NULL, '', NULL);

-- --------------------------------------------------------

--
-- Tabellenstruktur für Tabelle `frzk_gruppen_transitions`
--

CREATE TABLE `frzk_gruppen_transitions` (
  `id` int(11) NOT NULL,
  `unterrichtseinheit_id` int(11) NOT NULL,
  `gruppe_id` int(11) NOT NULL,
  `zeitpunkt` datetime NOT NULL,
  `transition_typ` varchar(50) DEFAULT NULL,
  `intensitaet` float DEFAULT NULL,
  `dauer` float DEFAULT NULL
) ENGINE=InnoDB DEFAULT CHARSET=utf8mb4;

-- --------------------------------------------------------

--
-- Tabellenstruktur für Tabelle `frzk_hubs`
--

CREATE TABLE `frzk_hubs` (
  `id` int(11) NOT NULL,
  `teilnehmer_id` int(11) NOT NULL,
  `gruppe_id` int(11) NOT NULL,
  `zeitpunkt` datetime NOT NULL,
  `x_kognition` float DEFAULT NULL,
  `y_sozial` float DEFAULT NULL,
  `z_affektiv` float DEFAULT NULL,
  `z_h` float DEFAULT NULL,
  `hub_typ` varchar(30) DEFAULT NULL,
  `einschätzung` text,
  `methodik` text
) ENGINE=InnoDB DEFAULT CHARSET=utf8mb4;

--
-- Daten für Tabelle `frzk_hubs`
--

INSERT INTO `frzk_hubs` (`id`, `teilnehmer_id`, `gruppe_id`, `zeitpunkt`, `x_kognition`, `y_sozial`, `z_affektiv`, `z_h`, `hub_typ`, `einschätzung`, `methodik`) VALUES
(1, 2, 1, '2025-09-22 15:35:00', 2.2, 1.75, 1.5, 0, 'kognitiv', 'Kognitive Aktivierung – Denkherausforderung.', 'Sokratische Methode, Problem-Based Learning, Leittextarbeit'),
(2, 21, 2, '2025-09-08 17:10:00', 2.2, 1, 2, 1.125, 'kognitiv', 'Kognitive Aktivierung – Denkherausforderung.', 'Sokratische Methode, Scaffolding, Problem-Based Learning'),
(3, 12, 2, '2025-09-08 17:10:00', 1, 1, 1, -9.875, 'systemisch', 'Systemische Selbstreferenz – Metareflexion.', 'Adaptive Lernpfade, Kollegiale Beratung, Selbstorganisierte Lernprojekte'),
(4, 21, 2, '2025-09-15 17:10:00', 2, 1, 2, -1.35294, 'integrativ', 'Integrativer Hub – multimodale Kohärenz.', 'Stationenlernen, Projektarbeit, Forschendes Lernen'),
(5, 16, 2, '2025-09-15 17:10:00', 2.6, 1.5, 2, 1.23529, 'kognitiv', 'Kognitive Aktivierung – Denkherausforderung.', 'Leittextarbeit, Sokratische Methode, Scaffolding'),
(6, 21, 2, '2025-09-22 17:10:00', 1.6, 1.25, 1, -2.8, 'kognitiv', 'Kognitive Aktivierung – Denkherausforderung.', 'Think-Pair-Share, Sokratische Methode, Scaffolding'),
(7, 23, 2, '2025-09-22 17:10:00', 2, 1.75, 2, 1, 'integrativ', 'Integrativer Hub – multimodale Kohärenz.', 'Stationenlernen, Forschendes Lernen, Transversales Lernfeld'),
(8, 13, 2, '2025-09-22 17:10:00', 1.2, 1.75, 1.5, -1.6, 'sozial', 'Soziale Interaktion – Kooperation und Aushandlung.', 'Gruppenpuzzle, World Café, Kooperative Fallarbeit'),
(9, 23, 2, '2025-09-29 17:10:00', 2, 2, 2.5, 2.06061, 'affektiv', 'Affektive Resonanz – emotionale Involvierung.', 'Emotionale Ankerarbeit, Feedback-Loops, Dramapädagogik'),
(10, 16, 2, '2025-09-29 17:10:00', 1.4, 1, 1, -1.69697, 'kognitiv', 'Kognitive Aktivierung – Denkherausforderung.', 'Sokratische Methode, Cognitive Apprenticeship, Think-Pair-Share'),
(11, 21, 2, '2025-10-20 17:10:00', 2.6, 1.5, 3, 1, 'affektiv', 'Affektive Resonanz – emotionale Involvierung.', 'Symbolisches Handeln, Dramapädagogik, Rollenspiel'),
(12, 21, 2, '2025-10-20 17:10:00', 2.6, 1.5, 3, 1, 'affektiv', 'Affektive Resonanz – emotionale Involvierung.', 'Ästhetisches Lernen, Emotionale Ankerarbeit, Symbolisches Handeln'),
(13, 23, 2, '2025-10-20 17:10:00', 2, 1.75, 2, -1, 'integrativ', 'Integrativer Hub – multimodale Kohärenz.', 'Lernateliers, Projektarbeit, Blended Learning'),
(14, 20, 2, '2025-10-20 17:10:00', 2, 1.25, 1.5, -2.48148, 'kognitiv', 'Kognitive Aktivierung – Denkherausforderung.', 'Leittextarbeit, Think-Pair-Share, Sokratische Methode'),
(15, 21, 2, '2025-10-27 17:10:00', 1.2, 1.25, 1.5, -2.89474, 'affektiv', 'Affektive Resonanz – emotionale Involvierung.', 'Dramapädagogik, Emotionale Ankerarbeit, Gamification'),
(16, 23, 2, '2025-10-27 17:10:00', 2.2, 2, 2, 1.84211, 'kognitiv', 'Kognitive Aktivierung – Denkherausforderung.', 'Lernaufgaben mit Anforderungszuwachs, Concept Mapping, Sokratische Methode'),
(17, 20, 2, '2025-11-03 17:10:00', 2, 1.25, 2, -1, 'integrativ', 'Integrativer Hub – multimodale Kohärenz.', 'Transversales Lernfeld, Lernlandschaften, Stationenlernen'),
(18, 21, 2, '2025-11-03 17:10:00', 2.4, 1.25, 2.5, 1, 'affektiv', 'Affektive Resonanz – emotionale Involvierung.', 'Storytelling, Symbolisches Handeln, Ästhetisches Lernen'),
(19, 21, 2, '2025-11-03 17:10:00', 2.4, 1.25, 2.5, 1, 'affektiv', 'Affektive Resonanz – emotionale Involvierung.', 'Rollenspiel, Emotionale Ankerarbeit, Dramapädagogik'),
(20, 23, 2, '2025-11-03 17:10:00', 2, 1.75, 1.5, -1, 'kognitiv', 'Kognitive Aktivierung – Denkherausforderung.', 'Cognitive Apprenticeship, Leittextarbeit, Sokratische Methode'),
(21, 3, 3, '2025-09-30 15:35:00', 2, 1.25, 2, 0, 'integrativ', 'Integrativer Hub – multimodale Kohärenz.', 'Blended Learning, Stationenlernen, Forschendes Lernen'),
(22, 3, 3, '2025-10-21 15:35:00', 1.2, 1, 1, 0, 'kognitiv', 'Kognitive Aktivierung – Denkherausforderung.', 'Think-Pair-Share, Problem-Based Learning, Concept Mapping'),
(23, 8, 4, '2025-09-09 17:10:00', 2.8, 2.5, 3, 1.33333, 'affektiv', 'Affektive Resonanz – emotionale Involvierung.', 'Rollenspiel, Emotionale Ankerarbeit, Storytelling'),
(24, 5, 4, '2025-09-09 17:10:00', 2.2, 1.5, 2.5, -1.46667, 'affektiv', 'Affektive Resonanz – emotionale Involvierung.', 'Storytelling, Symbolisches Handeln, Ästhetisches Lernen'),
(25, 24, 4, '2025-09-23 17:10:00', 1.8, 1.25, 1.5, -1.34211, 'kognitiv', 'Kognitive Aktivierung – Denkherausforderung.', 'Leittextarbeit, Cognitive Apprenticeship, Lernaufgaben mit Anforderungszuwachs'),
(26, 8, 4, '2025-09-23 17:10:00', 3, 2.5, 3.5, 1, 'affektiv', 'Affektive Resonanz – emotionale Involvierung.', 'Feedback-Loops, Symbolisches Handeln, Ästhetisches Lernen'),
(27, 24, 4, '2025-09-30 17:10:00', 1.8, 1.75, 1.5, -2.875, 'systemisch', 'Systemische Selbstreferenz – Metareflexion.', 'Selbstorganisierte Lernprojekte, Portfolioarbeit, Critical Incident Analysis'),
(28, 8, 4, '2025-09-30 17:10:00', 2.4, 2.75, 3, 1, 'affektiv', 'Affektive Resonanz – emotionale Involvierung.', 'Rollenspiel, Dramapädagogik, Symbolisches Handeln'),
(29, 5, 4, '2025-09-30 17:10:00', 1.4, 1.5, 1.5, -3.6875, 'systemisch', 'Systemische Selbstreferenz – Metareflexion.', 'Reflexionszirkel, Design Thinking, Adaptive Lernpfade'),
(30, 13, 4, '2025-10-07 17:10:00', 1.2, 1.75, 1, -4, 'sozial', 'Soziale Interaktion – Kooperation und Aushandlung.', 'Kooperative Fallarbeit, Design Sprint, Fishbowl-Diskussion'),
(31, 8, 4, '2025-10-07 17:10:00', 1.4, 1.75, 2, 0, 'affektiv', 'Affektive Resonanz – emotionale Involvierung.', 'Symbolisches Handeln, Emotionale Ankerarbeit, Dramapädagogik'),
(32, 22, 4, '2025-10-07 17:10:00', 2.2, 1.25, 2, 1, 'kognitiv', 'Kognitive Aktivierung – Denkherausforderung.', 'Leittextarbeit, Scaffolding, Cognitive Apprenticeship'),
(33, 8, 4, '2025-10-21 17:10:00', 2.4, 2.25, 3, 1.85, 'affektiv', 'Affektive Resonanz – emotionale Involvierung.', 'Rollenspiel, Feedback-Loops, Dramapädagogik'),
(34, 5, 4, '2025-10-21 17:10:00', 1.8, 1.5, 1.5, -1, 'kognitiv', 'Kognitive Aktivierung – Denkherausforderung.', 'Concept Mapping, Sokratische Methode, Think-Pair-Share'),
(35, 9, 4, '2025-10-28 17:10:00', 2.2, 2.25, 3, 1, 'affektiv', 'Affektive Resonanz – emotionale Involvierung.', 'Emotionale Ankerarbeit, Symbolisches Handeln, Storytelling'),
(36, 5, 4, '2025-10-28 17:10:00', 1.4, 0.5, 1.5, -3.05, 'affektiv', 'Affektive Resonanz – emotionale Involvierung.', 'Feedback-Loops, Emotionale Ankerarbeit, Rollenspiel'),
(37, 6, 5, '2025-09-10 15:35:00', 2, 2.25, 2, 1, 'sozial', 'Soziale Interaktion – Kooperation und Aushandlung.', 'Design Sprint, Peer Instruction, Gruppenfeedback'),
(38, 10, 5, '2025-09-17 15:35:00', 1.6, 1, 1, -1, 'kognitiv', 'Kognitive Aktivierung – Denkherausforderung.', 'Leittextarbeit, Scaffolding, Sokratische Methode'),
(39, 2, 5, '2025-09-17 15:35:00', 1.2, 2, 1.5, 1, 'sozial', 'Soziale Interaktion – Kooperation und Aushandlung.', 'Peer Instruction, Fishbowl-Diskussion, Kooperative Fallarbeit'),
(40, 10, 5, '2025-09-24 15:35:00', 1, 1, 1.5, -2.5, 'affektiv', 'Affektive Resonanz – emotionale Involvierung.', 'Symbolisches Handeln, Rollenspiel, Feedback-Loops'),
(41, 6, 5, '2025-09-24 15:35:00', 2, 2, 2, 0, 'integrativ', 'Integrativer Hub – multimodale Kohärenz.', 'Forschendes Lernen, Transversales Lernfeld, Projektarbeit'),
(42, 4, 5, '2025-09-24 15:35:00', 3, 2.5, 1.5, 1, 'kognitiv', 'Kognitive Aktivierung – Denkherausforderung.', 'Cognitive Apprenticeship, Think-Pair-Share, Leittextarbeit'),
(43, 11, 5, '2025-10-01 15:35:00', 1.6, 2.25, 1, -1, 'sozial', 'Soziale Interaktion – Kooperation und Aushandlung.', 'World Café, Design Sprint, Rollenzirkulation'),
(44, 6, 5, '2025-10-01 15:35:00', 2, 2, 2, 4.75, 'systemisch', 'Systemische Selbstreferenz – Metareflexion.', 'Reflexionszirkel, Kollegiale Beratung, Portfolioarbeit'),
(45, 10, 5, '2025-10-01 16:53:43', 1.4, 1, 1, 0, 'kognitiv', 'Kognitive Aktivierung – Denkherausforderung.', 'Leittextarbeit, Lernaufgaben mit Anforderungszuwachs, Problem-Based Learning'),
(46, 6, 5, '2025-10-22 15:35:00', 3, 2, 3, 0, 'integrativ', 'Integrativer Hub – multimodale Kohärenz.', 'Projektarbeit, Lernateliers, Lernlandschaften'),
(47, 2, 5, '2025-10-29 15:35:00', 1.6, 1.75, 1.5, -5, 'sozial', 'Soziale Interaktion – Kooperation und Aushandlung.', 'Gruppenpuzzle, Fishbowl-Diskussion, Rollenzirkulation'),
(48, 6, 5, '2025-10-29 15:35:00', 2.6, 2.25, 3, 1, 'affektiv', 'Affektive Resonanz – emotionale Involvierung.', 'Emotionale Ankerarbeit, Storytelling, Feedback-Loops'),
(49, 10, 5, '2025-10-29 16:53:35', 1.6, 1, 1, 0, 'kognitiv', 'Kognitive Aktivierung – Denkherausforderung.', 'Scaffolding, Concept Mapping, Cognitive Apprenticeship'),
(50, 12, 6, '2025-09-10 17:10:00', 1.4, 1, 1, -1.35556, 'kognitiv', 'Kognitive Aktivierung – Denkherausforderung.', 'Scaffolding, Sokratische Methode, Concept Mapping'),
(51, 12, 6, '2025-09-10 17:10:00', 1.4, 1, 1, -1.35556, 'kognitiv', 'Kognitive Aktivierung – Denkherausforderung.', 'Scaffolding, Problem-Based Learning, Sokratische Methode'),
(52, 7, 6, '2025-09-10 17:10:00', 2.6, 1.5, 2, 1.04444, 'kognitiv', 'Kognitive Aktivierung – Denkherausforderung.', 'Leittextarbeit, Problem-Based Learning, Lernaufgaben mit Anforderungszuwachs'),
(53, 14, 6, '2025-09-17 17:10:00', 1.4, 1.75, 1, 1, 'sozial', 'Soziale Interaktion – Kooperation und Aushandlung.', 'Gruppenfeedback, Design Sprint, World Café'),
(54, 12, 6, '2025-09-17 17:10:00', 1, 1.25, 1, -1, 'sozial', 'Soziale Interaktion – Kooperation und Aushandlung.', 'World Café, Fishbowl-Diskussion, Gruppenfeedback'),
(55, 22, 6, '2025-09-24 17:10:00', 2.8, 1.5, 3, 1.72222, 'affektiv', 'Affektive Resonanz – emotionale Involvierung.', 'Emotionale Ankerarbeit, Rollenspiel, Gamification'),
(56, 13, 6, '2025-09-24 17:10:00', 2, 2, 1.5, -0.277778, 'integrativ', 'Integrativer Hub – multimodale Kohärenz.', 'Blended Learning, Lernlandschaften, Projektarbeit'),
(57, 7, 6, '2025-09-24 17:10:00', 2, 2, 2, 0.277778, 'integrativ', 'Integrativer Hub – multimodale Kohärenz.', 'Kooperative Simulationen, Stationenlernen, Transversales Lernfeld'),
(58, 14, 6, '2025-09-24 17:10:00', 1.4, 1, 1, -2.61111, 'kognitiv', 'Kognitive Aktivierung – Denkherausforderung.', 'Concept Mapping, Leittextarbeit, Lernaufgaben mit Anforderungszuwachs'),
(59, 22, 6, '2025-10-01 17:10:00', 2.6, 1.25, 2, 3, 'kognitiv', 'Kognitive Aktivierung – Denkherausforderung.', 'Scaffolding, Concept Mapping, Think-Pair-Share'),
(60, 12, 6, '2025-10-01 17:10:00', 1, 1.25, 1, -1, 'sozial', 'Soziale Interaktion – Kooperation und Aushandlung.', 'Fishbowl-Diskussion, Design Sprint, World Café'),
(61, 14, 6, '2025-10-01 17:10:00', 1.4, 1, 1.5, 0, 'affektiv', 'Affektive Resonanz – emotionale Involvierung.', 'Storytelling, Gamification, Ästhetisches Lernen'),
(62, 22, 6, '2025-10-22 17:10:00', 1.6, 1.25, 2, -1, 'affektiv', 'Affektive Resonanz – emotionale Involvierung.', 'Rollenspiel, Dramapädagogik, Ästhetisches Lernen'),
(63, 14, 6, '2025-10-22 17:10:00', 2.6, 1.75, 2.5, 9, 'kognitiv', 'Kognitive Aktivierung – Denkherausforderung.', 'Problem-Based Learning, Concept Mapping, Cognitive Apprenticeship'),
(64, 14, 6, '2025-10-29 17:10:00', 1.2, 1, 1.5, -1.11111, 'affektiv', 'Affektive Resonanz – emotionale Involvierung.', 'Gamification, Dramapädagogik, Storytelling'),
(65, 22, 6, '2025-10-29 17:10:00', 2.8, 1.25, 2.5, 1, 'kognitiv', 'Kognitive Aktivierung – Denkherausforderung.', 'Scaffolding, Leittextarbeit, Lernaufgaben mit Anforderungszuwachs'),
(66, 15, 7, '2025-09-11 15:35:00', 3.2, 1.5, 3, 2.57895, 'kognitiv', 'Kognitive Aktivierung – Denkherausforderung.', 'Think-Pair-Share, Sokratische Methode, Leittextarbeit'),
(67, 10, 7, '2025-09-11 15:35:00', 1.8, 1, 1.5, -1, 'kognitiv', 'Kognitive Aktivierung – Denkherausforderung.', 'Lernaufgaben mit Anforderungszuwachs, Think-Pair-Share, Concept Mapping'),
(68, 10, 7, '2025-09-18 15:35:00', 1.2, 1.25, 1, -1, 'integrativ', 'Integrativer Hub – multimodale Kohärenz.', 'Forschendes Lernen, Transversales Lernfeld, Lernateliers'),
(69, 15, 7, '2025-09-18 15:35:00', 3.2, 1.75, 2, 2.68421, 'kognitiv', 'Kognitive Aktivierung – Denkherausforderung.', 'Problem-Based Learning, Sokratische Methode, Cognitive Apprenticeship'),
(70, 9, 7, '2025-09-25 15:35:00', 2.8, 1.25, 1, 1, 'kognitiv', 'Kognitive Aktivierung – Denkherausforderung.', 'Scaffolding, Lernaufgaben mit Anforderungszuwachs, Sokratische Methode'),
(71, 10, 7, '2025-09-25 15:35:00', 1.4, 1, 1, -10, 'kognitiv', 'Kognitive Aktivierung – Denkherausforderung.', 'Concept Mapping, Problem-Based Learning, Sokratische Methode'),
(72, 16, 7, '2025-10-23 15:35:00', 1.6, 1, 1, -1, 'kognitiv', 'Kognitive Aktivierung – Denkherausforderung.', 'Think-Pair-Share, Scaffolding, Cognitive Apprenticeship'),
(73, 15, 7, '2025-10-23 15:35:00', 2, 3, 2.5, 1.29412, 'sozial', 'Soziale Interaktion – Kooperation und Aushandlung.', 'Gruppenfeedback, Rollenzirkulation, Kooperative Fallarbeit'),
(74, 9, 7, '2025-10-30 15:35:00', 1.4, 1.25, 1, 0, 'kognitiv', 'Kognitive Aktivierung – Denkherausforderung.', 'Lernaufgaben mit Anforderungszuwachs, Cognitive Apprenticeship, Think-Pair-Share'),
(75, 10, 8, '2025-09-11 17:10:00', 2.6, 2, 3, 5.1, 'affektiv', 'Affektive Resonanz – emotionale Involvierung.', 'Symbolisches Handeln, Storytelling, Gamification'),
(76, 17, 8, '2025-09-11 17:10:00', 2.4, 1, 1, -1.3, 'kognitiv', 'Kognitive Aktivierung – Denkherausforderung.', 'Sokratische Methode, Leittextarbeit, Scaffolding'),
(77, 19, 8, '2025-09-18 17:10:00', 2.6, 2.25, 2.5, 1, 'kognitiv', 'Kognitive Aktivierung – Denkherausforderung.', 'Think-Pair-Share, Sokratische Methode, Concept Mapping'),
(78, 17, 8, '2025-09-25 17:10:00', 3.2, 1.5, 3, 2.97368, 'kognitiv', 'Kognitive Aktivierung – Denkherausforderung.', 'Sokratische Methode, Cognitive Apprenticeship, Problem-Based Learning'),
(79, 16, 8, '2025-09-25 17:10:00', 1.4, 1, 1, -1.55263, 'kognitiv', 'Kognitive Aktivierung – Denkherausforderung.', 'Cognitive Apprenticeship, Concept Mapping, Lernaufgaben mit Anforderungszuwachs'),
(80, 17, 8, '2025-10-02 17:10:00', 2.8, 1.25, 2.5, 2.4375, 'kognitiv', 'Kognitive Aktivierung – Denkherausforderung.', 'Problem-Based Learning, Lernaufgaben mit Anforderungszuwachs, Scaffolding'),
(81, 18, 8, '2025-10-02 17:10:00', 1.4, 1.75, 2, -1.0625, 'affektiv', 'Affektive Resonanz – emotionale Involvierung.', 'Gamification, Symbolisches Handeln, Emotionale Ankerarbeit'),
(82, 18, 8, '2025-10-23 17:10:00', 3, 1.5, 3, 1.26667, 'integrativ', 'Integrativer Hub – multimodale Kohärenz.', 'Stationenlernen, Transversales Lernfeld, Projektarbeit'),
(83, 17, 8, '2025-10-23 17:10:00', 2.8, 1.5, 1.5, -1, 'kognitiv', 'Kognitive Aktivierung – Denkherausforderung.', 'Cognitive Apprenticeship, Leittextarbeit, Think-Pair-Share'),
(84, 19, 8, '2025-10-30 17:10:00', 2.8, 2.25, 3, 1, 'affektiv', 'Affektive Resonanz – emotionale Involvierung.', 'Feedback-Loops, Symbolisches Handeln, Rollenspiel'),
(85, 18, 8, '2025-10-30 17:10:00', 2.8, 2.25, 3, 1, 'affektiv', 'Affektive Resonanz – emotionale Involvierung.', 'Rollenspiel, Emotionale Ankerarbeit, Symbolisches Handeln'),
(86, 16, 8, '2025-10-30 17:10:00', 1.8, 1, 1.5, -6.5, 'kognitiv', 'Kognitive Aktivierung – Denkherausforderung.', 'Think-Pair-Share, Cognitive Apprenticeship, Lernaufgaben mit Anforderungszuwachs'),
(87, 4, 9, '2025-09-19 15:35:00', 3.2, 2.75, 3, 1.4375, 'kognitiv', 'Kognitive Aktivierung – Denkherausforderung.', 'Cognitive Apprenticeship, Think-Pair-Share, Scaffolding'),
(88, 20, 9, '2025-09-19 15:35:00', 1.8, 1.25, 2, -1, 'affektiv', 'Affektive Resonanz – emotionale Involvierung.', 'Storytelling, Dramapädagogik, Symbolisches Handeln'),
(89, 6, 9, '2025-09-19 15:35:00', 2.8, 3, 2.5, 1.03125, 'sozial', 'Soziale Interaktion – Kooperation und Aushandlung.', 'World Café, Design Sprint, Kooperative Fallarbeit'),
(90, 4, 9, '2025-09-26 15:35:00', 2.8, 2.5, 2.5, 1, 'kognitiv', 'Kognitive Aktivierung – Denkherausforderung.', 'Problem-Based Learning, Scaffolding, Sokratische Methode'),
(91, 24, 9, '2025-09-26 17:30:26', 1.4, 1.5, 1.5, 0, 'integrativ', 'Integrativer Hub – multimodale Kohärenz.', 'Blended Learning, Projektarbeit, Transversales Lernfeld'),
(92, 4, 9, '2025-10-24 15:35:00', 2.8, 2.5, 3, 1.65217, 'affektiv', 'Affektive Resonanz – emotionale Involvierung.', 'Feedback-Loops, Storytelling, Rollenspiel'),
(93, 6, 9, '2025-10-24 15:35:00', 2.4, 2, 2, 0, 'kognitiv', 'Kognitive Aktivierung – Denkherausforderung.', 'Think-Pair-Share, Lernaufgaben mit Anforderungszuwachs, Problem-Based Learning'),
(94, 20, 9, '2025-10-24 15:35:00', 2, 1.25, 2, -1, 'integrativ', 'Integrativer Hub – multimodale Kohärenz.', 'Projektarbeit, Kooperative Simulationen, Transversales Lernfeld');

-- --------------------------------------------------------

--
-- Tabellenstruktur für Tabelle `frzk_interdependenz`
--

CREATE TABLE `frzk_interdependenz` (
  `id` int(11) NOT NULL,
  `teilnehmer_id` int(11) NOT NULL,
  `zeitpunkt` datetime NOT NULL,
  `x_kognition` decimal(5,2) DEFAULT NULL,
  `y_sozial` decimal(5,2) DEFAULT NULL,
  `z_affektiv` decimal(5,2) DEFAULT NULL,
  `h_bedeutung` decimal(5,2) DEFAULT NULL,
  `korrelationsscore` float DEFAULT NULL,
  `kohärenz_index` float DEFAULT NULL,
  `varianz_xyz` float DEFAULT NULL,
  `bemerkung` text
) ENGINE=InnoDB DEFAULT CHARSET=utf8mb4;

--
-- Daten für Tabelle `frzk_interdependenz`
--

INSERT INTO `frzk_interdependenz` (`id`, `teilnehmer_id`, `zeitpunkt`, `x_kognition`, `y_sozial`, `z_affektiv`, `h_bedeutung`, `korrelationsscore`, `kohärenz_index`, `varianz_xyz`, `bemerkung`) VALUES
(1, 2, '2025-09-15 15:35:00', '3.00', '2.25', '2.50', '2.64', 6.625, 0.833333, 0.0972222, 'x=3.00 y=2.25 z=2.50 h=2.64 | Corr=6.625 Koh=0.833 Var=0.097'),
(2, 2, '2025-09-17 15:35:00', '1.20', '2.00', '1.50', '1.55', 2.4, 0.822222, 0.108889, 'x=1.20 y=2.00 z=1.50 h=1.55 | Corr=2.400 Koh=0.822 Var=0.109'),
(3, 2, '2025-09-22 15:35:00', '2.20', '1.75', '1.50', '1.91', 3.25833, 0.844444, 0.0838889, 'x=2.20 y=1.75 z=1.50 h=1.91 | Corr=3.258 Koh=0.844 Var=0.084'),
(4, 2, '2025-09-29 15:35:00', '2.40', '2.00', '2.00', '2.18', 4.53333, 0.911111, 0.0355556, 'x=2.40 y=2.00 z=2.00 h=2.18 | Corr=4.533 Koh=0.911 Var=0.036'),
(5, 2, '2025-10-01 15:35:00', '1.80', '1.75', '1.50', '1.73', 2.825, 0.933333, 0.0172222, 'x=1.80 y=1.75 z=1.50 h=1.73 | Corr=2.825 Koh=0.933 Var=0.017'),
(6, 2, '2025-10-20 15:35:00', '1.80', '1.75', '1.50', '1.73', 2.825, 0.933333, 0.0172222, 'x=1.80 y=1.75 z=1.50 h=1.73 | Corr=2.825 Koh=0.933 Var=0.017'),
(7, 2, '2025-10-29 15:35:00', '1.60', '1.75', '1.50', '1.64', 2.60833, 0.944444, 0.0105556, 'x=1.60 y=1.75 z=1.50 h=1.64 | Corr=2.608 Koh=0.944 Var=0.011'),
(8, 2, '2025-11-03 15:35:00', '2.20', '1.50', '2.00', '1.91', 3.56667, 0.844444, 0.0866667, 'x=2.20 y=1.50 z=2.00 h=1.91 | Corr=3.567 Koh=0.844 Var=0.087'),
(9, 3, '2025-09-09 15:35:00', '1.60', '1.00', '1.00', '1.27', 1.4, 0.866667, 0.08, 'x=1.60 y=1.00 z=1.00 h=1.27 | Corr=1.400 Koh=0.867 Var=0.080'),
(10, 3, '2025-09-30 15:35:00', '2.00', '1.25', '2.00', '1.73', 3, 0.833333, 0.125, 'x=2.00 y=1.25 z=2.00 h=1.73 | Corr=3.000 Koh=0.833 Var=0.125'),
(11, 3, '2025-10-21 15:35:00', '1.20', '1.00', '1.00', '1.09', 1.13333, 0.955556, 0.00888889, 'x=1.20 y=1.00 z=1.00 h=1.09 | Corr=1.133 Koh=0.956 Var=0.009'),
(12, 3, '2025-11-04 15:35:00', '1.80', '1.25', '1.50', '1.55', 2.275, 0.877778, 0.0505556, 'x=1.80 y=1.25 z=1.50 h=1.55 | Corr=2.275 Koh=0.878 Var=0.051'),
(13, 4, '2025-09-19 15:35:00', '3.20', '2.75', '3.00', '3.00', 8.88333, 0.9, 0.0338889, 'x=3.20 y=2.75 z=3.00 h=3.00 | Corr=8.883 Koh=0.900 Var=0.034'),
(14, 4, '2025-09-24 15:35:00', '3.00', '2.50', '1.50', '2.55', 5.25, 0.666667, 0.388889, 'x=3.00 y=2.50 z=1.50 h=2.55 | Corr=5.250 Koh=0.667 Var=0.389'),
(15, 4, '2025-09-26 15:35:00', '2.80', '2.50', '2.50', '2.64', 6.75, 0.933333, 0.02, 'x=2.80 y=2.50 z=2.50 h=2.64 | Corr=6.750 Koh=0.933 Var=0.020'),
(16, 4, '2025-10-24 15:35:00', '2.80', '2.50', '3.00', '2.73', 7.63333, 0.888889, 0.0422222, 'x=2.80 y=2.50 z=3.00 h=2.73 | Corr=7.633 Koh=0.889 Var=0.042'),
(17, 4, '2025-10-27 15:35:00', '2.00', '2.25', '2.00', '2.09', 4.33333, 0.944444, 0.0138889, 'x=2.00 y=2.25 z=2.00 h=2.09 | Corr=4.333 Koh=0.944 Var=0.014'),
(18, 5, '2025-09-09 17:10:00', '2.20', '2.00', '2.50', '2.20', 4.96667, 0.888889, 0.0422222, 'x=2.20 y=2.00 z=2.50 h=2.20 | Corr=4.967 Koh=0.889 Var=0.042'),
(19, 5, '2025-09-30 17:10:00', '1.75', '2.00', '1.50', '1.78', 3.04167, 0.888889, 0.0416667, 'x=1.75 y=2.00 z=1.50 h=1.78 | Corr=3.042 Koh=0.889 Var=0.042'),
(20, 5, '2025-10-21 17:10:00', '1.80', '2.00', '1.50', '1.80', 3.1, 0.888889, 0.0422222, 'x=1.80 y=2.00 z=1.50 h=1.80 | Corr=3.100 Koh=0.889 Var=0.042'),
(21, 5, '2025-10-28 17:10:00', '1.75', '2.00', '1.50', '1.71', 3.04167, 0.888889, 0.0416667, 'x=1.75 y=2.00 z=1.50 h=1.71 | Corr=3.042 Koh=0.889 Var=0.042'),
(22, 5, '2025-11-04 17:10:00', '1.40', '2.50', '1.50', '1.67', 3.11667, 0.755556, 0.246667, 'x=1.40 y=2.50 z=1.50 h=1.67 | Corr=3.117 Koh=0.756 Var=0.247'),
(23, 6, '2025-09-10 15:35:00', '2.00', '2.25', '2.00', '2.09', 4.33333, 0.944444, 0.0138889, 'x=2.00 y=2.25 z=2.00 h=2.09 | Corr=4.333 Koh=0.944 Var=0.014'),
(24, 6, '2025-09-19 15:35:00', '2.80', '3.00', '2.50', '2.82', 7.63333, 0.888889, 0.0422222, 'x=2.80 y=3.00 z=2.50 h=2.82 | Corr=7.633 Koh=0.889 Var=0.042'),
(25, 6, '2025-09-24 15:35:00', '2.00', '2.00', '2.00', '2.00', 4, 1, 0, 'x=2.00 y=2.00 z=2.00 h=2.00 | Corr=4.000 Koh=1.000 Var=0.000'),
(26, 6, '2025-10-01 15:35:00', '2.00', '2.00', '2.00', '2.00', 4, 1, 0, 'x=2.00 y=2.00 z=2.00 h=2.00 | Corr=4.000 Koh=1.000 Var=0.000'),
(27, 6, '2025-10-22 15:35:00', '3.00', '2.00', '3.00', '2.64', 7, 0.777778, 0.222222, 'x=3.00 y=2.00 z=3.00 h=2.64 | Corr=7.000 Koh=0.778 Var=0.222'),
(28, 6, '2025-10-24 15:35:00', '2.40', '2.00', '2.00', '2.18', 4.53333, 0.911111, 0.0355556, 'x=2.40 y=2.00 z=2.00 h=2.18 | Corr=4.533 Koh=0.911 Var=0.036'),
(29, 6, '2025-10-29 15:35:00', '2.60', '2.25', '3.00', '2.55', 6.8, 0.833333, 0.0938889, 'x=2.60 y=2.25 z=3.00 h=2.55 | Corr=6.800 Koh=0.833 Var=0.094'),
(30, 7, '2025-09-10 17:10:00', '2.60', '1.50', '2.00', '2.09', 4.03333, 0.755556, 0.202222, 'x=2.60 y=1.50 z=2.00 h=2.09 | Corr=4.033 Koh=0.756 Var=0.202'),
(31, 7, '2025-09-24 17:10:00', '2.00', '2.00', '2.00', '2.00', 4, 1, 0, 'x=2.00 y=2.00 z=2.00 h=2.00 | Corr=4.000 Koh=1.000 Var=0.000'),
(32, 7, '2025-09-30 17:10:00', '2.80', '1.75', '3.00', '2.45', 6.18333, 0.722222, 0.300556, 'x=2.80 y=1.75 z=3.00 h=2.45 | Corr=6.183 Koh=0.722 Var=0.301'),
(33, 7, '2025-10-21 17:10:00', '1.80', '1.50', '2.50', '1.82', 3.65, 0.777778, 0.175556, 'x=1.80 y=1.50 z=2.50 h=1.82 | Corr=3.650 Koh=0.778 Var=0.176'),
(34, 7, '2025-10-22 17:10:00', '1.80', '1.25', '2.00', '1.64', 2.78333, 0.833333, 0.100556, 'x=1.80 y=1.25 z=2.00 h=1.64 | Corr=2.783 Koh=0.833 Var=0.101'),
(35, 7, '2025-10-29 17:10:00', '1.20', '2.00', '2.00', '1.64', 2.93333, 0.822222, 0.142222, 'x=1.20 y=2.00 z=2.00 h=1.64 | Corr=2.933 Koh=0.822 Var=0.142'),
(36, 8, '2025-09-09 17:10:00', '2.80', '2.50', '3.00', '2.73', 7.63333, 0.888889, 0.0422222, 'x=2.80 y=2.50 z=3.00 h=2.73 | Corr=7.633 Koh=0.889 Var=0.042'),
(37, 8, '2025-09-23 17:10:00', '3.00', '2.50', '3.50', '2.91', 8.91667, 0.777778, 0.166667, 'x=3.00 y=2.50 z=3.50 h=2.91 | Corr=8.917 Koh=0.778 Var=0.167'),
(38, 8, '2025-09-30 17:10:00', '2.40', '2.75', '3.00', '2.64', 7.35, 0.866667, 0.0605556, 'x=2.40 y=2.75 z=3.00 h=2.64 | Corr=7.350 Koh=0.867 Var=0.061'),
(39, 8, '2025-10-07 17:10:00', '1.40', '1.75', '2.00', '1.64', 2.91667, 0.866667, 0.0605556, 'x=1.40 y=1.75 z=2.00 h=1.64 | Corr=2.917 Koh=0.867 Var=0.061'),
(40, 8, '2025-10-21 17:10:00', '2.40', '2.25', '3.00', '2.45', 6.45, 0.833333, 0.105, 'x=2.40 y=2.25 z=3.00 h=2.45 | Corr=6.450 Koh=0.833 Var=0.105'),
(41, 8, '2025-10-28 17:10:00', '2.20', '1.75', '2.50', '2.09', 4.575, 0.833333, 0.095, 'x=2.20 y=1.75 z=2.50 h=2.09 | Corr=4.575 Koh=0.833 Var=0.095'),
(42, 8, '2025-11-04 17:10:00', '2.60', '2.50', '3.00', '2.64', 7.26667, 0.888889, 0.0466667, 'x=2.60 y=2.50 z=3.00 h=2.64 | Corr=7.267 Koh=0.889 Var=0.047'),
(43, 9, '2025-09-09 17:10:00', '1.80', '2.00', '4.00', '2.27', 6.26667, 0.511111, 0.986667, 'x=1.80 y=2.00 z=4.00 h=2.27 | Corr=6.267 Koh=0.511 Var=0.987'),
(44, 9, '2025-09-11 15:35:00', '2.00', '1.75', '1.50', '1.82', 3.04167, 0.888889, 0.0416667, 'x=2.00 y=1.75 z=1.50 h=1.82 | Corr=3.042 Koh=0.889 Var=0.042'),
(45, 9, '2025-09-18 15:35:00', '1.40', '1.00', '2.00', '1.36', 2.06667, 0.777778, 0.168889, 'x=1.40 y=1.00 z=2.00 h=1.36 | Corr=2.067 Koh=0.778 Var=0.169'),
(46, 9, '2025-09-23 17:10:00', '2.60', '1.50', '3.00', '2.27', 5.4, 0.666667, 0.402222, 'x=2.60 y=1.50 z=3.00 h=2.27 | Corr=5.400 Koh=0.667 Var=0.402'),
(47, 9, '2025-09-25 15:35:00', '2.80', '1.67', '2.00', '2.33', 4.53334, 0.748149, 0.226172, 'x=2.80 y=1.67 z=2.00 h=2.33 | Corr=4.533 Koh=0.748 Var=0.226'),
(48, 9, '2025-09-30 17:10:00', '3.60', '1.75', '2.00', '2.64', 5.66667, 0.588889, 0.671667, 'x=3.60 y=1.75 z=2.00 h=2.64 | Corr=5.667 Koh=0.589 Var=0.672'),
(49, 9, '2025-10-02 15:35:00', '1.80', '1.25', '2.00', '1.64', 2.78333, 0.833333, 0.100556, 'x=1.80 y=1.25 z=2.00 h=1.64 | Corr=2.783 Koh=0.833 Var=0.101'),
(50, 9, '2025-10-28 17:10:00', '2.20', '2.25', '3.00', '2.36', 6.1, 0.822222, 0.133889, 'x=2.20 y=2.25 z=3.00 h=2.36 | Corr=6.100 Koh=0.822 Var=0.134'),
(51, 9, '2025-10-30 15:35:00', '1.40', '1.25', '1.00', '1.27', 1.46667, 0.911111, 0.0272222, 'x=1.40 y=1.25 z=1.00 h=1.27 | Corr=1.467 Koh=0.911 Var=0.027'),
(52, 9, '2025-11-04 17:10:00', '1.20', '2.00', '1.50', '1.55', 2.4, 0.822222, 0.108889, 'x=1.20 y=2.00 z=1.50 h=1.55 | Corr=2.400 Koh=0.822 Var=0.109'),
(53, 9, '2025-11-06 15:35:00', '1.80', '1.75', '1.50', '1.73', 2.825, 0.933333, 0.0172222, 'x=1.80 y=1.75 z=1.50 h=1.73 | Corr=2.825 Koh=0.933 Var=0.017'),
(54, 10, '2025-09-11 15:35:00', '1.80', '1.00', '1.50', '1.45', 2, 0.822222, 0.108889, 'x=1.80 y=1.00 z=1.50 h=1.45 | Corr=2.000 Koh=0.822 Var=0.109'),
(55, 10, '2025-09-11 17:10:00', '2.60', '2.00', '3.00', '2.45', 6.33333, 0.777778, 0.168889, 'x=2.60 y=2.00 z=3.00 h=2.45 | Corr=6.333 Koh=0.778 Var=0.169'),
(56, 10, '2025-09-17 15:35:00', '1.60', '1.00', '1.00', '1.27', 1.4, 0.866667, 0.08, 'x=1.60 y=1.00 z=1.00 h=1.27 | Corr=1.400 Koh=0.867 Var=0.080'),
(57, 10, '2025-09-18 15:35:00', '1.20', '1.25', '1.00', '1.18', 1.31667, 0.944444, 0.0116667, 'x=1.20 y=1.25 z=1.00 h=1.18 | Corr=1.317 Koh=0.944 Var=0.012'),
(58, 10, '2025-09-24 15:35:00', '1.00', '1.00', '1.50', '1.09', 1.33333, 0.888889, 0.0555556, 'x=1.00 y=1.00 z=1.50 h=1.09 | Corr=1.333 Koh=0.889 Var=0.056'),
(59, 10, '2025-09-25 15:35:00', '1.40', '1.00', '1.00', '1.18', 1.26667, 0.911111, 0.0355556, 'x=1.40 y=1.00 z=1.00 h=1.18 | Corr=1.267 Koh=0.911 Var=0.036'),
(60, 10, '2025-10-01 16:53:43', '1.40', '1.00', '1.00', '1.18', 1.26667, 0.911111, 0.0355556, 'x=1.40 y=1.00 z=1.00 h=1.18 | Corr=1.267 Koh=0.911 Var=0.036'),
(61, 10, '2025-10-02 16:53:16', '2.40', '1.00', '1.00', '1.64', 1.93333, 0.688889, 0.435556, 'x=2.40 y=1.00 z=1.00 h=1.64 | Corr=1.933 Koh=0.689 Var=0.436'),
(62, 10, '2025-10-23 15:31:28', '1.40', '1.00', '1.00', '1.18', 1.26667, 0.911111, 0.0355556, 'x=1.40 y=1.00 z=1.00 h=1.18 | Corr=1.267 Koh=0.911 Var=0.036'),
(63, 10, '2025-10-29 16:53:35', '1.60', '1.00', '1.00', '1.27', 1.4, 0.866667, 0.08, 'x=1.60 y=1.00 z=1.00 h=1.27 | Corr=1.400 Koh=0.867 Var=0.080'),
(64, 10, '2025-10-30 16:55:47', '1.00', '1.00', '1.00', '1.00', 1, 1, 0, 'x=1.00 y=1.00 z=1.00 h=1.00 | Corr=1.000 Koh=1.000 Var=0.000'),
(65, 10, '2025-11-06 15:34:11', '1.40', '1.00', '1.00', '1.18', 1.26667, 0.911111, 0.0355556, 'x=1.40 y=1.00 z=1.00 h=1.18 | Corr=1.267 Koh=0.911 Var=0.036'),
(66, 10, '2025-11-06 16:51:46', '1.40', '1.00', '1.00', '1.18', 1.26667, 0.911111, 0.0355556, 'x=1.40 y=1.00 z=1.00 h=1.18 | Corr=1.267 Koh=0.911 Var=0.036'),
(67, 11, '2025-09-10 15:35:00', '1.80', '1.75', '1.50', '1.73', 2.825, 0.933333, 0.0172222, 'x=1.80 y=1.75 z=1.50 h=1.73 | Corr=2.825 Koh=0.933 Var=0.017'),
(68, 11, '2025-09-19 15:35:00', '2.40', '2.25', '2.00', '2.27', 4.9, 0.911111, 0.0272222, 'x=2.40 y=2.25 z=2.00 h=2.27 | Corr=4.900 Koh=0.911 Var=0.027'),
(69, 11, '2025-10-01 15:35:00', '1.60', '2.25', '1.00', '1.73', 2.48333, 0.722222, 0.260556, 'x=1.60 y=2.25 z=1.00 h=1.73 | Corr=2.483 Koh=0.722 Var=0.261'),
(70, 11, '2025-10-29 15:35:00', '2.60', '2.25', '2.50', '2.45', 5.99167, 0.922222, 0.0216667, 'x=2.60 y=2.25 z=2.50 h=2.45 | Corr=5.992 Koh=0.922 Var=0.022'),
(71, 12, '2025-09-08 17:10:00', '1.00', '1.00', '1.00', '1.00', 1, 1, 0, 'x=1.00 y=1.00 z=1.00 h=1.00 | Corr=1.000 Koh=1.000 Var=0.000'),
(72, 12, '2025-09-10 17:10:00', '1.40', '1.00', '1.00', '1.18', 1.26667, 0.911111, 0.0355556, 'x=1.40 y=1.00 z=1.00 h=1.18 | Corr=1.267 Koh=0.911 Var=0.036'),
(73, 12, '2025-09-10 17:10:00', '1.40', '1.00', '1.00', '1.18', 1.26667, 0.911111, 0.0355556, 'x=1.40 y=1.00 z=1.00 h=1.18 | Corr=1.267 Koh=0.911 Var=0.036'),
(74, 12, '2025-09-17 17:10:00', '1.00', '1.25', '1.00', '1.09', 1.16667, 0.944444, 0.0138889, 'x=1.00 y=1.25 z=1.00 h=1.09 | Corr=1.167 Koh=0.944 Var=0.014'),
(75, 12, '2025-10-01 17:10:00', '1.00', '1.25', '1.00', '1.09', 1.16667, 0.944444, 0.0138889, 'x=1.00 y=1.25 z=1.00 h=1.09 | Corr=1.167 Koh=0.944 Var=0.014'),
(76, 13, '2025-09-10 17:10:00', '2.00', '2.25', '1.50', '2.00', 3.625, 0.833333, 0.0972222, 'x=2.00 y=2.25 z=1.50 h=2.00 | Corr=3.625 Koh=0.833 Var=0.097'),
(77, 13, '2025-09-22 17:10:00', '1.20', '1.75', '1.50', '1.45', 2.175, 0.877778, 0.0505556, 'x=1.20 y=1.75 z=1.50 h=1.45 | Corr=2.175 Koh=0.878 Var=0.051'),
(78, 13, '2025-09-24 17:10:00', '2.00', '2.00', '1.50', '1.91', 3.33333, 0.888889, 0.0555556, 'x=2.00 y=2.00 z=1.50 h=1.91 | Corr=3.333 Koh=0.889 Var=0.056'),
(79, 13, '2025-10-07 17:10:00', '1.20', '1.75', '1.00', '1.36', 1.68333, 0.833333, 0.100556, 'x=1.20 y=1.75 z=1.00 h=1.36 | Corr=1.683 Koh=0.833 Var=0.101'),
(80, 14, '2025-09-10 17:10:00', '1.60', '1.50', '1.00', '1.45', 1.83333, 0.866667, 0.0688889, 'x=1.60 y=1.50 z=1.00 h=1.45 | Corr=1.833 Koh=0.867 Var=0.069'),
(81, 14, '2025-09-17 17:10:00', '1.40', '1.75', '1.00', '1.45', 1.86667, 0.833333, 0.0938889, 'x=1.40 y=1.75 z=1.00 h=1.45 | Corr=1.867 Koh=0.833 Var=0.094'),
(82, 14, '2025-09-24 17:10:00', '1.40', '1.00', '1.00', '1.18', 1.26667, 0.911111, 0.0355556, 'x=1.40 y=1.00 z=1.00 h=1.18 | Corr=1.267 Koh=0.911 Var=0.036'),
(83, 14, '2025-10-01 17:10:00', '1.40', '1.00', '1.50', '1.27', 1.66667, 0.888889, 0.0466667, 'x=1.40 y=1.00 z=1.50 h=1.27 | Corr=1.667 Koh=0.889 Var=0.047'),
(84, 14, '2025-10-22 17:10:00', '2.60', '1.75', '2.50', '2.27', 5.14167, 0.811111, 0.143889, 'x=2.60 y=1.75 z=2.50 h=2.27 | Corr=5.142 Koh=0.811 Var=0.144'),
(85, 14, '2025-10-29 17:10:00', '1.20', '1.00', '1.50', '1.18', 1.5, 0.888889, 0.0422222, 'x=1.20 y=1.00 z=1.50 h=1.18 | Corr=1.500 Koh=0.889 Var=0.042'),
(86, 15, '2025-09-11 15:35:00', '3.20', '1.50', '3.00', '2.55', 6.3, 0.622222, 0.575556, 'x=3.20 y=1.50 z=3.00 h=2.55 | Corr=6.300 Koh=0.622 Var=0.576'),
(87, 15, '2025-09-18 15:35:00', '3.20', '1.75', '2.00', '2.45', 5.16667, 0.677778, 0.400556, 'x=3.20 y=1.75 z=2.00 h=2.45 | Corr=5.167 Koh=0.678 Var=0.401'),
(88, 15, '2025-09-25 15:35:00', '2.40', '1.00', '1.50', '1.73', 2.5, 0.688889, 0.335556, 'x=2.40 y=1.00 z=1.50 h=1.73 | Corr=2.500 Koh=0.689 Var=0.336'),
(89, 15, '2025-10-23 15:35:00', '2.00', '3.00', '2.50', '2.45', 6.16667, 0.777778, 0.166667, 'x=2.00 y=3.00 z=2.50 h=2.45 | Corr=6.167 Koh=0.778 Var=0.167'),
(90, 15, '2025-11-06 15:34:29', '2.60', '2.25', '3.00', '2.55', 6.8, 0.833333, 0.0938889, 'x=2.60 y=2.25 z=3.00 h=2.55 | Corr=6.800 Koh=0.833 Var=0.094'),
(91, 15, '2025-11-06 15:35:00', '3.60', '1.50', '2.50', '2.64', 6.05, 0.533333, 0.735556, 'x=3.60 y=1.50 z=2.50 h=2.64 | Corr=6.050 Koh=0.533 Var=0.736'),
(92, 16, '2025-09-08 17:10:00', '2.40', '1.25', '1.50', '1.82', 2.825, 0.744444, 0.243889, 'x=2.40 y=1.25 z=1.50 h=1.82 | Corr=2.825 Koh=0.744 Var=0.244'),
(93, 16, '2025-09-09 17:10:00', '2.80', '2.00', '2.00', '2.36', 5.06667, 0.822222, 0.142222, 'x=2.80 y=2.00 z=2.00 h=2.36 | Corr=5.067 Koh=0.822 Var=0.142'),
(94, 16, '2025-09-11 17:10:00', '2.40', '1.00', '2.00', '1.82', 3.06667, 0.688889, 0.346667, 'x=2.40 y=1.00 z=2.00 h=1.82 | Corr=3.067 Koh=0.689 Var=0.347'),
(95, 16, '2025-09-15 17:10:00', '2.60', '1.50', '2.00', '2.09', 4.03333, 0.755556, 0.202222, 'x=2.60 y=1.50 z=2.00 h=2.09 | Corr=4.033 Koh=0.756 Var=0.202'),
(96, 16, '2025-09-22 17:10:00', '2.00', '1.25', '2.00', '1.73', 3, 0.833333, 0.125, 'x=2.00 y=1.25 z=2.00 h=1.73 | Corr=3.000 Koh=0.833 Var=0.125'),
(97, 16, '2025-09-23 15:35:00', '1.00', '1.00', '1.00', '1.00', 1, 1, 0, 'x=1.00 y=1.00 z=1.00 h=1.00 | Corr=1.000 Koh=1.000 Var=0.000'),
(98, 16, '2025-09-25 17:10:00', '1.40', '1.00', '1.00', '1.18', 1.26667, 0.911111, 0.0355556, 'x=1.40 y=1.00 z=1.00 h=1.18 | Corr=1.267 Koh=0.911 Var=0.036'),
(99, 16, '2025-09-29 17:10:00', '1.40', '1.00', '1.00', '1.18', 1.26667, 0.911111, 0.0355556, 'x=1.40 y=1.00 z=1.00 h=1.18 | Corr=1.267 Koh=0.911 Var=0.036'),
(100, 16, '2025-10-02 17:10:00', '2.20', '1.00', '2.00', '1.73', 2.86667, 0.733333, 0.275556, 'x=2.20 y=1.00 z=2.00 h=1.73 | Corr=2.867 Koh=0.733 Var=0.276'),
(101, 16, '2025-10-23 15:35:00', '1.60', '1.00', '1.00', '1.27', 1.4, 0.866667, 0.08, 'x=1.60 y=1.00 z=1.00 h=1.27 | Corr=1.400 Koh=0.867 Var=0.080'),
(102, 16, '2025-10-23 17:10:00', '2.80', '1.25', '2.50', '2.18', 4.54167, 0.655556, 0.450556, 'x=2.80 y=1.25 z=2.50 h=2.18 | Corr=4.542 Koh=0.656 Var=0.451'),
(103, 16, '2025-10-27 17:10:00', '2.40', '1.00', '2.00', '1.82', 3.06667, 0.688889, 0.346667, 'x=2.40 y=1.00 z=2.00 h=1.82 | Corr=3.067 Koh=0.689 Var=0.347'),
(104, 16, '2025-10-30 17:10:00', '1.80', '1.00', '1.50', '1.45', 2, 0.822222, 0.108889, 'x=1.80 y=1.00 z=1.50 h=1.45 | Corr=2.000 Koh=0.822 Var=0.109'),
(105, 16, '2025-11-03 17:10:00', '2.20', '1.00', '2.50', '1.82', 3.4, 0.666667, 0.42, 'x=2.20 y=1.00 z=2.50 h=1.82 | Corr=3.400 Koh=0.667 Var=0.420'),
(106, 16, '2025-11-06 17:10:00', '1.20', '1.00', '1.00', '1.09', 1.13333, 0.955556, 0.00888889, 'x=1.20 y=1.00 z=1.00 h=1.09 | Corr=1.133 Koh=0.956 Var=0.009'),
(107, 17, '2025-09-11 17:10:00', '2.40', '1.00', '1.00', '1.64', 1.93333, 0.688889, 0.435556, 'x=2.40 y=1.00 z=1.00 h=1.64 | Corr=1.933 Koh=0.689 Var=0.436'),
(108, 17, '2025-09-18 17:10:00', '2.40', '1.00', '1.50', '1.73', 2.5, 0.688889, 0.335556, 'x=2.40 y=1.00 z=1.50 h=1.73 | Corr=2.500 Koh=0.689 Var=0.336'),
(109, 17, '2025-09-25 17:10:00', '3.20', '1.50', '3.00', '2.55', 6.3, 0.622222, 0.575556, 'x=3.20 y=1.50 z=3.00 h=2.55 | Corr=6.300 Koh=0.622 Var=0.576'),
(110, 17, '2025-10-02 17:10:00', '2.80', '1.25', '2.50', '2.18', 4.54167, 0.655556, 0.450556, 'x=2.80 y=1.25 z=2.50 h=2.18 | Corr=4.542 Koh=0.656 Var=0.451'),
(111, 17, '2025-10-23 17:10:00', '2.80', '1.50', '1.50', '2.09', 3.55, 0.711111, 0.375556, 'x=2.80 y=1.50 z=1.50 h=2.09 | Corr=3.550 Koh=0.711 Var=0.376'),
(112, 17, '2025-10-30 17:10:00', '2.80', '1.25', '3.00', '2.27', 5.21667, 0.611111, 0.611667, 'x=2.80 y=1.25 z=3.00 h=2.27 | Corr=5.217 Koh=0.611 Var=0.612'),
(113, 17, '2025-11-06 17:10:00', '2.40', '1.75', '2.50', '2.18', 4.85833, 0.833333, 0.110556, 'x=2.40 y=1.75 z=2.50 h=2.18 | Corr=4.858 Koh=0.833 Var=0.111'),
(114, 18, '2025-09-11 17:10:00', '1.20', '2.00', '1.50', '1.55', 2.4, 0.822222, 0.108889, 'x=1.20 y=2.00 z=1.50 h=1.55 | Corr=2.400 Koh=0.822 Var=0.109'),
(115, 18, '2025-09-25 17:10:00', '1.20', '1.75', '1.50', '1.45', 2.175, 0.877778, 0.0505556, 'x=1.20 y=1.75 z=1.50 h=1.45 | Corr=2.175 Koh=0.878 Var=0.051'),
(116, 18, '2025-10-02 17:10:00', '1.40', '1.75', '2.00', '1.64', 2.91667, 0.866667, 0.0605556, 'x=1.40 y=1.75 z=2.00 h=1.64 | Corr=2.917 Koh=0.867 Var=0.061'),
(117, 18, '2025-10-23 15:35:00', '1.80', '1.50', '2.00', '1.73', 3.1, 0.888889, 0.0422222, 'x=1.80 y=1.50 z=2.00 h=1.73 | Corr=3.100 Koh=0.889 Var=0.042'),
(118, 18, '2025-10-23 17:10:00', '3.00', '1.50', '3.00', '2.45', 6, 0.666667, 0.5, 'x=3.00 y=1.50 z=3.00 h=2.45 | Corr=6.000 Koh=0.667 Var=0.500'),
(119, 18, '2025-10-30 17:10:00', '2.80', '2.25', '3.00', '2.64', 7.15, 0.833333, 0.100556, 'x=2.80 y=2.25 z=3.00 h=2.64 | Corr=7.150 Koh=0.833 Var=0.101'),
(120, 18, '2025-11-06 17:10:00', '2.80', '3.25', '3.50', '3.09', 10.0917, 0.844444, 0.0838889, 'x=2.80 y=3.25 z=3.50 h=3.09 | Corr=10.092 Koh=0.844 Var=0.084'),
(121, 19, '2025-09-18 17:10:00', '2.60', '2.25', '2.50', '2.45', 5.99167, 0.922222, 0.0216667, 'x=2.60 y=2.25 z=2.50 h=2.45 | Corr=5.992 Koh=0.922 Var=0.022'),
(122, 19, '2025-09-25 17:10:00', '1.80', '2.00', '1.50', '1.82', 3.1, 0.888889, 0.0422222, 'x=1.80 y=2.00 z=1.50 h=1.82 | Corr=3.100 Koh=0.889 Var=0.042'),
(123, 19, '2025-10-02 17:10:00', '2.20', '1.75', '2.00', '2.00', 3.91667, 0.9, 0.0338889, 'x=2.20 y=1.75 z=2.00 h=2.00 | Corr=3.917 Koh=0.900 Var=0.034'),
(124, 19, '2025-10-30 17:10:00', '2.80', '2.25', '3.00', '2.64', 7.15, 0.833333, 0.100556, 'x=2.80 y=2.25 z=3.00 h=2.64 | Corr=7.150 Koh=0.833 Var=0.101'),
(125, 19, '2025-11-06 17:10:00', '2.20', '1.75', '1.50', '1.91', 3.25833, 0.844444, 0.0838889, 'x=2.20 y=1.75 z=1.50 h=1.91 | Corr=3.258 Koh=0.844 Var=0.084'),
(126, 20, '2025-09-08 17:10:00', '1.80', '1.50', '1.50', '1.64', 2.55, 0.933333, 0.02, 'x=1.80 y=1.50 z=1.50 h=1.64 | Corr=2.550 Koh=0.933 Var=0.020'),
(127, 20, '2025-09-15 17:10:00', '2.00', '1.25', '2.00', '1.73', 3, 0.833333, 0.125, 'x=2.00 y=1.25 z=2.00 h=1.73 | Corr=3.000 Koh=0.833 Var=0.125'),
(128, 20, '2025-09-19 15:35:00', '1.80', '1.25', '2.00', '1.64', 2.78333, 0.833333, 0.100556, 'x=1.80 y=1.25 z=2.00 h=1.64 | Corr=2.783 Koh=0.833 Var=0.101'),
(129, 20, '2025-09-22 17:10:00', '2.00', '1.25', '2.00', '1.73', 3, 0.833333, 0.125, 'x=2.00 y=1.25 z=2.00 h=1.73 | Corr=3.000 Koh=0.833 Var=0.125'),
(130, 20, '2025-09-26 15:35:00', '1.80', '1.25', '2.00', '1.64', 2.78333, 0.833333, 0.100556, 'x=1.80 y=1.25 z=2.00 h=1.64 | Corr=2.783 Koh=0.833 Var=0.101'),
(131, 20, '2025-09-29 17:10:00', '1.80', '1.25', '2.00', '1.64', 2.78333, 0.833333, 0.100556, 'x=1.80 y=1.25 z=2.00 h=1.64 | Corr=2.783 Koh=0.833 Var=0.101'),
(132, 20, '2025-10-20 17:10:00', '2.00', '1.25', '1.50', '1.64', 2.45833, 0.833333, 0.0972222, 'x=2.00 y=1.25 z=1.50 h=1.64 | Corr=2.458 Koh=0.833 Var=0.097'),
(133, 20, '2025-10-24 15:35:00', '2.00', '1.25', '2.00', '1.73', 3, 0.833333, 0.125, 'x=2.00 y=1.25 z=2.00 h=1.73 | Corr=3.000 Koh=0.833 Var=0.125'),
(134, 20, '2025-10-27 17:10:00', '2.00', '1.25', '2.00', '1.73', 3, 0.833333, 0.125, 'x=2.00 y=1.25 z=2.00 h=1.73 | Corr=3.000 Koh=0.833 Var=0.125'),
(135, 20, '2025-11-03 17:10:00', '2.00', '1.25', '2.00', '1.73', 3, 0.833333, 0.125, 'x=2.00 y=1.25 z=2.00 h=1.73 | Corr=3.000 Koh=0.833 Var=0.125'),
(136, 21, '2025-09-08 17:10:00', '2.20', '1.00', '2.00', '1.73', 2.86667, 0.733333, 0.275556, 'x=2.20 y=1.00 z=2.00 h=1.73 | Corr=2.867 Koh=0.733 Var=0.276'),
(137, 21, '2025-09-15 17:10:00', '2.00', '1.00', '2.00', '1.64', 2.66667, 0.777778, 0.222222, 'x=2.00 y=1.00 z=2.00 h=1.64 | Corr=2.667 Koh=0.778 Var=0.222'),
(138, 21, '2025-09-22 17:10:00', '1.60', '1.25', '1.00', '1.36', 1.61667, 0.866667, 0.0605556, 'x=1.60 y=1.25 z=1.00 h=1.36 | Corr=1.617 Koh=0.867 Var=0.061'),
(139, 21, '2025-09-29 17:10:00', '1.80', '1.25', '1.50', '1.55', 2.275, 0.877778, 0.0505556, 'x=1.80 y=1.25 z=1.50 h=1.55 | Corr=2.275 Koh=0.878 Var=0.051'),
(140, 21, '2025-10-20 17:10:00', '2.60', '1.50', '3.00', '2.27', 5.4, 0.666667, 0.402222, 'x=2.60 y=1.50 z=3.00 h=2.27 | Corr=5.400 Koh=0.667 Var=0.402'),
(141, 21, '2025-10-20 17:10:00', '2.60', '1.50', '3.00', '2.27', 5.4, 0.666667, 0.402222, 'x=2.60 y=1.50 z=3.00 h=2.27 | Corr=5.400 Koh=0.667 Var=0.402'),
(142, 21, '2025-10-27 17:10:00', '1.20', '1.25', '1.50', '1.27', 1.725, 0.933333, 0.0172222, 'x=1.20 y=1.25 z=1.50 h=1.27 | Corr=1.725 Koh=0.933 Var=0.017'),
(143, 21, '2025-11-03 17:10:00', '2.40', '1.25', '2.50', '2.00', 4.04167, 0.722222, 0.321667, 'x=2.40 y=1.25 z=2.50 h=2.00 | Corr=4.042 Koh=0.722 Var=0.322'),
(144, 21, '2025-11-03 17:10:00', '2.40', '1.25', '2.50', '2.00', 4.04167, 0.722222, 0.321667, 'x=2.40 y=1.25 z=2.50 h=2.00 | Corr=4.042 Koh=0.722 Var=0.322'),
(145, 22, '2025-09-10 17:10:00', '2.00', '1.50', '2.50', '1.91', 3.91667, 0.777778, 0.166667, 'x=2.00 y=1.50 z=2.50 h=1.91 | Corr=3.917 Koh=0.778 Var=0.167'),
(146, 22, '2025-09-24 17:10:00', '2.80', '1.50', '3.00', '2.36', 5.7, 0.666667, 0.442222, 'x=2.80 y=1.50 z=3.00 h=2.36 | Corr=5.700 Koh=0.667 Var=0.442'),
(147, 22, '2025-10-01 17:10:00', '2.60', '1.25', '2.00', '2.00', 3.65, 0.7, 0.305, 'x=2.60 y=1.25 z=2.00 h=2.00 | Corr=3.650 Koh=0.700 Var=0.305'),
(148, 22, '2025-10-07 17:10:00', '2.20', '1.25', '2.00', '1.82', 3.21667, 0.788889, 0.167222, 'x=2.20 y=1.25 z=2.00 h=1.82 | Corr=3.217 Koh=0.789 Var=0.167'),
(149, 22, '2025-10-22 17:10:00', '1.60', '1.25', '2.00', '1.55', 2.56667, 0.833333, 0.0938889, 'x=1.60 y=1.25 z=2.00 h=1.55 | Corr=2.567 Koh=0.833 Var=0.094'),
(150, 22, '2025-10-29 17:10:00', '2.80', '1.25', '2.50', '2.18', 4.54167, 0.655556, 0.450556, 'x=2.80 y=1.25 z=2.50 h=2.18 | Corr=4.542 Koh=0.656 Var=0.451'),
(151, 22, '2025-11-06 17:10:00', '1.80', '1.00', '2.00', '1.55', 2.46667, 0.777778, 0.186667, 'x=1.80 y=1.00 z=2.00 h=1.55 | Corr=2.467 Koh=0.778 Var=0.187'),
(152, 23, '2025-09-15 17:10:00', '2.40', '1.50', '2.00', '2.00', 3.8, 0.8, 0.135556, 'x=2.40 y=1.50 z=2.00 h=2.00 | Corr=3.800 Koh=0.800 Var=0.136'),
(153, 23, '2025-09-22 17:10:00', '2.00', '1.75', '2.00', '1.91', 3.66667, 0.944444, 0.0138889, 'x=2.00 y=1.75 z=2.00 h=1.91 | Corr=3.667 Koh=0.944 Var=0.014'),
(154, 23, '2025-09-29 17:10:00', '2.00', '2.00', '2.50', '2.09', 4.66667, 0.888889, 0.0555556, 'x=2.00 y=2.00 z=2.50 h=2.09 | Corr=4.667 Koh=0.889 Var=0.056'),
(155, 23, '2025-10-20 17:10:00', '2.00', '1.75', '2.00', '1.91', 3.66667, 0.944444, 0.0138889, 'x=2.00 y=1.75 z=2.00 h=1.91 | Corr=3.667 Koh=0.944 Var=0.014'),
(156, 23, '2025-10-27 17:10:00', '2.20', '2.00', '2.00', '2.09', 4.26667, 0.955556, 0.00888889, 'x=2.20 y=2.00 z=2.00 h=2.09 | Corr=4.267 Koh=0.956 Var=0.009'),
(157, 23, '2025-11-03 17:10:00', '2.00', '1.75', '1.50', '1.82', 3.04167, 0.888889, 0.0416667, 'x=2.00 y=1.75 z=1.50 h=1.82 | Corr=3.042 Koh=0.889 Var=0.042'),
(158, 24, '2025-09-19 15:35:00', '2.40', '1.25', '2.00', '1.91', 3.43333, 0.744444, 0.227222, 'x=2.40 y=1.25 z=2.00 h=1.91 | Corr=3.433 Koh=0.744 Var=0.227'),
(159, 24, '2025-09-23 17:10:00', '1.80', '1.25', '1.50', '1.55', 2.275, 0.877778, 0.0505556, 'x=1.80 y=1.25 z=1.50 h=1.55 | Corr=2.275 Koh=0.878 Var=0.051'),
(160, 24, '2025-09-26 17:30:26', '1.40', '1.50', '1.50', '1.45', 2.15, 0.977778, 0.00222222, 'x=1.40 y=1.50 z=1.50 h=1.45 | Corr=2.150 Koh=0.978 Var=0.002'),
(161, 24, '2025-09-30 17:10:00', '1.80', '1.75', '1.50', '1.73', 2.825, 0.933333, 0.0172222, 'x=1.80 y=1.75 z=1.50 h=1.73 | Corr=2.825 Koh=0.933 Var=0.017'),
(162, 40, '2025-10-20 16:43:26', '1.50', '2.00', '2.50', '1.89', 3.91667, 0.777778, 0.166667, 'x=1.50 y=2.00 z=2.50 h=1.89 | Corr=3.917 Koh=0.778 Var=0.167'),
(163, 40, '2025-10-27 16:46:37', '2.60', '2.00', '2.00', '2.27', 4.8, 0.866667, 0.08, 'x=2.60 y=2.00 z=2.00 h=2.27 | Corr=4.800 Koh=0.867 Var=0.080'),
(164, 40, '2025-11-03 16:56:05', '1.60', '2.75', '1.00', '1.91', 2.91667, 0.611111, 0.527222, 'x=1.60 y=2.75 z=1.00 h=1.91 | Corr=2.917 Koh=0.611 Var=0.527'),
(165, 40, '2025-11-03 16:56:09', '1.60', '2.75', '1.00', '1.91', 2.91667, 0.611111, 0.527222, 'x=1.60 y=2.75 z=1.00 h=1.91 | Corr=2.917 Koh=0.611 Var=0.527'),
(166, 42, '2025-11-06 16:53:01', '0.00', '0.00', '0.00', '0.00', 0, 1, 0, 'x=0.00 y=0.00 z=0.00 h=0.00 | Corr=0.000 Koh=1.000 Var=0.000'),
(167, 43, '2025-11-03 16:55:09', '2.40', '2.00', '2.00', '2.18', 4.53333, 0.911111, 0.0355556, 'x=2.40 y=2.00 z=2.00 h=2.18 | Corr=4.533 Koh=0.911 Var=0.036');

-- --------------------------------------------------------

--
-- Tabellenstruktur für Tabelle `frzk_loops`
--

CREATE TABLE `frzk_loops` (
  `id` int(11) NOT NULL,
  `teilnehmer_id` int(11) NOT NULL,
  `start_zeit` datetime NOT NULL,
  `end_zeit` datetime NOT NULL,
  `schleifen_typ` varchar(50) DEFAULT NULL,
  `dauer` int(11) DEFAULT NULL,
  `dh_dt_avg` float DEFAULT NULL,
  `verdichtungsgrad` float DEFAULT NULL,
  `stabilitaet_score` float DEFAULT NULL,
  `pausenmarker` varchar(50) DEFAULT NULL,
  `bemerkung` text
) ENGINE=InnoDB DEFAULT CHARSET=utf8mb4;

--
-- Daten für Tabelle `frzk_loops`
--

INSERT INTO `frzk_loops` (`id`, `teilnehmer_id`, `start_zeit`, `end_zeit`, `schleifen_typ`, `dauer`, `dh_dt_avg`, `verdichtungsgrad`, `stabilitaet_score`, `pausenmarker`, `bemerkung`) VALUES
(1, 2, '2025-09-15 15:35:00', '2025-11-03 15:35:00', 'Integration', 0, -0.0909093, 0.890495, 0.942847, 'Fortlauf', 'Loop Integration | Δh̄=-0.091 Verd=0.890 Stab=0.943 Dauer=0s'),
(2, 3, '2025-09-09 15:35:00', '2025-11-04 15:35:00', 'Integration', 0, 0.0681815, 0.940084, 0.933889, 'Fortlauf', 'Loop Integration | Δh̄=0.068 Verd=0.940 Stab=0.934 Dauer=0s'),
(3, 4, '2025-09-19 15:35:00', '2025-10-27 15:35:00', 'Integration', 0, -0.181818, 0.912066, 0.900222, 'Fortlauf', 'Loop Integration | Δh̄=-0.182 Verd=0.912 Stab=0.900 Dauer=0s'),
(4, 5, '2025-09-09 17:10:00', '2025-11-04 17:10:00', 'Integration', 0, -0.106667, 0.963885, 0.917111, 'Fortlauf', 'Loop Integration | Δh̄=-0.107 Verd=0.964 Stab=0.917 Dauer=0s'),
(5, 6, '2025-09-10 15:35:00', '2025-10-29 15:35:00', 'Integration', 0, 0.0649351, 0.903526, 0.941746, 'Fortlauf', 'Loop Integration | Δh̄=0.065 Verd=0.904 Stab=0.942 Dauer=0s'),
(6, 7, '2025-09-10 17:10:00', '2025-10-29 17:10:00', 'Integration', 0, -0.0757577, 0.918272, 0.846481, 'Fortlauf', 'Loop Integration | Δh̄=-0.076 Verd=0.918 Stab=0.846 Dauer=0s'),
(7, 8, '2025-09-09 17:10:00', '2025-11-04 17:10:00', 'Integration', 0, -0.0129869, 0.83606, 0.917619, 'Fortlauf', 'Loop Integration | Δh̄=-0.013 Verd=0.836 Stab=0.918 Dauer=0s'),
(8, 9, '2025-09-09 17:10:00', '2025-11-06 15:35:00', 'Integration', 0, -0.0495868, 0.806814, 0.737722, 'Fortlauf', 'Loop Integration | Δh̄=-0.050 Verd=0.807 Stab=0.738 Dauer=0s'),
(9, 10, '2025-09-11 15:35:00', '2025-11-06 16:51:46', 'Integration', 46, -0.0209792, 0.870898, 0.913974, 'Fortlauf', 'Loop Integration | Δh̄=-0.021 Verd=0.871 Stab=0.914 Dauer=46s'),
(10, 11, '2025-09-10 15:35:00', '2025-10-29 15:35:00', 'Integration', 0, 0.181818, 0.894626, 0.918333, 'Fortlauf', 'Loop Integration | Δh̄=0.182 Verd=0.895 Stab=0.918 Dauer=0s'),
(11, 12, '2025-09-08 17:10:00', '2025-10-01 17:10:00', 'Homöostase', 0, 0.0181818, 0.995372, 0.980222, 'Fortlauf', 'Loop Homöostase | Δh̄=0.018 Verd=0.995 Stab=0.980 Dauer=0s'),
(12, 13, '2025-09-10 17:10:00', '2025-10-07 17:10:00', 'Integration', 0, -0.159091, 0.923555, 0.924028, 'Fortlauf', 'Loop Integration | Δh̄=-0.159 Verd=0.924 Stab=0.924 Dauer=0s'),
(13, 14, '2025-09-10 17:10:00', '2025-10-29 17:10:00', 'Integration', 0, -0.0454547, 0.858356, 0.928148, 'Fortlauf', 'Loop Integration | Δh̄=-0.045 Verd=0.858 Stab=0.928 Dauer=0s'),
(14, 15, '2025-09-11 15:35:00', '2025-11-06 15:35:00', 'Homöostase', 0, 0.0151515, 0.907254, 0.61537, 'Fortlauf', 'Loop Homöostase | Δh̄=0.015 Verd=0.907 Stab=0.615 Dauer=0s'),
(15, 16, '2025-09-08 17:10:00', '2025-11-06 17:10:00', 'Integration', 0, -0.0484848, 0.835813, 0.811889, 'Fortlauf', 'Loop Integration | Δh̄=-0.048 Verd=0.836 Stab=0.812 Dauer=0s'),
(16, 17, '2025-09-11 17:10:00', '2025-11-06 17:10:00', 'Integration', 0, 0.0779221, 0.914994, 0.586428, 'Fortlauf', 'Loop Integration | Δh̄=0.078 Verd=0.915 Stab=0.586 Dauer=0s'),
(17, 18, '2025-09-11 17:10:00', '2025-11-06 17:10:00', 'Reorganisation', 0, 0.220779, 0.647157, 0.864762, 'Fortlauf', 'Loop Reorganisation | Δh̄=0.221 Verd=0.647 Stab=0.865 Dauer=0s'),
(18, 19, '2025-09-18 17:10:00', '2025-11-06 17:10:00', 'Integration', 0, -0.109091, 0.896198, 0.943555, 'Fortlauf', 'Loop Integration | Δh̄=-0.109 Verd=0.896 Stab=0.944 Dauer=0s'),
(19, 20, '2025-09-08 17:10:00', '2025-11-03 17:10:00', 'Homöostase', 0, 0.00909091, 0.997934, 0.895611, 'Fortlauf', 'Loop Homöostase | Δh̄=0.009 Verd=0.998 Stab=0.896 Dauer=0s'),
(20, 21, '2025-09-08 17:10:00', '2025-11-03 17:10:00', 'Integration', 0, 0.0303031, 0.878788, 0.769568, 'Fortlauf', 'Loop Integration | Δh̄=0.030 Verd=0.879 Stab=0.770 Dauer=0s'),
(21, 22, '2025-09-10 17:10:00', '2025-11-06 17:10:00', 'Integration', 0, -0.051948, 0.919715, 0.741111, 'Fortlauf', 'Loop Integration | Δh̄=-0.052 Verd=0.920 Stab=0.741 Dauer=0s'),
(22, 23, '2025-09-15 17:10:00', '2025-11-03 17:10:00', 'Homöostase', 0, -0.030303, 0.989899, 0.955092, 'Fortlauf', 'Loop Homöostase | Δh̄=-0.030 Verd=0.990 Stab=0.955 Dauer=0s'),
(23, 24, '2025-09-19 15:35:00', '2025-09-30 17:10:00', 'Homöostase', 0, -0.0454545, 0.969525, 0.925695, 'Fortlauf', 'Loop Homöostase | Δh̄=-0.045 Verd=0.970 Stab=0.926 Dauer=0s'),
(24, 40, '2025-10-20 16:43:26', '2025-11-03 16:56:09', 'Homöostase', 43, 0.0050505, 0.974211, 0.674722, 'Fortlauf', 'Loop Homöostase | Δh̄=0.005 Verd=0.974 Stab=0.675 Dauer=43s'),
(25, 43, '2025-11-06 16:53:01', '2025-11-03 16:55:09', 'Integration', 52, 0, 0, 0.982222, 'Kurzsequenz', 'Loop Integration | Δh̄=0.000 Verd=0.000 Stab=0.982 Dauer=52s');

-- --------------------------------------------------------

--
-- Tabellenstruktur für Tabelle `frzk_operatoren`
--

CREATE TABLE `frzk_operatoren` (
  `id` int(11) NOT NULL,
  `teilnehmer_id` int(11) NOT NULL,
  `zeitpunkt` datetime NOT NULL,
  `x_kognition` decimal(5,2) DEFAULT NULL,
  `y_sozial` decimal(5,2) DEFAULT NULL,
  `z_affektiv` decimal(5,2) DEFAULT NULL,
  `h_bedeutung` decimal(5,2) DEFAULT NULL,
  `dh_dt` float DEFAULT NULL,
  `stabilitaet_score` float DEFAULT NULL,
  `operator_sigma` float DEFAULT NULL,
  `operator_meta` float DEFAULT NULL,
  `operator_resonanz` float DEFAULT NULL,
  `operator_emer` float DEFAULT NULL,
  `operator_level` float DEFAULT NULL,
  `dominanter_operator` varchar(20) DEFAULT NULL,
  `bemerkung` text
) ENGINE=InnoDB DEFAULT CHARSET=utf8mb4;

--
-- Daten für Tabelle `frzk_operatoren`
--

INSERT INTO `frzk_operatoren` (`id`, `teilnehmer_id`, `zeitpunkt`, `x_kognition`, `y_sozial`, `z_affektiv`, `h_bedeutung`, `dh_dt`, `stabilitaet_score`, `operator_sigma`, `operator_meta`, `operator_resonanz`, `operator_emer`, `operator_level`, `dominanter_operator`, `bemerkung`) VALUES
(1, 2, '2025-09-15 15:35:00', '3.00', '2.25', '2.50', '2.64', 0, 0.902778, 1, 0.348611, 0.95, 0.2, 0.624653, 'σ', 'σ=1.00 M=0.35 R=0.95 E=0.20 | Level=0.62 dh/dt=0.000'),
(2, 2, '2025-09-17 15:35:00', '1.20', '2.00', '1.50', '1.55', -1.09091, 0.891111, 0.4, 0.354445, 0.866667, 1, 0.655278, 'E', 'σ=0.40 M=0.35 R=0.87 E=1.00 | Level=0.66 dh/dt=-1.091'),
(3, 2, '2025-09-22 15:35:00', '2.20', '1.75', '1.50', '1.91', 0.363636, 0.916111, 0.733333, 0.341944, 0.783333, 0.363636, 0.555562, 'R', 'σ=0.73 M=0.34 R=0.78 E=0.36 | Level=0.56 dh/dt=0.364'),
(4, 2, '2025-09-29 15:35:00', '2.40', '2.00', '2.00', '2.18', 0.272727, 0.964444, 0.8, 0.317778, 0.866667, 0.472727, 0.614293, 'R', 'σ=0.80 M=0.32 R=0.87 E=0.47 | Level=0.61 dh/dt=0.273'),
(5, 2, '2025-10-01 15:35:00', '1.80', '1.75', '1.50', '1.73', -0.454545, 0.982778, 0.6, 0.308611, 0.783333, 0.454545, 0.536622, 'R', 'σ=0.60 M=0.31 R=0.78 E=0.45 | Level=0.54 dh/dt=-0.455'),
(6, 2, '2025-10-20 15:35:00', '1.80', '1.75', '1.50', '1.73', 0, 0.982778, 0.6, 0.308611, 0.783333, 0, 0.422986, 'R', 'σ=0.60 M=0.31 R=0.78 E=0.00 | Level=0.42 dh/dt=0.000'),
(7, 2, '2025-10-29 15:35:00', '1.60', '1.75', '1.50', '1.64', -0.0909091, 0.989444, 0.533333, 0.305278, 0.783333, 0.0909091, 0.428213, 'R', 'σ=0.53 M=0.31 R=0.78 E=0.09 | Level=0.43 dh/dt=-0.091'),
(8, 2, '2025-11-03 15:35:00', '2.20', '1.50', '2.00', '1.91', 0.272727, 0.913333, 0.733333, 0.343334, 0.7, 0.472727, 0.562348, 'σ', 'σ=0.73 M=0.34 R=0.70 E=0.47 | Level=0.56 dh/dt=0.273'),
(9, 3, '2025-09-09 15:35:00', '1.60', '1.00', '1.00', '1.27', 0, 0.92, 0.533333, 0.34, 0.533333, 0, 0.351667, 'σ', 'σ=0.53 M=0.34 R=0.53 E=0.00 | Level=0.35 dh/dt=0.000'),
(10, 3, '2025-09-30 15:35:00', '2.00', '1.25', '2.00', '1.73', 0.454545, 0.875, 0.666667, 0.3625, 0.616667, 0.654545, 0.575095, 'σ', 'σ=0.67 M=0.36 R=0.62 E=0.65 | Level=0.58 dh/dt=0.455'),
(11, 3, '2025-10-21 15:35:00', '1.20', '1.00', '1.00', '1.09', -0.636364, 0.991111, 0.4, 0.304444, 0.533333, 0.636364, 0.468535, 'E', 'σ=0.40 M=0.30 R=0.53 E=0.64 | Level=0.47 dh/dt=-0.636'),
(12, 3, '2025-11-04 15:35:00', '1.80', '1.25', '1.50', '1.55', 0.454545, 0.949444, 0.6, 0.325278, 0.616667, 0.454545, 0.499122, 'R', 'σ=0.60 M=0.33 R=0.62 E=0.45 | Level=0.50 dh/dt=0.455'),
(13, 4, '2025-09-19 15:35:00', '3.20', '2.75', '3.00', '3.00', 0, 0.966111, 1, 0.316945, 1, 0.2, 0.629236, 'σ', 'σ=1.00 M=0.32 R=1.00 E=0.20 | Level=0.63 dh/dt=0.000'),
(14, 4, '2025-09-24 15:35:00', '3.00', '2.50', '1.50', '2.55', -0.454545, 0.611111, 1, 0.494444, 0.833333, 0.454545, 0.695581, 'σ', 'σ=1.00 M=0.49 R=0.83 E=0.45 | Level=0.70 dh/dt=-0.455'),
(15, 4, '2025-09-26 15:35:00', '2.80', '2.50', '2.50', '2.64', 0.0909091, 0.98, 0.933333, 0.31, 1, 0.290909, 0.633561, 'R', 'σ=0.93 M=0.31 R=1.00 E=0.29 | Level=0.63 dh/dt=0.091'),
(16, 4, '2025-10-24 15:35:00', '2.80', '2.50', '3.00', '2.73', 0.0909091, 0.957778, 0.933333, 0.321111, 1, 0.290909, 0.636338, 'R', 'σ=0.93 M=0.32 R=1.00 E=0.29 | Level=0.64 dh/dt=0.091'),
(17, 4, '2025-10-27 15:35:00', '2.00', '2.25', '2.00', '2.09', -0.636364, 0.986111, 0.666667, 0.306944, 0.95, 0.836364, 0.689994, 'R', 'σ=0.67 M=0.31 R=0.95 E=0.84 | Level=0.69 dh/dt=-0.636'),
(18, 5, '2025-09-09 17:10:00', '2.20', '2.00', '2.50', '2.20', 0, 0.957778, 0.733333, 0.321111, 0.866667, 0.2, 0.530278, 'R', 'σ=0.73 M=0.32 R=0.87 E=0.20 | Level=0.53 dh/dt=0.000'),
(19, 5, '2025-09-30 17:10:00', '1.75', '2.00', '1.50', '1.78', -0.422222, 0.958333, 0.583333, 0.320834, 0.866667, 0.422222, 0.548264, 'R', 'σ=0.58 M=0.32 R=0.87 E=0.42 | Level=0.55 dh/dt=-0.422'),
(20, 5, '2025-10-21 17:10:00', '1.80', '2.00', '1.50', '1.80', 0.0222222, 0.957778, 0.6, 0.321111, 0.866667, 0.0222222, 0.4525, 'R', 'σ=0.60 M=0.32 R=0.87 E=0.02 | Level=0.45 dh/dt=0.022'),
(21, 5, '2025-10-28 17:10:00', '1.75', '2.00', '1.50', '1.71', -0.0857143, 0.958333, 0.583333, 0.320834, 0.866667, 0.0857143, 0.464137, 'R', 'σ=0.58 M=0.32 R=0.87 E=0.09 | Level=0.46 dh/dt=-0.086'),
(22, 5, '2025-11-04 17:10:00', '1.40', '2.50', '1.50', '1.67', -0.047619, 0.753333, 0.466667, 0.423333, 1, 0.047619, 0.484405, 'R', 'σ=0.47 M=0.42 R=1.00 E=0.05 | Level=0.48 dh/dt=-0.048'),
(23, 6, '2025-09-10 15:35:00', '2.00', '2.25', '2.00', '2.09', 0, 0.986111, 0.666667, 0.306944, 0.95, 0.2, 0.530903, 'R', 'σ=0.67 M=0.31 R=0.95 E=0.20 | Level=0.53 dh/dt=0.000'),
(24, 6, '2025-09-19 15:35:00', '2.80', '3.00', '2.50', '2.82', 0.727273, 0.957778, 0.933333, 0.321111, 1, 0.927273, 0.795429, 'R', 'σ=0.93 M=0.32 R=1.00 E=0.93 | Level=0.80 dh/dt=0.727'),
(25, 6, '2025-09-24 15:35:00', '2.00', '2.00', '2.00', '2.00', -0.818182, 1, 0.666667, 0.3, 0.866667, 1, 0.708333, 'E', 'σ=0.67 M=0.30 R=0.87 E=1.00 | Level=0.71 dh/dt=-0.818'),
(26, 6, '2025-10-01 15:35:00', '2.00', '2.00', '2.00', '2.00', 0, 1, 0.666667, 0.3, 0.866667, 0.2, 0.508333, 'R', 'σ=0.67 M=0.30 R=0.87 E=0.20 | Level=0.51 dh/dt=0.000'),
(27, 6, '2025-10-22 15:35:00', '3.00', '2.00', '3.00', '2.64', 0.636364, 0.777778, 1, 0.411111, 0.866667, 0.836364, 0.778535, 'σ', 'σ=1.00 M=0.41 R=0.87 E=0.84 | Level=0.78 dh/dt=0.636'),
(28, 6, '2025-10-24 15:35:00', '2.40', '2.00', '2.00', '2.18', -0.454545, 0.964444, 0.8, 0.317778, 0.866667, 0.654545, 0.659747, 'R', 'σ=0.80 M=0.32 R=0.87 E=0.65 | Level=0.66 dh/dt=-0.455'),
(29, 6, '2025-10-29 15:35:00', '2.60', '2.25', '3.00', '2.55', 0.363636, 0.906111, 0.866667, 0.346945, 0.95, 0.563636, 0.681812, 'R', 'σ=0.87 M=0.35 R=0.95 E=0.56 | Level=0.68 dh/dt=0.364'),
(30, 7, '2025-09-10 17:10:00', '2.60', '1.50', '2.00', '2.09', 0, 0.797778, 0.866667, 0.401111, 0.7, 0.2, 0.541944, 'σ', 'σ=0.87 M=0.40 R=0.70 E=0.20 | Level=0.54 dh/dt=0.000'),
(31, 7, '2025-09-24 17:10:00', '2.00', '2.00', '2.00', '2.00', -0.0909091, 1, 0.666667, 0.3, 0.866667, 0.290909, 0.531061, 'R', 'σ=0.67 M=0.30 R=0.87 E=0.29 | Level=0.53 dh/dt=-0.091'),
(32, 7, '2025-09-30 17:10:00', '2.80', '1.75', '3.00', '2.45', 0.454545, 0.699444, 0.933333, 0.450278, 0.583333, 0.654545, 0.655372, 'σ', 'σ=0.93 M=0.45 R=0.58 E=0.65 | Level=0.66 dh/dt=0.455'),
(33, 7, '2025-10-21 17:10:00', '1.80', '1.50', '2.50', '1.82', -0.636364, 0.824444, 0.6, 0.387778, 0.7, 0.836364, 0.631036, 'E', 'σ=0.60 M=0.39 R=0.70 E=0.84 | Level=0.63 dh/dt=-0.636'),
(34, 7, '2025-10-22 17:10:00', '1.80', '1.25', '2.00', '1.64', -0.181818, 0.899444, 0.6, 0.350278, 0.616667, 0.381818, 0.487191, 'R', 'σ=0.60 M=0.35 R=0.62 E=0.38 | Level=0.49 dh/dt=-0.182'),
(35, 7, '2025-10-29 17:10:00', '1.20', '2.00', '2.00', '1.64', 0, 0.857778, 0.4, 0.371111, 0.866667, 0.2, 0.459444, 'R', 'σ=0.40 M=0.37 R=0.87 E=0.20 | Level=0.46 dh/dt=0.000'),
(36, 8, '2025-09-09 17:10:00', '2.80', '2.50', '3.00', '2.73', 0, 0.957778, 0.933333, 0.321111, 1, 0.2, 0.613611, 'R', 'σ=0.93 M=0.32 R=1.00 E=0.20 | Level=0.61 dh/dt=0.000'),
(37, 8, '2025-09-23 17:10:00', '3.00', '2.50', '3.50', '2.91', 0.181818, 0.833333, 1, 0.383334, 1, 0.381818, 0.691288, 'σ', 'σ=1.00 M=0.38 R=1.00 E=0.38 | Level=0.69 dh/dt=0.182'),
(38, 8, '2025-09-30 17:10:00', '2.40', '2.75', '3.00', '2.64', -0.272727, 0.939444, 0.8, 0.330278, 1, 0.472727, 0.650751, 'R', 'σ=0.80 M=0.33 R=1.00 E=0.47 | Level=0.65 dh/dt=-0.273'),
(39, 8, '2025-10-07 17:10:00', '1.40', '1.75', '2.00', '1.64', -1, 0.939444, 0.466667, 0.330278, 0.783333, 1, 0.645069, 'E', 'σ=0.47 M=0.33 R=0.78 E=1.00 | Level=0.65 dh/dt=-1.000'),
(40, 8, '2025-10-21 17:10:00', '2.40', '2.25', '3.00', '2.45', 0.818182, 0.895, 0.8, 0.3525, 0.95, 1, 0.775625, 'E', 'σ=0.80 M=0.35 R=0.95 E=1.00 | Level=0.78 dh/dt=0.818'),
(41, 8, '2025-10-28 17:10:00', '2.20', '1.75', '2.50', '2.09', -0.363636, 0.905, 0.733333, 0.3475, 0.783333, 0.563636, 0.606951, 'R', 'σ=0.73 M=0.35 R=0.78 E=0.56 | Level=0.61 dh/dt=-0.364'),
(42, 8, '2025-11-04 17:10:00', '2.60', '2.50', '3.00', '2.64', 0.545455, 0.953333, 0.866667, 0.323334, 1, 0.745455, 0.733864, 'R', 'σ=0.87 M=0.32 R=1.00 E=0.75 | Level=0.73 dh/dt=0.545'),
(43, 9, '2025-09-09 17:10:00', '1.80', '2.00', '4.00', '2.27', 0, 0.0133333, 0.6, 0.793333, 0.666667, 0.2, 0.565, 'M', 'σ=0.60 M=0.79 R=0.67 E=0.20 | Level=0.57 dh/dt=0.000'),
(44, 9, '2025-09-11 15:35:00', '2.00', '1.75', '1.50', '1.82', -0.454545, 0.958333, 0.666667, 0.320834, 0.783333, 0.454545, 0.556345, 'R', 'σ=0.67 M=0.32 R=0.78 E=0.45 | Level=0.56 dh/dt=-0.455'),
(45, 9, '2025-09-18 15:35:00', '1.40', '1.00', '2.00', '1.36', -0.454545, 0.831111, 0.466667, 0.384445, 0.533333, 0.654545, 0.509747, 'E', 'σ=0.47 M=0.38 R=0.53 E=0.65 | Level=0.51 dh/dt=-0.455'),
(46, 9, '2025-09-23 17:10:00', '2.60', '1.50', '3.00', '2.27', 0.909091, 0.597778, 0.866667, 0.501111, 0.5, 1, 0.716944, 'E', 'σ=0.87 M=0.50 R=0.50 E=1.00 | Level=0.72 dh/dt=0.909'),
(47, 9, '2025-09-25 15:35:00', '2.80', '1.67', '2.00', '2.33', 0.0606061, 0.773827, 0.933333, 0.413087, 0.755557, 0.260606, 0.590646, 'σ', 'σ=0.93 M=0.41 R=0.76 E=0.26 | Level=0.59 dh/dt=0.061'),
(48, 9, '2025-09-30 17:10:00', '3.60', '1.75', '2.00', '2.64', 0.30303, 0.328333, 1, 0.635834, 0.583333, 0.50303, 0.680549, 'σ', 'σ=1.00 M=0.64 R=0.58 E=0.50 | Level=0.68 dh/dt=0.303'),
(49, 9, '2025-10-02 15:35:00', '1.80', '1.25', '2.00', '1.64', -1, 0.899444, 0.6, 0.350278, 0.616667, 1, 0.641736, 'E', 'σ=0.60 M=0.35 R=0.62 E=1.00 | Level=0.64 dh/dt=-1.000'),
(50, 9, '2025-10-28 17:10:00', '2.20', '2.25', '3.00', '2.36', 0.727273, 0.866111, 0.733333, 0.366944, 0.95, 0.927273, 0.744388, 'R', 'σ=0.73 M=0.37 R=0.95 E=0.93 | Level=0.74 dh/dt=0.727'),
(51, 9, '2025-10-30 15:35:00', '1.40', '1.25', '1.00', '1.27', -1.09091, 0.972778, 0.466667, 0.313611, 0.616667, 1, 0.599236, 'E', 'σ=0.47 M=0.31 R=0.62 E=1.00 | Level=0.60 dh/dt=-1.091'),
(52, 9, '2025-11-04 17:10:00', '1.20', '2.00', '1.50', '1.55', 0.272727, 0.891111, 0.4, 0.354445, 0.866667, 0.272727, 0.47346, 'R', 'σ=0.40 M=0.35 R=0.87 E=0.27 | Level=0.47 dh/dt=0.273'),
(53, 9, '2025-11-06 15:35:00', '1.80', '1.75', '1.50', '1.73', 0.181818, 0.982778, 0.6, 0.308611, 0.783333, 0.181818, 0.468441, 'R', 'σ=0.60 M=0.31 R=0.78 E=0.18 | Level=0.47 dh/dt=0.182'),
(54, 10, '2025-09-11 15:35:00', '1.80', '1.00', '1.50', '1.45', 0, 0.891111, 0.6, 0.354445, 0.533333, 0, 0.371944, 'σ', 'σ=0.60 M=0.35 R=0.53 E=0.00 | Level=0.37 dh/dt=0.000'),
(55, 10, '2025-09-11 17:10:00', '2.60', '2.00', '3.00', '2.45', 1, 0.831111, 0.866667, 0.384445, 0.866667, 1, 0.779444, 'E', 'σ=0.87 M=0.38 R=0.87 E=1.00 | Level=0.78 dh/dt=1.000'),
(56, 10, '2025-09-17 15:35:00', '1.60', '1.00', '1.00', '1.27', -1.18182, 0.92, 0.533333, 0.34, 0.533333, 1, 0.601667, 'E', 'σ=0.53 M=0.34 R=0.53 E=1.00 | Level=0.60 dh/dt=-1.182'),
(57, 10, '2025-09-18 15:35:00', '1.20', '1.25', '1.00', '1.18', -0.0909091, 0.988333, 0.4, 0.305833, 0.616667, 0.0909091, 0.353352, 'R', 'σ=0.40 M=0.31 R=0.62 E=0.09 | Level=0.35 dh/dt=-0.091'),
(58, 10, '2025-09-24 15:35:00', '1.00', '1.00', '1.50', '1.09', -0.0909091, 0.944444, 0.333333, 0.327778, 0.533333, 0.0909091, 0.321338, 'R', 'σ=0.33 M=0.33 R=0.53 E=0.09 | Level=0.32 dh/dt=-0.091'),
(59, 10, '2025-09-25 15:35:00', '1.40', '1.00', '1.00', '1.18', 0.0909091, 0.964444, 0.466667, 0.317778, 0.533333, 0.0909091, 0.352172, 'R', 'σ=0.47 M=0.32 R=0.53 E=0.09 | Level=0.35 dh/dt=0.091'),
(60, 10, '2025-10-01 16:53:43', '1.40', '1.00', '1.00', '1.18', 0, 0.964444, 0.466667, 0.317778, 0.533333, 0, 0.329444, 'R', 'σ=0.47 M=0.32 R=0.53 E=0.00 | Level=0.33 dh/dt=0.000'),
(61, 10, '2025-10-02 16:53:16', '2.40', '1.00', '1.00', '1.64', 0.454545, 0.564444, 0.8, 0.517778, 0.333333, 0.454545, 0.526414, 'σ', 'σ=0.80 M=0.52 R=0.33 E=0.45 | Level=0.53 dh/dt=0.455'),
(62, 10, '2025-10-23 15:31:28', '1.40', '1.00', '1.00', '1.18', -0.454545, 0.964444, 0.466667, 0.317778, 0.533333, 0.454545, 0.443081, 'R', 'σ=0.47 M=0.32 R=0.53 E=0.45 | Level=0.44 dh/dt=-0.455'),
(63, 10, '2025-10-29 16:53:35', '1.60', '1.00', '1.00', '1.27', 0.0909091, 0.92, 0.533333, 0.34, 0.533333, 0.0909091, 0.374394, 'σ', 'σ=0.53 M=0.34 R=0.53 E=0.09 | Level=0.37 dh/dt=0.091'),
(64, 10, '2025-10-30 16:55:47', '1.00', '1.00', '1.00', '1.00', -0.272727, 1, 0.333333, 0.3, 0.533333, 0.272727, 0.359848, 'R', 'σ=0.33 M=0.30 R=0.53 E=0.27 | Level=0.36 dh/dt=-0.273'),
(65, 10, '2025-11-06 15:34:11', '1.40', '1.00', '1.00', '1.18', 0.181818, 0.964444, 0.466667, 0.317778, 0.533333, 0.181818, 0.374899, 'R', 'σ=0.47 M=0.32 R=0.53 E=0.18 | Level=0.37 dh/dt=0.182'),
(66, 10, '2025-11-06 16:51:46', '1.40', '1.00', '1.00', '1.18', 0, 0.964444, 0.466667, 0.317778, 0.533333, 0, 0.329444, 'R', 'σ=0.47 M=0.32 R=0.53 E=0.00 | Level=0.33 dh/dt=0.000'),
(67, 11, '2025-09-10 15:35:00', '1.80', '1.75', '1.50', '1.73', 0, 0.982778, 0.6, 0.308611, 0.783333, 0, 0.422986, 'R', 'σ=0.60 M=0.31 R=0.78 E=0.00 | Level=0.42 dh/dt=0.000'),
(68, 11, '2025-09-19 15:35:00', '2.40', '2.25', '2.00', '2.27', 0.545455, 0.972778, 0.8, 0.313611, 0.95, 0.745455, 0.702267, 'R', 'σ=0.80 M=0.31 R=0.95 E=0.75 | Level=0.70 dh/dt=0.545'),
(69, 11, '2025-10-01 15:35:00', '1.60', '2.25', '1.00', '1.73', -0.545455, 0.739444, 0.533333, 0.430278, 0.95, 0.545455, 0.614767, 'R', 'σ=0.53 M=0.43 R=0.95 E=0.55 | Level=0.61 dh/dt=-0.545'),
(70, 11, '2025-10-29 15:35:00', '2.60', '2.25', '2.50', '2.45', 0.727273, 0.978333, 0.866667, 0.310834, 0.95, 0.927273, 0.763693, 'R', 'σ=0.87 M=0.31 R=0.95 E=0.93 | Level=0.76 dh/dt=0.727'),
(71, 12, '2025-09-08 17:10:00', '1.00', '1.00', '1.00', '1.00', 0, 1, 0.333333, 0.3, 0.533333, 0, 0.291667, 'R', 'σ=0.33 M=0.30 R=0.53 E=0.00 | Level=0.29 dh/dt=0.000'),
(72, 12, '2025-09-10 17:10:00', '1.40', '1.00', '1.00', '1.18', 0.181818, 0.964444, 0.466667, 0.317778, 0.533333, 0.181818, 0.374899, 'R', 'σ=0.47 M=0.32 R=0.53 E=0.18 | Level=0.37 dh/dt=0.182'),
(73, 12, '2025-09-10 17:10:00', '1.40', '1.00', '1.00', '1.18', 0, 0.964444, 0.466667, 0.317778, 0.533333, 0, 0.329444, 'R', 'σ=0.47 M=0.32 R=0.53 E=0.00 | Level=0.33 dh/dt=0.000'),
(74, 12, '2025-09-17 17:10:00', '1.00', '1.25', '1.00', '1.09', -0.0909091, 0.986111, 0.333333, 0.306944, 0.616667, 0.0909091, 0.336963, 'R', 'σ=0.33 M=0.31 R=0.62 E=0.09 | Level=0.34 dh/dt=-0.091'),
(75, 12, '2025-10-01 17:10:00', '1.00', '1.25', '1.00', '1.09', 0, 0.986111, 0.333333, 0.306944, 0.616667, 0, 0.314236, 'R', 'σ=0.33 M=0.31 R=0.62 E=0.00 | Level=0.31 dh/dt=0.000'),
(76, 13, '2025-09-10 17:10:00', '2.00', '2.25', '1.50', '2.00', 0, 0.902778, 0.666667, 0.348611, 0.95, 0, 0.491319, 'R', 'σ=0.67 M=0.35 R=0.95 E=0.00 | Level=0.49 dh/dt=0.000'),
(77, 13, '2025-09-22 17:10:00', '1.20', '1.75', '1.50', '1.45', -0.545455, 0.949444, 0.4, 0.325278, 0.783333, 0.545455, 0.513517, 'R', 'σ=0.40 M=0.33 R=0.78 E=0.55 | Level=0.51 dh/dt=-0.545'),
(78, 13, '2025-09-24 17:10:00', '2.00', '2.00', '1.50', '1.91', 0.454545, 0.944444, 0.666667, 0.327778, 0.866667, 0.454545, 0.578914, 'R', 'σ=0.67 M=0.33 R=0.87 E=0.45 | Level=0.58 dh/dt=0.455'),
(79, 13, '2025-10-07 17:10:00', '1.20', '1.75', '1.00', '1.36', -0.545455, 0.899444, 0.4, 0.350278, 0.783333, 0.545455, 0.519767, 'R', 'σ=0.40 M=0.35 R=0.78 E=0.55 | Level=0.52 dh/dt=-0.545'),
(80, 14, '2025-09-10 17:10:00', '1.60', '1.50', '1.00', '1.45', 0, 0.931111, 0.533333, 0.334444, 0.7, 0, 0.391944, 'R', 'σ=0.53 M=0.33 R=0.70 E=0.00 | Level=0.39 dh/dt=0.000'),
(81, 14, '2025-09-17 17:10:00', '1.40', '1.75', '1.00', '1.45', 0, 0.906111, 0.466667, 0.346945, 0.783333, 0, 0.399236, 'R', 'σ=0.47 M=0.35 R=0.78 E=0.00 | Level=0.40 dh/dt=0.000'),
(82, 14, '2025-09-24 17:10:00', '1.40', '1.00', '1.00', '1.18', -0.272727, 0.964444, 0.466667, 0.317778, 0.533333, 0.272727, 0.397626, 'R', 'σ=0.47 M=0.32 R=0.53 E=0.27 | Level=0.40 dh/dt=-0.273'),
(83, 14, '2025-10-01 17:10:00', '1.40', '1.00', '1.50', '1.27', 0.0909091, 0.953333, 0.466667, 0.323334, 0.533333, 0.0909091, 0.353561, 'R', 'σ=0.47 M=0.32 R=0.53 E=0.09 | Level=0.35 dh/dt=0.091'),
(84, 14, '2025-10-22 17:10:00', '2.60', '1.75', '2.50', '2.27', 1, 0.856111, 0.866667, 0.371944, 0.783333, 1, 0.755486, 'E', 'σ=0.87 M=0.37 R=0.78 E=1.00 | Level=0.76 dh/dt=1.000'),
(85, 14, '2025-10-29 17:10:00', '1.20', '1.00', '1.50', '1.18', -1.09091, 0.957778, 0.4, 0.321111, 0.533333, 1, 0.563611, 'E', 'σ=0.40 M=0.32 R=0.53 E=1.00 | Level=0.56 dh/dt=-1.091'),
(86, 15, '2025-09-11 15:35:00', '3.20', '1.50', '3.00', '2.55', 0, 0.424444, 1, 0.587778, 0.5, 0.2, 0.571944, 'σ', 'σ=1.00 M=0.59 R=0.50 E=0.20 | Level=0.57 dh/dt=0.000'),
(87, 15, '2025-09-18 15:35:00', '3.20', '1.75', '2.00', '2.45', -0.0909091, 0.599444, 1, 0.500278, 0.583333, 0.290909, 0.59363, 'σ', 'σ=1.00 M=0.50 R=0.58 E=0.29 | Level=0.59 dh/dt=-0.091'),
(88, 15, '2025-09-25 15:35:00', '2.40', '1.00', '1.50', '1.73', -0.727273, 0.664444, 0.8, 0.467778, 0.333333, 0.727273, 0.582096, 'σ', 'σ=0.80 M=0.47 R=0.33 E=0.73 | Level=0.58 dh/dt=-0.727'),
(89, 15, '2025-10-23 15:35:00', '2.00', '3.00', '2.50', '2.45', 0.727273, 0.833333, 0.666667, 0.383334, 1, 0.927273, 0.744318, 'R', 'σ=0.67 M=0.38 R=1.00 E=0.93 | Level=0.74 dh/dt=0.727'),
(90, 15, '2025-11-06 15:34:29', '2.60', '2.25', '3.00', '2.55', 0.0909091, 0.906111, 0.866667, 0.346945, 0.95, 0.290909, 0.61363, 'R', 'σ=0.87 M=0.35 R=0.95 E=0.29 | Level=0.61 dh/dt=0.091'),
(91, 15, '2025-11-06 15:35:00', '3.60', '1.50', '2.50', '2.64', 0.0909091, 0.264444, 1, 0.667778, 0.5, 0.290909, 0.614672, 'σ', 'σ=1.00 M=0.67 R=0.50 E=0.29 | Level=0.61 dh/dt=0.091'),
(92, 16, '2025-09-08 17:10:00', '2.40', '1.25', '1.50', '1.82', 0, 0.756111, 0.8, 0.421944, 0.616667, 0, 0.459653, 'σ', 'σ=0.80 M=0.42 R=0.62 E=0.00 | Level=0.46 dh/dt=0.000'),
(93, 16, '2025-09-09 17:10:00', '2.80', '2.00', '2.00', '2.36', 0.545455, 0.857778, 0.933333, 0.371111, 0.866667, 0.745455, 0.729141, 'σ', 'σ=0.93 M=0.37 R=0.87 E=0.75 | Level=0.73 dh/dt=0.545'),
(94, 16, '2025-09-11 17:10:00', '2.40', '1.00', '2.00', '1.82', -0.545455, 0.653333, 0.8, 0.473334, 0.333333, 0.745455, 0.58803, 'σ', 'σ=0.80 M=0.47 R=0.33 E=0.75 | Level=0.59 dh/dt=-0.545'),
(95, 16, '2025-09-15 17:10:00', '2.60', '1.50', '2.00', '2.09', 0.272727, 0.797778, 0.866667, 0.401111, 0.7, 0.472727, 0.610126, 'σ', 'σ=0.87 M=0.40 R=0.70 E=0.47 | Level=0.61 dh/dt=0.273'),
(96, 16, '2025-09-22 17:10:00', '2.00', '1.25', '2.00', '1.73', -0.363636, 0.875, 0.666667, 0.3625, 0.616667, 0.563636, 0.552367, 'σ', 'σ=0.67 M=0.36 R=0.62 E=0.56 | Level=0.55 dh/dt=-0.364'),
(97, 16, '2025-09-23 15:35:00', '1.00', '1.00', '1.00', '1.00', -0.727273, 1, 0.333333, 0.3, 0.533333, 0.727273, 0.473485, 'E', 'σ=0.33 M=0.30 R=0.53 E=0.73 | Level=0.47 dh/dt=-0.727'),
(98, 16, '2025-09-25 17:10:00', '1.40', '1.00', '1.00', '1.18', 0.181818, 0.964444, 0.466667, 0.317778, 0.533333, 0.181818, 0.374899, 'R', 'σ=0.47 M=0.32 R=0.53 E=0.18 | Level=0.37 dh/dt=0.182'),
(99, 16, '2025-09-29 17:10:00', '1.40', '1.00', '1.00', '1.18', 0, 0.964444, 0.466667, 0.317778, 0.533333, 0, 0.329444, 'R', 'σ=0.47 M=0.32 R=0.53 E=0.00 | Level=0.33 dh/dt=0.000'),
(100, 16, '2025-10-02 17:10:00', '2.20', '1.00', '2.00', '1.73', 0.545455, 0.724444, 0.733333, 0.437778, 0.533333, 0.745455, 0.612475, 'E', 'σ=0.73 M=0.44 R=0.53 E=0.75 | Level=0.61 dh/dt=0.545'),
(101, 16, '2025-10-23 15:35:00', '1.60', '1.00', '1.00', '1.27', -0.454545, 0.92, 0.533333, 0.34, 0.533333, 0.454545, 0.465303, 'σ', 'σ=0.53 M=0.34 R=0.53 E=0.45 | Level=0.47 dh/dt=-0.455'),
(102, 16, '2025-10-23 17:10:00', '2.80', '1.25', '2.50', '2.18', 0.909091, 0.549444, 0.933333, 0.525278, 0.416667, 1, 0.718819, 'E', 'σ=0.93 M=0.53 R=0.42 E=1.00 | Level=0.72 dh/dt=0.909'),
(103, 16, '2025-10-27 17:10:00', '2.40', '1.00', '2.00', '1.82', -0.363636, 0.653333, 0.8, 0.473334, 0.333333, 0.563636, 0.542576, 'σ', 'σ=0.80 M=0.47 R=0.33 E=0.56 | Level=0.54 dh/dt=-0.364'),
(104, 16, '2025-10-30 17:10:00', '1.80', '1.00', '1.50', '1.45', -0.363636, 0.891111, 0.6, 0.354445, 0.533333, 0.363636, 0.462853, 'σ', 'σ=0.60 M=0.35 R=0.53 E=0.36 | Level=0.46 dh/dt=-0.364'),
(105, 16, '2025-11-03 17:10:00', '2.20', '1.00', '2.50', '1.82', 0.363636, 0.58, 0.733333, 0.51, 0.333333, 0.563636, 0.535076, 'σ', 'σ=0.73 M=0.51 R=0.33 E=0.56 | Level=0.54 dh/dt=0.364'),
(106, 16, '2025-11-06 17:10:00', '1.20', '1.00', '1.00', '1.09', -0.727273, 0.991111, 0.4, 0.304444, 0.533333, 0.727273, 0.491263, 'E', 'σ=0.40 M=0.30 R=0.53 E=0.73 | Level=0.49 dh/dt=-0.727'),
(107, 17, '2025-09-11 17:10:00', '2.40', '1.00', '1.00', '1.64', 0, 0.564444, 0.8, 0.517778, 0.333333, 0, 0.412778, 'σ', 'σ=0.80 M=0.52 R=0.33 E=0.00 | Level=0.41 dh/dt=0.000'),
(108, 17, '2025-09-18 17:10:00', '2.40', '1.00', '1.50', '1.73', 0.0909091, 0.664444, 0.8, 0.467778, 0.333333, 0.0909091, 0.423005, 'σ', 'σ=0.80 M=0.47 R=0.33 E=0.09 | Level=0.42 dh/dt=0.091'),
(109, 17, '2025-09-25 17:10:00', '3.20', '1.50', '3.00', '2.55', 0.818182, 0.424444, 1, 0.587778, 0.5, 1, 0.771945, 'σ', 'σ=1.00 M=0.59 R=0.50 E=1.00 | Level=0.77 dh/dt=0.818'),
(110, 17, '2025-10-02 17:10:00', '2.80', '1.25', '2.50', '2.18', -0.363636, 0.549444, 0.933333, 0.525278, 0.416667, 0.563636, 0.609729, 'σ', 'σ=0.93 M=0.53 R=0.42 E=0.56 | Level=0.61 dh/dt=-0.364'),
(111, 17, '2025-10-23 17:10:00', '2.80', '1.50', '1.50', '2.09', -0.0909091, 0.624444, 0.933333, 0.487778, 0.5, 0.0909091, 0.503005, 'σ', 'σ=0.93 M=0.49 R=0.50 E=0.09 | Level=0.50 dh/dt=-0.091'),
(112, 17, '2025-10-30 17:10:00', '2.80', '1.25', '3.00', '2.27', 0.181818, 0.388333, 0.933333, 0.605833, 0.416667, 0.381818, 0.584413, 'σ', 'σ=0.93 M=0.61 R=0.42 E=0.38 | Level=0.58 dh/dt=0.182'),
(113, 17, '2025-11-06 17:10:00', '2.40', '1.75', '2.50', '2.18', -0.0909091, 0.889444, 0.8, 0.355278, 0.783333, 0.290909, 0.55738, 'σ', 'σ=0.80 M=0.36 R=0.78 E=0.29 | Level=0.56 dh/dt=-0.091'),
(114, 18, '2025-09-11 17:10:00', '1.20', '2.00', '1.50', '1.55', 0, 0.891111, 0.4, 0.354445, 0.866667, 0, 0.405278, 'R', 'σ=0.40 M=0.35 R=0.87 E=0.00 | Level=0.41 dh/dt=0.000'),
(115, 18, '2025-09-25 17:10:00', '1.20', '1.75', '1.50', '1.45', -0.0909091, 0.949444, 0.4, 0.325278, 0.783333, 0.0909091, 0.39988, 'R', 'σ=0.40 M=0.33 R=0.78 E=0.09 | Level=0.40 dh/dt=-0.091'),
(116, 18, '2025-10-02 17:10:00', '1.40', '1.75', '2.00', '1.64', 0.181818, 0.939444, 0.466667, 0.330278, 0.783333, 0.381818, 0.490524, 'R', 'σ=0.47 M=0.33 R=0.78 E=0.38 | Level=0.49 dh/dt=0.182'),
(117, 18, '2025-10-23 15:35:00', '1.80', '1.50', '2.00', '1.73', 0.0909091, 0.957778, 0.6, 0.321111, 0.7, 0.290909, 0.478005, 'R', 'σ=0.60 M=0.32 R=0.70 E=0.29 | Level=0.48 dh/dt=0.091'),
(118, 18, '2025-10-23 17:10:00', '3.00', '1.50', '3.00', '2.45', 0.727273, 0.5, 1, 0.55, 0.5, 0.927273, 0.744318, 'σ', 'σ=1.00 M=0.55 R=0.50 E=0.93 | Level=0.74 dh/dt=0.727'),
(119, 18, '2025-10-30 17:10:00', '2.80', '2.25', '3.00', '2.64', 0.181818, 0.899444, 0.933333, 0.350278, 0.95, 0.381818, 0.653857, 'R', 'σ=0.93 M=0.35 R=0.95 E=0.38 | Level=0.65 dh/dt=0.182'),
(120, 18, '2025-11-06 17:10:00', '2.80', '3.25', '3.50', '3.09', 0.454545, 0.916111, 0.933333, 0.341944, 1, 0.654545, 0.732456, 'R', 'σ=0.93 M=0.34 R=1.00 E=0.65 | Level=0.73 dh/dt=0.455'),
(121, 19, '2025-09-18 17:10:00', '2.60', '2.25', '2.50', '2.45', 0, 0.978333, 0.866667, 0.310834, 0.95, 0.2, 0.581875, 'R', 'σ=0.87 M=0.31 R=0.95 E=0.20 | Level=0.58 dh/dt=0.000'),
(122, 19, '2025-09-25 17:10:00', '1.80', '2.00', '1.50', '1.82', -0.636364, 0.957778, 0.6, 0.321111, 0.866667, 0.636364, 0.606035, 'R', 'σ=0.60 M=0.32 R=0.87 E=0.64 | Level=0.61 dh/dt=-0.636'),
(123, 19, '2025-10-02 17:10:00', '2.20', '1.75', '2.00', '2.00', 0.181818, 0.966111, 0.733333, 0.316945, 0.783333, 0.381818, 0.553857, 'R', 'σ=0.73 M=0.32 R=0.78 E=0.38 | Level=0.55 dh/dt=0.182'),
(124, 19, '2025-10-30 17:10:00', '2.80', '2.25', '3.00', '2.64', 0.636364, 0.899444, 0.933333, 0.350278, 0.95, 0.836364, 0.767494, 'R', 'σ=0.93 M=0.35 R=0.95 E=0.84 | Level=0.77 dh/dt=0.636'),
(125, 19, '2025-11-06 17:10:00', '2.20', '1.75', '1.50', '1.91', -0.727273, 0.916111, 0.733333, 0.341944, 0.783333, 0.727273, 0.646471, 'R', 'σ=0.73 M=0.34 R=0.78 E=0.73 | Level=0.65 dh/dt=-0.727'),
(126, 20, '2025-09-08 17:10:00', '1.80', '1.50', '1.50', '1.64', 0, 0.98, 0.6, 0.31, 0.7, 0, 0.4025, 'R', 'σ=0.60 M=0.31 R=0.70 E=0.00 | Level=0.40 dh/dt=0.000'),
(127, 20, '2025-09-15 17:10:00', '2.00', '1.25', '2.00', '1.73', 0.0909091, 0.875, 0.666667, 0.3625, 0.616667, 0.290909, 0.484186, 'σ', 'σ=0.67 M=0.36 R=0.62 E=0.29 | Level=0.48 dh/dt=0.091'),
(128, 20, '2025-09-19 15:35:00', '1.80', '1.25', '2.00', '1.64', -0.0909091, 0.899444, 0.6, 0.350278, 0.616667, 0.290909, 0.464463, 'R', 'σ=0.60 M=0.35 R=0.62 E=0.29 | Level=0.46 dh/dt=-0.091'),
(129, 20, '2025-09-22 17:10:00', '2.00', '1.25', '2.00', '1.73', 0.0909091, 0.875, 0.666667, 0.3625, 0.616667, 0.290909, 0.484186, 'σ', 'σ=0.67 M=0.36 R=0.62 E=0.29 | Level=0.48 dh/dt=0.091'),
(130, 20, '2025-09-26 15:35:00', '1.80', '1.25', '2.00', '1.64', -0.0909091, 0.899444, 0.6, 0.350278, 0.616667, 0.290909, 0.464463, 'R', 'σ=0.60 M=0.35 R=0.62 E=0.29 | Level=0.46 dh/dt=-0.091'),
(131, 20, '2025-09-29 17:10:00', '1.80', '1.25', '2.00', '1.64', 0, 0.899444, 0.6, 0.350278, 0.616667, 0.2, 0.441736, 'R', 'σ=0.60 M=0.35 R=0.62 E=0.20 | Level=0.44 dh/dt=0.000'),
(132, 20, '2025-10-20 17:10:00', '2.00', '1.25', '1.50', '1.64', 0, 0.902778, 0.666667, 0.348611, 0.616667, 0, 0.407986, 'σ', 'σ=0.67 M=0.35 R=0.62 E=0.00 | Level=0.41 dh/dt=0.000'),
(133, 20, '2025-10-24 15:35:00', '2.00', '1.25', '2.00', '1.73', 0.0909091, 0.875, 0.666667, 0.3625, 0.616667, 0.290909, 0.484186, 'σ', 'σ=0.67 M=0.36 R=0.62 E=0.29 | Level=0.48 dh/dt=0.091'),
(134, 20, '2025-10-27 17:10:00', '2.00', '1.25', '2.00', '1.73', 0, 0.875, 0.666667, 0.3625, 0.616667, 0.2, 0.461458, 'σ', 'σ=0.67 M=0.36 R=0.62 E=0.20 | Level=0.46 dh/dt=0.000'),
(135, 20, '2025-11-03 17:10:00', '2.00', '1.25', '2.00', '1.73', 0, 0.875, 0.666667, 0.3625, 0.616667, 0.2, 0.461458, 'σ', 'σ=0.67 M=0.36 R=0.62 E=0.20 | Level=0.46 dh/dt=0.000'),
(136, 21, '2025-09-08 17:10:00', '2.20', '1.00', '2.00', '1.73', 0, 0.724444, 0.733333, 0.437778, 0.533333, 0.2, 0.476111, 'σ', 'σ=0.73 M=0.44 R=0.53 E=0.20 | Level=0.48 dh/dt=0.000'),
(137, 21, '2025-09-15 17:10:00', '2.00', '1.00', '2.00', '1.64', -0.0909091, 0.777778, 0.666667, 0.411111, 0.533333, 0.290909, 0.475505, 'σ', 'σ=0.67 M=0.41 R=0.53 E=0.29 | Level=0.48 dh/dt=-0.091'),
(138, 21, '2025-09-22 17:10:00', '1.60', '1.25', '1.00', '1.36', -0.272727, 0.939444, 0.533333, 0.330278, 0.616667, 0.272727, 0.438251, 'R', 'σ=0.53 M=0.33 R=0.62 E=0.27 | Level=0.44 dh/dt=-0.273'),
(139, 21, '2025-09-29 17:10:00', '1.80', '1.25', '1.50', '1.55', 0.181818, 0.949444, 0.6, 0.325278, 0.616667, 0.181818, 0.430941, 'R', 'σ=0.60 M=0.33 R=0.62 E=0.18 | Level=0.43 dh/dt=0.182'),
(140, 21, '2025-10-20 17:10:00', '2.60', '1.50', '3.00', '2.27', 0.727273, 0.597778, 0.866667, 0.501111, 0.5, 0.927273, 0.698763, 'E', 'σ=0.87 M=0.50 R=0.50 E=0.93 | Level=0.70 dh/dt=0.727'),
(141, 21, '2025-10-20 17:10:00', '2.60', '1.50', '3.00', '2.27', 0, 0.597778, 0.866667, 0.501111, 0.5, 0.2, 0.516944, 'σ', 'σ=0.87 M=0.50 R=0.50 E=0.20 | Level=0.52 dh/dt=0.000'),
(142, 21, '2025-10-27 17:10:00', '1.20', '1.25', '1.50', '1.27', -1, 0.982778, 0.4, 0.308611, 0.616667, 1, 0.581319, 'E', 'σ=0.40 M=0.31 R=0.62 E=1.00 | Level=0.58 dh/dt=-1.000'),
(143, 21, '2025-11-03 17:10:00', '2.40', '1.25', '2.50', '2.00', 0.727273, 0.678333, 0.8, 0.460833, 0.416667, 0.927273, 0.651193, 'E', 'σ=0.80 M=0.46 R=0.42 E=0.93 | Level=0.65 dh/dt=0.727'),
(144, 21, '2025-11-03 17:10:00', '2.40', '1.25', '2.50', '2.00', 0, 0.678333, 0.8, 0.460833, 0.416667, 0.2, 0.469375, 'σ', 'σ=0.80 M=0.46 R=0.42 E=0.20 | Level=0.47 dh/dt=0.000'),
(145, 22, '2025-09-10 17:10:00', '2.00', '1.50', '2.50', '1.91', 0, 0.833333, 0.666667, 0.383334, 0.7, 0.2, 0.4875, 'R', 'σ=0.67 M=0.38 R=0.70 E=0.20 | Level=0.49 dh/dt=0.000'),
(146, 22, '2025-09-24 17:10:00', '2.80', '1.50', '3.00', '2.36', 0.454545, 0.557778, 0.933333, 0.521111, 0.5, 0.654545, 0.652247, 'σ', 'σ=0.93 M=0.52 R=0.50 E=0.65 | Level=0.65 dh/dt=0.455'),
(147, 22, '2025-10-01 17:10:00', '2.60', '1.25', '2.00', '2.00', -0.363636, 0.695, 0.866667, 0.4525, 0.416667, 0.563636, 0.574867, 'σ', 'σ=0.87 M=0.45 R=0.42 E=0.56 | Level=0.57 dh/dt=-0.364'),
(148, 22, '2025-10-07 17:10:00', '2.20', '1.25', '2.00', '1.82', -0.181818, 0.832778, 0.733333, 0.383611, 0.616667, 0.381818, 0.528857, 'σ', 'σ=0.73 M=0.38 R=0.62 E=0.38 | Level=0.53 dh/dt=-0.182'),
(149, 22, '2025-10-22 17:10:00', '1.60', '1.25', '2.00', '1.55', -0.272727, 0.906111, 0.533333, 0.346945, 0.616667, 0.472727, 0.492418, 'R', 'σ=0.53 M=0.35 R=0.62 E=0.47 | Level=0.49 dh/dt=-0.273'),
(150, 22, '2025-10-29 17:10:00', '2.80', '1.25', '2.50', '2.18', 0.636364, 0.549444, 0.933333, 0.525278, 0.416667, 0.836364, 0.677911, 'σ', 'σ=0.93 M=0.53 R=0.42 E=0.84 | Level=0.68 dh/dt=0.636'),
(151, 22, '2025-11-06 17:10:00', '1.80', '1.00', '2.00', '1.55', -0.636364, 0.813333, 0.6, 0.393333, 0.533333, 0.836364, 0.590758, 'E', 'σ=0.60 M=0.39 R=0.53 E=0.84 | Level=0.59 dh/dt=-0.636'),
(152, 23, '2025-09-15 17:10:00', '2.40', '1.50', '2.00', '2.00', 0, 0.864444, 0.8, 0.367778, 0.7, 0.2, 0.516945, 'σ', 'σ=0.80 M=0.37 R=0.70 E=0.20 | Level=0.52 dh/dt=0.000'),
(153, 23, '2025-09-22 17:10:00', '2.00', '1.75', '2.00', '1.91', -0.0909091, 0.986111, 0.666667, 0.306944, 0.783333, 0.290909, 0.511963, 'R', 'σ=0.67 M=0.31 R=0.78 E=0.29 | Level=0.51 dh/dt=-0.091'),
(154, 23, '2025-09-29 17:10:00', '2.00', '2.00', '2.50', '2.09', 0.181818, 0.944444, 0.666667, 0.327778, 0.866667, 0.381818, 0.560732, 'R', 'σ=0.67 M=0.33 R=0.87 E=0.38 | Level=0.56 dh/dt=0.182'),
(155, 23, '2025-10-20 17:10:00', '2.00', '1.75', '2.00', '1.91', -0.181818, 0.986111, 0.666667, 0.306944, 0.783333, 0.381818, 0.534691, 'R', 'σ=0.67 M=0.31 R=0.78 E=0.38 | Level=0.53 dh/dt=-0.182'),
(156, 23, '2025-10-27 17:10:00', '2.20', '2.00', '2.00', '2.09', 0.181818, 0.991111, 0.733333, 0.304444, 0.866667, 0.381818, 0.571566, 'R', 'σ=0.73 M=0.30 R=0.87 E=0.38 | Level=0.57 dh/dt=0.182'),
(157, 23, '2025-11-03 17:10:00', '2.00', '1.75', '1.50', '1.82', -0.272727, 0.958333, 0.666667, 0.320834, 0.783333, 0.272727, 0.51089, 'R', 'σ=0.67 M=0.32 R=0.78 E=0.27 | Level=0.51 dh/dt=-0.273'),
(158, 24, '2025-09-19 15:35:00', '2.40', '1.25', '2.00', '1.91', 0, 0.772778, 0.8, 0.413611, 0.616667, 0.2, 0.507569, 'σ', 'σ=0.80 M=0.41 R=0.62 E=0.20 | Level=0.51 dh/dt=0.000'),
(159, 24, '2025-09-23 17:10:00', '1.80', '1.25', '1.50', '1.55', -0.363636, 0.949444, 0.6, 0.325278, 0.616667, 0.363636, 0.476395, 'R', 'σ=0.60 M=0.33 R=0.62 E=0.36 | Level=0.48 dh/dt=-0.364'),
(160, 24, '2025-09-26 17:30:26', '1.40', '1.50', '1.50', '1.45', -0.0909091, 0.997778, 0.466667, 0.301111, 0.7, 0.0909091, 0.389672, 'R', 'σ=0.47 M=0.30 R=0.70 E=0.09 | Level=0.39 dh/dt=-0.091'),
(161, 24, '2025-09-30 17:10:00', '1.80', '1.75', '1.50', '1.73', 0.272727, 0.982778, 0.6, 0.308611, 0.783333, 0.272727, 0.491168, 'R', 'σ=0.60 M=0.31 R=0.78 E=0.27 | Level=0.49 dh/dt=0.273'),
(162, 40, '2025-10-20 16:43:26', '1.50', '2.00', '2.50', '1.89', 0, 0.833333, 0.5, 0.383334, 0.866667, 0.2, 0.4875, 'R', 'σ=0.50 M=0.38 R=0.87 E=0.20 | Level=0.49 dh/dt=0.000'),
(163, 40, '2025-10-27 16:46:37', '2.60', '2.00', '2.00', '2.27', 0.383838, 0.92, 0.866667, 0.34, 0.866667, 0.583838, 0.664293, 'σ', 'σ=0.87 M=0.34 R=0.87 E=0.58 | Level=0.66 dh/dt=0.384'),
(164, 40, '2025-11-03 16:56:05', '1.60', '2.75', '1.00', '1.91', -0.363636, 0.472778, 0.533333, 0.563611, 0.916667, 0.363636, 0.594312, 'R', 'σ=0.53 M=0.56 R=0.92 E=0.36 | Level=0.59 dh/dt=-0.364'),
(165, 40, '2025-11-03 16:56:09', '1.60', '2.75', '1.00', '1.91', 0, 0.472778, 0.533333, 0.563611, 0.916667, 0, 0.503403, 'R', 'σ=0.53 M=0.56 R=0.92 E=0.00 | Level=0.50 dh/dt=0.000'),
(166, 42, '2025-11-06 16:53:01', '0.00', '0.00', '0.00', '0.00', 0, 1, 0, 0.3, 0.2, 0, 0.125, 'M', 'σ=0.00 M=0.30 R=0.20 E=0.00 | Level=0.12 dh/dt=0.000'),
(167, 43, '2025-11-03 16:55:09', '2.40', '2.00', '2.00', '2.18', 0, 0.964444, 0.8, 0.317778, 0.866667, 0.2, 0.546111, 'R', 'σ=0.80 M=0.32 R=0.87 E=0.20 | Level=0.55 dh/dt=0.000');

-- --------------------------------------------------------

--
-- Tabellenstruktur für Tabelle `frzk_reflexion`
--

CREATE TABLE `frzk_reflexion` (
  `id` int(11) NOT NULL,
  `teilnehmer_id` int(11) NOT NULL,
  `zeitpunkt` datetime NOT NULL,
  `reflexionsgrad` float DEFAULT NULL,
  `meta_kohärenz` float DEFAULT NULL,
  `selbstbezug_index` float DEFAULT NULL,
  `reflexions_marker` varchar(20) DEFAULT NULL,
  `bemerkung` text
) ENGINE=InnoDB DEFAULT CHARSET=utf8mb4;

--
-- Daten für Tabelle `frzk_reflexion`
--

INSERT INTO `frzk_reflexion` (`id`, `teilnehmer_id`, `zeitpunkt`, `reflexionsgrad`, `meta_kohärenz`, `selbstbezug_index`, `reflexions_marker`, `bemerkung`) VALUES
(1, 2, '2025-11-03 15:35:00', 0.565708, 0.797521, 0, 'mittel', 'Reflexionsgrad: 0.57 | Meta-Kohärenz: 0.80 | Selbstbezug: 0.00 | Stabilität: 0.94'),
(2, 3, '2025-11-04 15:35:00', 0.560333, 0.800103, 0, 'mittel', 'Reflexionsgrad: 0.56 | Meta-Kohärenz: 0.80 | Selbstbezug: 0.00 | Stabilität: 0.93'),
(3, 4, '2025-10-27 15:35:00', 0.540133, 0.907438, 0, 'mittel', 'Reflexionsgrad: 0.54 | Meta-Kohärenz: 0.91 | Selbstbezug: 0.00 | Stabilität: 0.90'),
(4, 5, '2025-11-04 17:10:00', 0.550267, 0.973702, 0, 'mittel', 'Reflexionsgrad: 0.55 | Meta-Kohärenz: 0.97 | Selbstbezug: 0.00 | Stabilität: 0.92'),
(5, 6, '2025-10-29 15:35:00', 0.565048, 0.726767, 0, 'mittel', 'Reflexionsgrad: 0.57 | Meta-Kohärenz: 0.73 | Selbstbezug: 0.00 | Stabilität: 0.94'),
(6, 7, '2025-10-29 17:10:00', 0.507889, 0.896924, 0, 'mittel', 'Reflexionsgrad: 0.51 | Meta-Kohärenz: 0.90 | Selbstbezug: 0.00 | Stabilität: 0.85'),
(7, 8, '2025-11-04 17:10:00', 0.550571, 0.684938, 0, 'mittel', 'Reflexionsgrad: 0.55 | Meta-Kohärenz: 0.68 | Selbstbezug: 0.00 | Stabilität: 0.92'),
(8, 9, '2025-11-06 15:35:00', 0.442633, 0.62413, 0, 'mittel', 'Reflexionsgrad: 0.44 | Meta-Kohärenz: 0.62 | Selbstbezug: 0.00 | Stabilität: 0.74'),
(9, 10, '2025-11-06 16:51:46', 0.548384, 0.773485, 0, 'mittel', 'Reflexionsgrad: 0.55 | Meta-Kohärenz: 0.77 | Selbstbezug: 0.00 | Stabilität: 0.91'),
(10, 11, '2025-10-29 15:35:00', 0.551, 0.752066, 0, 'mittel', 'Reflexionsgrad: 0.55 | Meta-Kohärenz: 0.75 | Selbstbezug: 0.00 | Stabilität: 0.92'),
(11, 12, '2025-10-01 17:10:00', 0.588133, 0.992066, 0, 'mittel', 'Reflexionsgrad: 0.59 | Meta-Kohärenz: 0.99 | Selbstbezug: 0.00 | Stabilität: 0.98'),
(12, 13, '2025-10-07 17:10:00', 0.554416, 0.824897, 0, 'mittel', 'Reflexionsgrad: 0.55 | Meta-Kohärenz: 0.82 | Selbstbezug: 0.00 | Stabilität: 0.92'),
(13, 14, '2025-10-29 17:10:00', 0.556889, 0.623278, 0, 'mittel', 'Reflexionsgrad: 0.56 | Meta-Kohärenz: 0.62 | Selbstbezug: 0.00 | Stabilität: 0.93'),
(14, 15, '2025-11-06 15:35:00', 0.369222, 0.819789, 0, 'mittel', 'Reflexionsgrad: 0.37 | Meta-Kohärenz: 0.82 | Selbstbezug: 0.00 | Stabilität: 0.62'),
(15, 16, '2025-11-06 17:10:00', 0.487133, 0.761028, 0, 'mittel', 'Reflexionsgrad: 0.49 | Meta-Kohärenz: 0.76 | Selbstbezug: 0.00 | Stabilität: 0.81'),
(16, 17, '2025-11-06 17:10:00', 0.351857, 0.883286, 0, 'mittel', 'Reflexionsgrad: 0.35 | Meta-Kohärenz: 0.88 | Selbstbezug: 0.00 | Stabilität: 0.59'),
(17, 18, '2025-11-06 17:10:00', 0.518857, 0.93186, 0, 'mittel', 'Reflexionsgrad: 0.52 | Meta-Kohärenz: 0.93 | Selbstbezug: 0.00 | Stabilität: 0.86'),
(18, 19, '2025-11-06 17:10:00', 0.566133, 0.73752, 0, 'mittel', 'Reflexionsgrad: 0.57 | Meta-Kohärenz: 0.74 | Selbstbezug: 0.00 | Stabilität: 0.94'),
(19, 20, '2025-11-03 17:10:00', 0.537367, 0.99595, 0, 'mittel', 'Reflexionsgrad: 0.54 | Meta-Kohärenz: 1.00 | Selbstbezug: 0.00 | Stabilität: 0.90'),
(20, 21, '2025-11-03 17:10:00', 0.461741, 0.759412, 0, 'mittel', 'Reflexionsgrad: 0.46 | Meta-Kohärenz: 0.76 | Selbstbezug: 0.00 | Stabilität: 0.77'),
(21, 22, '2025-11-06 17:10:00', 0.444667, 0.823242, 0, 'mittel', 'Reflexionsgrad: 0.44 | Meta-Kohärenz: 0.82 | Selbstbezug: 0.00 | Stabilität: 0.74'),
(22, 23, '2025-11-03 17:10:00', 0.573055, 0.970615, 0, 'mittel', 'Reflexionsgrad: 0.57 | Meta-Kohärenz: 0.97 | Selbstbezug: 0.00 | Stabilität: 0.96'),
(23, 24, '2025-09-30 17:10:00', 0.555417, 0.948347, 0, 'mittel', 'Reflexionsgrad: 0.56 | Meta-Kohärenz: 0.95 | Selbstbezug: 0.00 | Stabilität: 0.93'),
(24, 40, '2025-11-03 16:56:09', 0.404833, 0.930135, 0, 'mittel', 'Reflexionsgrad: 0.40 | Meta-Kohärenz: 0.93 | Selbstbezug: 0.00 | Stabilität: 0.67'),
(25, 42, '2025-11-06 16:53:01', 0.6, 1, 0, 'mittel', 'Reflexionsgrad: 0.60 | Meta-Kohärenz: 1.00 | Selbstbezug: 0.00 | Stabilität: 1.00'),
(26, 43, '2025-11-03 16:55:09', 0.578666, 1, 0, 'mittel', 'Reflexionsgrad: 0.58 | Meta-Kohärenz: 1.00 | Selbstbezug: 0.00 | Stabilität: 0.96');

-- --------------------------------------------------------

--
-- Tabellenstruktur für Tabelle `frzk_semantische_dichte`
--

CREATE TABLE `frzk_semantische_dichte` (
  `id` int(11) NOT NULL,
  `teilnehmer_id` int(11) NOT NULL,
  `gruppe_id` int(11) DEFAULT NULL,
  `zeitpunkt` datetime NOT NULL,
  `x_kognition` float NOT NULL,
  `y_sozial` float NOT NULL,
  `z_affektiv` float NOT NULL,
  `h_bedeutung` float NOT NULL,
  `dh_dt` float DEFAULT NULL,
  `cluster_id` int(11) DEFAULT NULL,
  `stabilitaet_score` float DEFAULT NULL,
  `transitions_marker` varchar(50) DEFAULT NULL,
  `emotions` varchar(255) NOT NULL,
  `bemerkung` text
) ENGINE=InnoDB DEFAULT CHARSET=utf8mb4;

--
-- Daten für Tabelle `frzk_semantische_dichte`
--

INSERT INTO `frzk_semantische_dichte` (`id`, `teilnehmer_id`, `gruppe_id`, `zeitpunkt`, `x_kognition`, `y_sozial`, `z_affektiv`, `h_bedeutung`, `dh_dt`, `cluster_id`, `stabilitaet_score`, `transitions_marker`, `emotions`, `bemerkung`) VALUES
(1, 21, 2, '2025-09-08 17:10:00', 2.2, 1, 2, 1.72727, 0, 2, 0.724444, '⚖️ Homöostatisch', '3, 28, 1, 2, 23', 'K:2.20 S:1.00 A:2.00 h:1.73 Δh:0.00'),
(2, 12, 2, '2025-09-08 17:10:00', 1, 1, 1, 1, 0, 1, 1, '⚖️ Homöostatisch (resilient)', '1, 5, 3, 28, 6', 'K:1.00 S:1.00 A:1.00 h:1.00 Δh:0.00'),
(3, 20, 2, '2025-09-08 17:10:00', 1.8, 1.5, 1.5, 1.63636, 0, 2, 0.98, '⚖️ Homöostatisch (resilient)', '6, 23, 2, 4, 24', 'K:1.80 S:1.50 A:1.50 h:1.64 Δh:0.00'),
(4, 16, 2, '2025-09-08 17:10:00', 2.4, 1.25, 1.5, 1.81818, 0, 2, 0.756111, '⚖️ Homöostatisch', '23, 22, 27, 24, 6, 1, 4, 9, 14, 13, 7', 'K:2.40 S:1.25 A:1.50 h:1.82 Δh:0.00'),
(5, 3, 3, '2025-09-09 15:35:00', 1.6, 1, 1, 1.27273, 0, 1, 0.92, '⚖️ Homöostatisch (resilient)', '6, 25, 24, 2', 'K:1.60 S:1.00 A:1.00 h:1.27 Δh:0.00'),
(6, 9, 4, '2025-09-09 17:10:00', 1.8, 2, 4, 2.27273, 0, 3, 0.0133333, '⚖️ Homöostatisch', '22, 5, 27, 1, 6, 10, 23, 18, 4, 9, 14, 13, 7, 16, 26, 28, 3, 8', 'K:1.80 S:2.00 A:4.00 h:2.27 Δh:0.00'),
(7, 16, 4, '2025-09-09 17:10:00', 2.8, 2, 2, 2.36364, 0.545455, 3, 0.857778, '⚡ Perturbativ', '22, 23, 27, 24, 6, 1, 4, 9, 14, 13, 7', 'K:2.80 S:2.00 A:2.00 h:2.36 Δh:0.55'),
(8, 8, 4, '2025-09-09 17:10:00', 2.8, 2.5, 3, 2.72727, 0, 3, 0.957778, '⚖️ Homöostatisch (resilient)', '22, 1, 18', 'K:2.80 S:2.50 A:3.00 h:2.73 Δh:0.00'),
(9, 5, 4, '2025-09-09 17:10:00', 2.2, 2, 2.5, 2.2, 0, 3, 0.957778, '⚖️ Homöostatisch (resilient)', '22, 1, 15, 6, 23, 4, 25, 20', 'K:2.20 S:2.00 A:2.50 h:2.20 Δh:0.00'),
(10, 11, 5, '2025-09-10 15:35:00', 1.8, 1.75, 1.5, 1.72727, 0, 2, 0.982778, '⚖️ Homöostatisch (resilient)', '1, 13, 2, 23', 'K:1.80 S:1.75 A:1.50 h:1.73 Δh:0.00'),
(11, 6, 5, '2025-09-10 15:35:00', 2, 2.25, 2, 2.09091, 0, 2, 0.986111, '⚖️ Homöostatisch (resilient)', '3, 28, 1, 6, 10', 'K:2.00 S:2.25 A:2.00 h:2.09 Δh:0.00'),
(12, 7, 6, '2025-09-10 17:10:00', 2.6, 1.5, 2, 2.09091, 0, 2, 0.797778, '⚖️ Homöostatisch', '22, 4, 25', 'K:2.60 S:1.50 A:2.00 h:2.09 Δh:0.00'),
(13, 14, 6, '2025-09-10 17:10:00', 1.6, 1.5, 1, 1.45455, 0, 1, 0.931111, '⚖️ Homöostatisch (resilient)', '15, 25, 20, 23, 8, 13, 2', 'K:1.60 S:1.50 A:1.00 h:1.45 Δh:0.00'),
(14, 12, 6, '2025-09-10 17:10:00', 1.4, 1, 1, 1.18182, 0.181818, 1, 0.964444, '🔄 Koordinativ', '1, 5, 3, 28, 6', 'K:1.40 S:1.00 A:1.00 h:1.18 Δh:0.18'),
(15, 12, 6, '2025-09-10 17:10:00', 1.4, 1, 1, 1.18182, 0, 1, 0.964444, '⚖️ Homöostatisch (resilient)', '1, 5, 3, 28, 6', 'K:1.40 S:1.00 A:1.00 h:1.18 Δh:0.00'),
(16, 22, 6, '2025-09-10 17:10:00', 2, 1.5, 2.5, 1.90909, 0, 2, 0.833333, '⚖️ Homöostatisch (resilient)', '5, 4, 7, 25', 'K:2.00 S:1.50 A:2.50 h:1.91 Δh:0.00'),
(17, 13, 6, '2025-09-10 17:10:00', 2, 2.25, 1.5, 2, 0, 2, 0.902778, '⚖️ Homöostatisch (resilient)', '5, 1, 7, 2', 'K:2.00 S:2.25 A:1.50 h:2.00 Δh:0.00'),
(18, 9, 7, '2025-09-11 15:35:00', 2, 1.75, 1.5, 1.81818, -0.454545, 2, 0.958333, '🌊 Transformativ', '5, 22, 27, 1, 6, 10, 23, 18, 4, 9, 14, 13, 7, 16, 26, 28, 3, 8', 'K:2.00 S:1.75 A:1.50 h:1.82 Δh:-0.45'),
(19, 15, 7, '2025-09-11 15:35:00', 3.2, 1.5, 3, 2.54545, 0, 3, 0.424444, '⚖️ Homöostatisch', '17, 5, 22, 4, 16, 25, 24, 20', 'K:3.20 S:1.50 A:3.00 h:2.55 Δh:0.00'),
(20, 10, 7, '2025-09-11 15:35:00', 1.8, 1, 1.5, 1.45455, 0, 1, 0.891111, '⚖️ Homöostatisch (resilient)', '28, 1, 6, 23, 8, 13, 16, 25, 2, 22, 18, 9, 14, 26, 12, 24, 11, 20, 27, 10', 'K:1.80 S:1.00 A:1.50 h:1.45 Δh:0.00'),
(21, 18, 8, '2025-09-11 17:10:00', 1.2, 2, 1.5, 1.54545, 0, 2, 0.891111, '⚖️ Homöostatisch (resilient)', '2', 'K:1.20 S:2.00 A:1.50 h:1.55 Δh:0.00'),
(22, 10, 8, '2025-09-11 17:10:00', 2.6, 2, 3, 2.45455, 1, 3, 0.831111, '💥 Kollapsiv', '28, 1, 6, 23, 8, 13, 16, 25, 2, 22, 18, 9, 14, 26, 12, 24, 11, 20, 27, 10', 'K:2.60 S:2.00 A:3.00 h:2.45 Δh:1.00'),
(23, 16, 8, '2025-09-11 17:10:00', 2.4, 1, 2, 1.81818, -0.545455, 2, 0.653333, '⚡ Perturbativ', '27, 23, 24, 22, 6, 1, 4, 9, 14, 13, 7', 'K:2.40 S:1.00 A:2.00 h:1.82 Δh:-0.55'),
(24, 17, 8, '2025-09-11 17:10:00', 2.4, 1, 1, 1.63636, 0, 2, 0.564444, '⚖️ Homöostatisch', '1, 6, 14, 13, 23', 'K:2.40 S:1.00 A:1.00 h:1.64 Δh:0.00'),
(25, 2, 1, '2025-09-15 15:35:00', 3, 2.25, 2.5, 2.63636, 0, 3, 0.902778, '⚖️ Homöostatisch (resilient)', '22, 25, 12, 24, 11, 20, 3, 28, 1, 23, 4, 8, 13, 2', 'K:3.00 S:2.25 A:2.50 h:2.64 Δh:0.00'),
(26, 21, 2, '2025-09-15 17:10:00', 2, 1, 2, 1.63636, -0.0909091, 2, 0.777778, '🌱 Adaptiv', '2, 3, 28, 1, 23', 'K:2.00 S:1.00 A:2.00 h:1.64 Δh:-0.09'),
(27, 16, 2, '2025-09-15 17:10:00', 2.6, 1.5, 2, 2.09091, 0.272727, 2, 0.797778, '🔄 Koordinativ', '27, 6, 23, 22, 24, 1, 4, 9, 14, 13, 7', 'K:2.60 S:1.50 A:2.00 h:2.09 Δh:0.27'),
(28, 20, 2, '2025-09-15 17:10:00', 2, 1.25, 2, 1.72727, 0.0909091, 2, 0.875, '🌱 Adaptiv (resilient)', '4, 24, 6, 23, 2', 'K:2.00 S:1.25 A:2.00 h:1.73 Δh:0.09'),
(29, 23, 2, '2025-09-15 17:10:00', 2.4, 1.5, 2, 2, 0, 2, 0.864444, '⚖️ Homöostatisch (resilient)', '5, 23, 13, 25, 2, 4, 14', 'K:2.40 S:1.50 A:2.00 h:2.00 Δh:0.00'),
(30, 10, 5, '2025-09-17 15:35:00', 1.6, 1, 1, 1.27273, -1.18182, 1, 0.92, '💥 Kollapsiv', '28, 22, 6, 23, 18, 9, 8, 14, 26, 25, 12, 24, 2, 11, 20, 1, 13, 16, 27, 10', 'K:1.60 S:1.00 A:1.00 h:1.27 Δh:-1.18'),
(31, 2, 5, '2025-09-17 15:35:00', 1.2, 2, 1.5, 1.54545, -1.09091, 2, 0.891111, '💥 Kollapsiv', '3, 28, 1, 23, 4, 8, 13, 22, 25, 12, 24, 11, 20, 2', 'K:1.20 S:2.00 A:1.50 h:1.55 Δh:-1.09'),
(32, 12, 6, '2025-09-17 17:10:00', 1, 1.25, 1, 1.09091, -0.0909091, 1, 0.986111, '🌱 Adaptiv (resilient)', '5, 3, 28, 1, 6', 'K:1.00 S:1.25 A:1.00 h:1.09 Δh:-0.09'),
(33, 14, 6, '2025-09-17 17:10:00', 1.4, 1.75, 1, 1.45455, 0, 1, 0.906111, '⚖️ Homöostatisch (resilient)', '23, 8, 13, 2, 15, 25, 20', 'K:1.40 S:1.75 A:1.00 h:1.45 Δh:0.00'),
(34, 9, 7, '2025-09-18 15:35:00', 1.4, 1, 2, 1.36364, -0.454545, 1, 0.831111, '🌊 Transformativ', '5, 28, 22, 27, 1, 6, 18, 4, 14, 13, 10, 23, 9, 7, 16, 26, 3, 8', 'K:1.40 S:1.00 A:2.00 h:1.36 Δh:-0.45'),
(35, 15, 7, '2025-09-18 15:35:00', 3.2, 1.75, 2, 2.45455, -0.0909091, 3, 0.599444, '🌱 Adaptiv', '17, 5, 22, 4, 16, 25, 24, 20', 'K:3.20 S:1.75 A:2.00 h:2.45 Δh:-0.09'),
(36, 10, 7, '2025-09-18 15:35:00', 1.2, 1.25, 1, 1.18182, -0.0909091, 1, 0.988333, '🌱 Adaptiv (resilient)', '22, 27, 1, 6, 10, 23, 18, 8, 14, 13, 26, 25, 24, 2, 28, 16, 9, 12, 11, 20', 'K:1.20 S:1.25 A:1.00 h:1.18 Δh:-0.09'),
(37, 17, 8, '2025-09-18 17:10:00', 2.4, 1, 1.5, 1.72727, 0.0909091, 2, 0.664444, '🌱 Adaptiv', '1, 6, 23, 13, 14', 'K:2.40 S:1.00 A:1.50 h:1.73 Δh:0.09'),
(38, 19, 8, '2025-09-18 17:10:00', 2.6, 2.25, 2.5, 2.45455, 0, 3, 0.978333, '⚖️ Homöostatisch (resilient)', '5, 28, 2', 'K:2.60 S:2.25 A:2.50 h:2.45 Δh:0.00'),
(39, 6, 9, '2025-09-19 15:35:00', 2.8, 3, 2.5, 2.81818, 0.727273, 3, 0.957778, '⚡ Perturbativ', '3, 6, 10, 28, 1', 'K:2.80 S:3.00 A:2.50 h:2.82 Δh:0.73'),
(40, 20, 9, '2025-09-19 15:35:00', 1.8, 1.25, 2, 1.63636, -0.0909091, 2, 0.899444, '🌱 Adaptiv (resilient)', '4, 2, 6, 23, 24', 'K:1.80 S:1.25 A:2.00 h:1.64 Δh:-0.09'),
(41, 11, 9, '2025-09-19 15:35:00', 2.4, 2.25, 2, 2.27273, 0.545455, 3, 0.972778, '⚡ Perturbativ', '1, 23, 13, 2', 'K:2.40 S:2.25 A:2.00 h:2.27 Δh:0.55'),
(42, 24, 9, '2025-09-19 15:35:00', 2.4, 1.25, 2, 1.90909, 0, 2, 0.772778, '⚖️ Homöostatisch', '5, 28, 6, 10, 23, 14, 1, 4', 'K:2.40 S:1.25 A:2.00 h:1.91 Δh:0.00'),
(43, 4, 9, '2025-09-19 15:35:00', 3.2, 2.75, 3, 3, 0, 3, 0.966111, '⚖️ Homöostatisch (resilient)', '17, 5, 15, 6', 'K:3.20 S:2.75 A:3.00 h:3.00 Δh:0.00'),
(44, 2, 1, '2025-09-22 15:35:00', 2.2, 1.75, 1.5, 1.90909, 0.363636, 2, 0.916111, '🌊 Transformativ', '3, 28, 1, 23, 4, 8, 13, 2, 22, 25, 12, 24, 11, 20', 'K:2.20 S:1.75 A:1.50 h:1.91 Δh:0.36'),
(45, 16, 2, '2025-09-22 17:10:00', 2, 1.25, 2, 1.72727, -0.363636, 2, 0.875, '🌊 Transformativ', '23, 22, 27, 24, 6, 1, 4, 9, 14, 13, 7', 'K:2.00 S:1.25 A:2.00 h:1.73 Δh:-0.36'),
(46, 13, 2, '2025-09-22 17:10:00', 1.2, 1.75, 1.5, 1.45455, -0.545455, 1, 0.949444, '⚡ Perturbativ', '5, 1, 7, 2', 'K:1.20 S:1.75 A:1.50 h:1.45 Δh:-0.55'),
(47, 21, 2, '2025-09-22 17:10:00', 1.6, 1.25, 1, 1.36364, -0.272727, 1, 0.939444, '🔄 Koordinativ', '23, 3, 28, 1, 2', 'K:1.60 S:1.25 A:1.00 h:1.36 Δh:-0.27'),
(48, 20, 2, '2025-09-22 17:10:00', 2, 1.25, 2, 1.72727, 0.0909091, 2, 0.875, '🌱 Adaptiv (resilient)', '2, 6, 23, 4, 24', 'K:2.00 S:1.25 A:2.00 h:1.73 Δh:0.09'),
(49, 23, 2, '2025-09-22 17:10:00', 2, 1.75, 2, 1.90909, -0.0909091, 2, 0.986111, '🌱 Adaptiv (resilient)', '5, 23, 4, 14, 13, 2, 25', 'K:2.00 S:1.75 A:2.00 h:1.91 Δh:-0.09'),
(50, 16, 3, '2025-09-23 15:35:00', 1, 1, 1, 1, -0.727273, 1, 1, '⚡ Perturbativ', '1, 23, 4, 9, 14, 13, 7, 22, 27, 24, 6', 'K:1.00 S:1.00 A:1.00 h:1.00 Δh:-0.73'),
(51, 9, 4, '2025-09-23 17:10:00', 2.6, 1.5, 3, 2.27273, 0.909091, 3, 0.597778, '💥 Kollapsiv', '5, 3, 28, 22, 1, 6, 23, 4, 8, 14, 13, 27, 10, 18, 9, 7, 16, 26', 'K:2.60 S:1.50 A:3.00 h:2.27 Δh:0.91'),
(52, 8, 4, '2025-09-23 17:10:00', 3, 2.5, 3.5, 2.90909, 0.181818, 3, 0.833333, '🔄 Koordinativ', '22, 1, 18', 'K:3.00 S:2.50 A:3.50 h:2.91 Δh:0.18'),
(53, 24, 4, '2025-09-23 17:10:00', 1.8, 1.25, 1.5, 1.54545, -0.363636, 2, 0.949444, '🌊 Transformativ', '28, 1, 10, 4, 14, 5, 6, 23', 'K:1.80 S:1.25 A:1.50 h:1.55 Δh:-0.36'),
(54, 10, 5, '2025-09-24 15:35:00', 1, 1, 1.5, 1.09091, -0.0909091, 1, 0.944444, '🌱 Adaptiv (resilient)', '28, 22, 27, 1, 6, 10, 23, 18, 4, 8, 14, 13, 26, 25, 12, 24, 2, 20, 16, 9, 11', 'K:1.00 S:1.00 A:1.50 h:1.09 Δh:-0.09'),
(55, 6, 5, '2025-09-24 15:35:00', 2, 2, 2, 2, -0.818182, 2, 1, '💥 Kollapsiv', '3, 28, 1, 4, 6, 10', 'K:2.00 S:2.00 A:2.00 h:2.00 Δh:-0.82'),
(56, 4, 5, '2025-09-24 15:35:00', 3, 2.5, 1.5, 2.54545, -0.454545, 3, 0.611111, '🌊 Transformativ', '5, 3, 28, 1, 6, 17, 15', 'K:3.00 S:2.50 A:1.50 h:2.55 Δh:-0.45'),
(57, 7, 6, '2025-09-24 17:10:00', 2, 2, 2, 2, -0.0909091, 2, 1, '🌱 Adaptiv (resilient)', '22, 4, 25', 'K:2.00 S:2.00 A:2.00 h:2.00 Δh:-0.09'),
(58, 14, 6, '2025-09-24 17:10:00', 1.4, 1, 1, 1.18182, -0.272727, 1, 0.964444, '🔄 Koordinativ', '6, 23, 4, 14, 2, 15, 25, 20, 8, 13', 'K:1.40 S:1.00 A:1.00 h:1.18 Δh:-0.27'),
(59, 22, 6, '2025-09-24 17:10:00', 2.8, 1.5, 3, 2.36364, 0.454545, 3, 0.557778, '🌊 Transformativ', '5, 28, 1, 23, 4, 9, 8, 7, 25', 'K:2.80 S:1.50 A:3.00 h:2.36 Δh:0.45'),
(60, 13, 6, '2025-09-24 17:10:00', 2, 2, 1.5, 1.90909, 0.454545, 2, 0.944444, '🌊 Transformativ', '6, 8, 7, 11, 5, 1, 2', 'K:2.00 S:2.00 A:1.50 h:1.91 Δh:0.45'),
(61, 9, 7, '2025-09-25 15:35:00', 2.8, 1.66667, 2, 2.33333, 0.0606061, 3, 0.773827, '🌱 Adaptiv', '17, 5, 3, 28, 22, 15, 23, 18, 19, 8, 16, 26, 25, 12, 24, 11, 20, 27, 1, 6, 10, 4, 9, 14, 13, 7', 'K:2.80 S:1.67 A:2.00 h:2.33 Δh:0.06'),
(62, 15, 7, '2025-09-25 15:35:00', 2.4, 1, 1.5, 1.72727, -0.727273, 2, 0.664444, '⚡ Perturbativ', '5, 28, 22, 6, 23, 17, 4, 16, 25, 24, 20', 'K:2.40 S:1.00 A:1.50 h:1.73 Δh:-0.73'),
(63, 10, 7, '2025-09-25 15:35:00', 1.4, 1, 1, 1.18182, 0.0909091, 1, 0.964444, '🌱 Adaptiv (resilient)', '28, 22, 27, 1, 23, 18, 14, 13, 25, 2, 20, 6, 8, 16, 9, 26, 12, 24, 11, 10', 'K:1.40 S:1.00 A:1.00 h:1.18 Δh:0.09'),
(64, 18, 8, '2025-09-25 17:10:00', 1.2, 1.75, 1.5, 1.45455, -0.0909091, 1, 0.949444, '🌱 Adaptiv (resilient)', '3, 2', 'K:1.20 S:1.75 A:1.50 h:1.45 Δh:-0.09'),
(65, 16, 8, '2025-09-25 17:10:00', 1.4, 1, 1, 1.18182, 0.181818, 1, 0.964444, '🔄 Koordinativ', '5, 6, 10, 23, 9, 8, 14, 13, 7, 12, 2, 22, 27, 24, 1, 4', 'K:1.40 S:1.00 A:1.00 h:1.18 Δh:0.18'),
(66, 19, 8, '2025-09-25 17:10:00', 1.8, 2, 1.5, 1.81818, -0.636364, 2, 0.957778, '⚡ Perturbativ', '5, 28, 2', 'K:1.80 S:2.00 A:1.50 h:1.82 Δh:-0.64'),
(67, 17, 8, '2025-09-25 17:10:00', 3.2, 1.5, 3, 2.54545, 0.818182, 3, 0.424444, '💥 Kollapsiv', '6, 10, 23, 4, 9, 12, 1, 14, 13', 'K:3.20 S:1.50 A:3.00 h:2.55 Δh:0.82'),
(68, 4, 9, '2025-09-26 15:35:00', 2.8, 2.5, 2.5, 2.63636, 0.0909091, 3, 0.98, '🌱 Adaptiv (resilient)', '5, 17, 15, 6', 'K:2.80 S:2.50 A:2.50 h:2.64 Δh:0.09'),
(69, 20, 9, '2025-09-26 15:35:00', 1.8, 1.25, 2, 1.63636, -0.0909091, 2, 0.899444, '🌱 Adaptiv (resilient)', '23, 24, 6, 2, 4', 'K:1.80 S:1.25 A:2.00 h:1.64 Δh:-0.09'),
(70, 24, 9, '2025-09-26 17:30:26', 1.4, 1.5, 1.5, 1.45455, -0.0909091, 1, 0.997778, '🌱 Adaptiv (resilient)', '5, 27, 1, 2, 28, 6, 10, 23, 14, 4', 'K:1.40 S:1.50 A:1.50 h:1.45 Δh:-0.09'),
(71, 2, 1, '2025-09-29 15:35:00', 2.4, 2, 2, 2.18182, 0.272727, 2, 0.964444, '🔄 Koordinativ', '9, 24, 22, 25, 12, 11, 20, 3, 28, 1, 23, 4, 8, 13, 2', 'K:2.40 S:2.00 A:2.00 h:2.18 Δh:0.27'),
(72, 21, 2, '2025-09-29 17:10:00', 1.8, 1.25, 1.5, 1.54545, 0.181818, 2, 0.949444, '🔄 Koordinativ', '1, 3, 28, 2, 23', 'K:1.80 S:1.25 A:1.50 h:1.55 Δh:0.18'),
(73, 20, 2, '2025-09-29 17:10:00', 1.8, 1.25, 2, 1.63636, 0, 2, 0.899444, '⚖️ Homöostatisch (resilient)', '14, 2, 6, 23, 4, 24', 'K:1.80 S:1.25 A:2.00 h:1.64 Δh:0.00'),
(74, 16, 2, '2025-09-29 17:10:00', 1.4, 1, 1, 1.18182, 0, 1, 0.964444, '⚖️ Homöostatisch (resilient)', '5, 3, 28, 27, 6, 10, 4, 14, 7, 23, 22, 24, 1, 9, 13', 'K:1.40 S:1.00 A:1.00 h:1.18 Δh:0.00'),
(75, 23, 2, '2025-09-29 17:10:00', 2, 2, 2.5, 2.09091, 0.181818, 2, 0.944444, '🔄 Koordinativ', '5, 1, 23, 4, 13, 25, 2, 14', 'K:2.00 S:2.00 A:2.50 h:2.09 Δh:0.18'),
(76, 3, 3, '2025-09-30 15:35:00', 2, 1.25, 2, 1.72727, 0.454545, 2, 0.875, '🌊 Transformativ', '15, 21, 16, 20, 6, 25, 24, 2', 'K:2.00 S:1.25 A:2.00 h:1.73 Δh:0.45'),
(77, 7, 4, '2025-09-30 17:10:00', 2.8, 1.75, 3, 2.45455, 0.454545, 3, 0.699444, '🌊 Transformativ', '22, 1, 13, 4, 25', 'K:2.80 S:1.75 A:3.00 h:2.45 Δh:0.45'),
(78, 9, 4, '2025-09-30 17:10:00', 3.6, 1.75, 2, 2.63636, 0.30303, 3, 0.328333, '🌊 Transformativ', '17, 22, 1, 15, 19, 13, 16, 25, 24, 20, 5, 27, 6, 10, 23, 18, 4, 9, 14, 7, 26, 28, 3, 8', 'K:3.60 S:1.75 A:2.00 h:2.64 Δh:0.30'),
(79, 8, 4, '2025-09-30 17:10:00', 2.4, 2.75, 3, 2.63636, -0.272727, 3, 0.939444, '🔄 Koordinativ', '23, 22, 1, 18', 'K:2.40 S:2.75 A:3.00 h:2.64 Δh:-0.27'),
(80, 24, 4, '2025-09-30 17:10:00', 1.8, 1.75, 1.5, 1.72727, 0.272727, 2, 0.982778, '🔄 Koordinativ', '23, 12, 5, 28, 6, 10, 14, 1, 4', 'K:1.80 S:1.75 A:1.50 h:1.73 Δh:0.27'),
(81, 5, 4, '2025-09-30 17:10:00', 1.75, 2, 1.5, 1.77778, -0.422222, 2, 0.958333, '🌊 Transformativ', '5, 1, 4, 9, 8, 13, 7, 22, 15, 6, 23, 25, 20', 'K:1.75 S:2.00 A:1.50 h:1.78 Δh:-0.42'),
(82, 6, 5, '2025-10-01 15:35:00', 2, 2, 2, 2, 0, 2, 1, '⚖️ Homöostatisch (resilient)', '3, 28, 1, 6, 10', 'K:2.00 S:2.00 A:2.00 h:2.00 Δh:0.00'),
(83, 11, 5, '2025-10-01 15:35:00', 1.6, 2.25, 1, 1.72727, -0.545455, 2, 0.739444, '⚡ Perturbativ', '4, 14, 13, 2, 1, 23', 'K:1.60 S:2.25 A:1.00 h:1.73 Δh:-0.55'),
(84, 2, 5, '2025-10-01 15:35:00', 1.8, 1.75, 1.5, 1.72727, -0.454545, 2, 0.982778, '🌊 Transformativ', '23, 4, 9, 8, 2, 22, 25, 12, 24, 11, 20, 3, 28, 1, 13', 'K:1.80 S:1.75 A:1.50 h:1.73 Δh:-0.45'),
(85, 10, 5, '2025-10-01 16:53:43', 1.4, 1, 1, 1.18182, 0, 1, 0.964444, '⚖️ Homöostatisch (resilient)', '3, 28, 22, 27, 1, 10, 23, 18, 9, 14, 16, 26, 25, 2, 6, 8, 13, 12, 24, 11, 20', 'K:1.40 S:1.00 A:1.00 h:1.18 Δh:0.00'),
(86, 12, 6, '2025-10-01 17:10:00', 1, 1.25, 1, 1.09091, 0, 1, 0.986111, '⚖️ Homöostatisch (resilient)', '6, 1, 5, 3, 28', 'K:1.00 S:1.25 A:1.00 h:1.09 Δh:0.00'),
(87, 14, 6, '2025-10-01 17:10:00', 1.4, 1, 1.5, 1.27273, 0.0909091, 1, 0.953333, '🌱 Adaptiv (resilient)', '28, 23, 4, 15, 25, 20, 8, 13, 2', 'K:1.40 S:1.00 A:1.50 h:1.27 Δh:0.09'),
(88, 22, 6, '2025-10-01 17:10:00', 2.6, 1.25, 2, 2, -0.363636, 2, 0.695, '🌊 Transformativ', '23, 4, 8, 7, 2, 5, 25', 'K:2.60 S:1.25 A:2.00 h:2.00 Δh:-0.36'),
(89, 9, 7, '2025-10-02 15:35:00', 1.8, 1.25, 2, 1.63636, -1, 2, 0.899444, '💥 Kollapsiv', '5, 28, 22, 15, 6, 10, 23, 4, 9, 21, 19, 8, 14, 13, 7, 16, 26, 25, 12, 24, 27, 1, 18, 3', 'K:1.80 S:1.25 A:2.00 h:1.64 Δh:-1.00'),
(90, 10, 7, '2025-10-02 16:53:16', 2.4, 1, 1, 1.63636, 0.454545, 2, 0.564444, '🌊 Transformativ', '5, 22, 27, 1, 10, 23, 18, 9, 8, 14, 13, 25, 2, 20, 28, 6, 16, 26, 12, 24, 11', 'K:2.40 S:1.00 A:1.00 h:1.64 Δh:0.45'),
(91, 18, 8, '2025-10-02 17:10:00', 1.4, 1.75, 2, 1.63636, 0.181818, 2, 0.939444, '🔄 Koordinativ', '3, 2', 'K:1.40 S:1.75 A:2.00 h:1.64 Δh:0.18'),
(92, 16, 8, '2025-10-02 17:10:00', 2.2, 1, 2, 1.72727, 0.545455, 2, 0.724444, '⚡ Perturbativ', '23, 4, 26, 22, 27, 24, 6, 1, 9, 14, 13, 7', 'K:2.20 S:1.00 A:2.00 h:1.73 Δh:0.55'),
(93, 19, 8, '2025-10-02 17:10:00', 2.2, 1.75, 2, 2, 0.181818, 2, 0.966111, '🔄 Koordinativ', '28, 2, 5', 'K:2.20 S:1.75 A:2.00 h:2.00 Δh:0.18'),
(94, 17, 8, '2025-10-02 17:10:00', 2.8, 1.25, 2.5, 2.18182, -0.363636, 2, 0.549444, '🌊 Transformativ', '1, 6, 10, 9, 14, 13, 23', 'K:2.80 S:1.25 A:2.50 h:2.18 Δh:-0.36'),
(95, 22, 4, '2025-10-07 17:10:00', 2.2, 1.25, 2, 1.81818, -0.181818, 2, 0.832778, '🔄 Koordinativ', '5, 28, 23, 4, 7, 2, 25', 'K:2.20 S:1.25 A:2.00 h:1.82 Δh:-0.18'),
(96, 8, 4, '2025-10-07 17:10:00', 1.4, 1.75, 2, 1.63636, -1, 2, 0.939444, '💥 Kollapsiv', '14, 22, 1, 18', 'K:1.40 S:1.75 A:2.00 h:1.64 Δh:-1.00'),
(97, 13, 4, '2025-10-07 17:10:00', 1.2, 1.75, 1, 1.36364, -0.545455, 1, 0.899444, '⚡ Perturbativ', '5, 1, 7, 2', 'K:1.20 S:1.75 A:1.00 h:1.36 Δh:-0.55'),
(98, 2, 1, '2025-10-20 15:35:00', 1.8, 1.75, 1.5, 1.72727, 0, 2, 0.982778, '⚖️ Homöostatisch (resilient)', '22, 9, 8, 14, 2, 25, 12, 24, 11, 20, 3, 28, 1, 23, 4, 13', 'K:1.80 S:1.75 A:1.50 h:1.73 Δh:0.00'),
(99, 40, 1, '2025-10-20 16:43:26', 1.5, 2, 2.5, 1.88889, 0, 2, 0.833333, '⚖️ Homöostatisch (resilient)', '5, 23, 11', 'K:1.50 S:2.00 A:2.50 h:1.89 Δh:0.00'),
(100, 21, 2, '2025-10-20 17:10:00', 2.6, 1.5, 3, 2.27273, 0.727273, 3, 0.597778, '⚡ Perturbativ', '2, 3, 28, 1, 23', 'K:2.60 S:1.50 A:3.00 h:2.27 Δh:0.73'),
(101, 21, 2, '2025-10-20 17:10:00', 2.6, 1.5, 3, 2.27273, 0, 3, 0.597778, '⚖️ Homöostatisch', '2, 3, 28, 1, 23', 'K:2.60 S:1.50 A:3.00 h:2.27 Δh:0.00'),
(102, 20, 2, '2025-10-20 17:10:00', 2, 1.25, 1.5, 1.63636, 0, 2, 0.902778, '⚖️ Homöostatisch (resilient)', '2, 6, 23, 4, 24', 'K:2.00 S:1.25 A:1.50 h:1.64 Δh:0.00'),
(103, 23, 2, '2025-10-20 17:10:00', 2, 1.75, 2, 1.90909, -0.181818, 2, 0.986111, '🔄 Koordinativ', '1, 23, 4, 8, 13, 5, 25, 2, 14', 'K:2.00 S:1.75 A:2.00 h:1.91 Δh:-0.18'),
(104, 3, 3, '2025-10-21 15:35:00', 1.2, 1, 1, 1.09091, -0.636364, 1, 0.991111, '⚡ Perturbativ', '5, 28, 1, 4, 8, 14, 7, 12, 2, 11, 6, 25, 24', 'K:1.20 S:1.00 A:1.00 h:1.09 Δh:-0.64'),
(105, 7, 4, '2025-10-21 17:10:00', 1.8, 1.5, 2.5, 1.81818, -0.636364, 2, 0.824444, '⚡ Perturbativ', '23, 4, 25, 22', 'K:1.80 S:1.50 A:2.50 h:1.82 Δh:-0.64'),
(106, 8, 4, '2025-10-21 17:10:00', 2.4, 2.25, 3, 2.45455, 0.818182, 3, 0.895, '💥 Kollapsiv', '4, 22, 1, 18', 'K:2.40 S:2.25 A:3.00 h:2.45 Δh:0.82'),
(107, 5, 4, '2025-10-21 17:10:00', 1.8, 2, 1.5, 1.8, 0.0222222, 2, 0.957778, '⚖️ Homöostatisch (resilient)', '5, 1, 6, 10, 23, 4, 8, 13, 7, 24, 2, 22, 15, 25, 20', 'K:1.80 S:2.00 A:1.50 h:1.80 Δh:0.02'),
(108, 6, 5, '2025-10-22 15:35:00', 3, 2, 3, 2.63636, 0.636364, 3, 0.777778, '⚡ Perturbativ', '16, 3, 28, 1, 6, 10', 'K:3.00 S:2.00 A:3.00 h:2.64 Δh:0.64'),
(109, 22, 6, '2025-10-22 17:10:00', 1.6, 1.25, 2, 1.54545, -0.272727, 2, 0.906111, '🔄 Koordinativ', '5, 1, 23, 4, 8, 13, 7, 2, 25', 'K:1.60 S:1.25 A:2.00 h:1.55 Δh:-0.27'),
(110, 7, 6, '2025-10-22 17:10:00', 1.8, 1.25, 2, 1.63636, -0.181818, 2, 0.899444, '🔄 Koordinativ', '4, 22, 25', 'K:1.80 S:1.25 A:2.00 h:1.64 Δh:-0.18'),
(111, 14, 6, '2025-10-22 17:10:00', 2.6, 1.75, 2.5, 2.27273, 1, 3, 0.856111, '💥 Kollapsiv', '22, 23, 15, 25, 20, 8, 13, 2', 'K:2.60 S:1.75 A:2.50 h:2.27 Δh:1.00'),
(112, 10, 0, '2025-10-23 15:31:28', 1.4, 1, 1, 1.18182, -0.454545, 1, 0.964444, '🌊 Transformativ', '28, 22, 27, 1, 6, 10, 23, 18, 4, 14, 13, 16, 8, 25, 2, 9, 26, 12, 24, 11, 20', 'K:1.40 S:1.00 A:1.00 h:1.18 Δh:-0.45'),
(113, 16, 7, '2025-10-23 15:35:00', 1.6, 1, 1, 1.27273, -0.454545, 1, 0.92, '🌊 Transformativ', '28, 22, 27, 1, 15, 6, 10, 23, 18, 4, 14, 13, 16, 26, 25, 2, 11, 20, 24, 9, 7', 'K:1.60 S:1.00 A:1.00 h:1.27 Δh:-0.45'),
(114, 15, 7, '2025-10-23 15:35:00', 2, 3, 2.5, 2.45455, 0.727273, 3, 0.833333, '⚡ Perturbativ', '17, 5, 22, 4, 16, 25, 24, 20', 'K:2.00 S:3.00 A:2.50 h:2.45 Δh:0.73'),
(115, 18, 7, '2025-10-23 15:35:00', 1.8, 1.5, 2, 1.72727, 0.0909091, 2, 0.957778, '🌱 Adaptiv (resilient)', '14, 2', 'K:1.80 S:1.50 A:2.00 h:1.73 Δh:0.09'),
(116, 18, 8, '2025-10-23 17:10:00', 3, 1.5, 3, 2.45455, 0.727273, 3, 0.5, '⚡ Perturbativ', '22, 2', 'K:3.00 S:1.50 A:3.00 h:2.45 Δh:0.73'),
(117, 16, 8, '2025-10-23 17:10:00', 2.8, 1.25, 2.5, 2.18182, 0.909091, 2, 0.549444, '💥 Kollapsiv', '6, 23, 22, 27, 24, 1, 4, 9, 14, 13, 7', 'K:2.80 S:1.25 A:2.50 h:2.18 Δh:0.91'),
(118, 17, 8, '2025-10-23 17:10:00', 2.8, 1.5, 1.5, 2.09091, -0.0909091, 2, 0.624444, '🌱 Adaptiv', '1, 6, 10, 13, 14, 23', 'K:2.80 S:1.50 A:1.50 h:2.09 Δh:-0.09'),
(119, 20, 9, '2025-10-24 15:35:00', 2, 1.25, 2, 1.72727, 0.0909091, 2, 0.875, '🌱 Adaptiv (resilient)', '4, 13, 6, 23, 2, 24', 'K:2.00 S:1.25 A:2.00 h:1.73 Δh:0.09'),
(120, 6, 9, '2025-10-24 15:35:00', 2.4, 2, 2, 2.18182, -0.454545, 2, 0.964444, '🌊 Transformativ', '3, 10, 28, 1, 6', 'K:2.40 S:2.00 A:2.00 h:2.18 Δh:-0.45'),
(121, 4, 9, '2025-10-24 15:35:00', 2.8, 2.5, 3, 2.72727, 0.0909091, 3, 0.957778, '🌱 Adaptiv (resilient)', '5, 28, 6, 17, 15', 'K:2.80 S:2.50 A:3.00 h:2.73 Δh:0.09'),
(122, 40, 1, '2025-10-27 16:46:37', 2.6, 2, 2, 2.27273, 0.383838, 3, 0.92, '🌊 Transformativ', '15, 23, 14, 25, 11', 'K:2.60 S:2.00 A:2.00 h:2.27 Δh:0.38'),
(123, 4, 1, '2025-10-27 15:35:00', 2, 2.25, 2, 2.09091, -0.636364, 2, 0.986111, '⚡ Perturbativ', '5, 3, 1, 17, 15, 6', 'K:2.00 S:2.25 A:2.00 h:2.09 Δh:-0.64'),
(124, 16, 2, '2025-10-27 17:10:00', 2.4, 1, 2, 1.81818, -0.363636, 2, 0.653333, '🌊 Transformativ', '22, 23, 9, 25, 27, 24, 6, 1, 4, 14, 13, 7', 'K:2.40 S:1.00 A:2.00 h:1.82 Δh:-0.36'),
(125, 21, 2, '2025-10-27 17:10:00', 1.2, 1.25, 1.5, 1.27273, -1, 1, 0.982778, '💥 Kollapsiv', '28, 3, 1, 2, 23', 'K:1.20 S:1.25 A:1.50 h:1.27 Δh:-1.00'),
(126, 20, 2, '2025-10-27 17:10:00', 2, 1.25, 2, 1.72727, 0, 2, 0.875, '⚖️ Homöostatisch (resilient)', '4, 6, 23, 2, 24', 'K:2.00 S:1.25 A:2.00 h:1.73 Δh:0.00'),
(127, 23, 2, '2025-10-27 17:10:00', 2.2, 2, 2, 2.09091, 0.181818, 2, 0.991111, '🔄 Koordinativ', '5, 1, 23, 4, 13, 25, 2, 14', 'K:2.20 S:2.00 A:2.00 h:2.09 Δh:0.18'),
(128, 8, 4, '2025-10-28 17:10:00', 2.2, 1.75, 2.5, 2.09091, -0.363636, 2, 0.905, '🌊 Transformativ', '6, 22, 1, 18', 'K:2.20 S:1.75 A:2.50 h:2.09 Δh:-0.36'),
(129, 9, 4, '2025-10-28 17:10:00', 2.2, 2.25, 3, 2.36364, 0.727273, 3, 0.866111, '⚡ Perturbativ', '17, 5, 22, 27, 1, 15, 6, 8, 14, 16, 25, 24, 2, 20, 10, 23, 18, 4, 9, 13, 7, 26, 28, 3', 'K:2.20 S:2.25 A:3.00 h:2.36 Δh:0.73'),
(130, 5, 4, '2025-10-28 17:10:00', 1.75, 2, 1.5, 1.71429, -0.0857143, 2, 0.958333, '🌱 Adaptiv (resilient)', '5, 1, 6, 10, 23, 4, 8, 14, 13, 7, 12, 2, 22, 15, 25, 20', 'K:1.75 S:2.00 A:1.50 h:1.71 Δh:-0.09'),
(131, 2, 5, '2025-10-29 15:35:00', 1.6, 1.75, 1.5, 1.63636, -0.0909091, 2, 0.989444, '🌱 Adaptiv (resilient)', '23, 13, 2, 22, 25, 12, 24, 11, 20, 3, 28, 1, 4, 8', 'K:1.60 S:1.75 A:1.50 h:1.64 Δh:-0.09'),
(132, 10, 5, '2025-10-29 16:53:35', 1.6, 1, 1, 1.27273, 0.0909091, 1, 0.92, '🌱 Adaptiv (resilient)', '5, 3, 28, 22, 27, 1, 6, 10, 23, 18, 4, 9, 19, 8, 14, 13, 7, 26, 25, 12, 24, 2, 20, 16, 11', 'K:1.60 S:1.00 A:1.00 h:1.27 Δh:0.09'),
(133, 11, 5, '2025-10-29 15:35:00', 2.6, 2.25, 2.5, 2.45455, 0.727273, 3, 0.978333, '⚡ Perturbativ', '9, 24, 1, 13, 2, 23', 'K:2.60 S:2.25 A:2.50 h:2.45 Δh:0.73'),
(134, 6, 5, '2025-10-29 15:35:00', 2.6, 2.25, 3, 2.54545, 0.363636, 3, 0.906111, '🌊 Transformativ', '17, 18, 24, 3, 28, 1, 6, 10', 'K:2.60 S:2.25 A:3.00 h:2.55 Δh:0.36'),
(135, 7, 6, '2025-10-29 17:10:00', 1.2, 2, 2, 1.63636, 0, 2, 0.857778, '⚖️ Homöostatisch (resilient)', '2, 22, 4, 25', 'K:1.20 S:2.00 A:2.00 h:1.64 Δh:0.00'),
(136, 22, 6, '2025-10-29 17:10:00', 2.8, 1.25, 2.5, 2.18182, 0.636364, 2, 0.549444, '⚡ Perturbativ', '5, 6, 23, 4, 2, 7, 25', 'K:2.80 S:1.25 A:2.50 h:2.18 Δh:0.64'),
(137, 14, 6, '2025-10-29 17:10:00', 1.2, 1, 1.5, 1.18182, -1.09091, 1, 0.957778, '💥 Kollapsiv', '5, 3, 28, 1, 10, 23, 4, 8, 14, 13, 15, 25, 20, 2', 'K:1.20 S:1.00 A:1.50 h:1.18 Δh:-1.09'),
(138, 9, 7, '2025-10-30 15:35:00', 1.4, 1.25, 1, 1.27273, -1.09091, 1, 0.972778, '💥 Kollapsiv', '5, 3, 28, 1, 6, 10, 23, 4, 8, 14, 13, 7, 16, 26, 25, 12, 2, 22, 27, 18, 9', 'K:1.40 S:1.25 A:1.00 h:1.27 Δh:-1.09'),
(139, 10, 7, '2025-10-30 16:55:47', 1, 1, 1, 1, -0.272727, 1, 1, '🔄 Koordinativ', '5, 3, 28, 1, 6, 10, 23, 4, 9, 8, 14, 13, 7, 26, 12, 24, 2, 11, 16, 25, 22, 18, 20, 27', 'K:1.00 S:1.00 A:1.00 h:1.00 Δh:-0.27'),
(140, 18, 8, '2025-10-30 17:10:00', 2.8, 2.25, 3, 2.63636, 0.181818, 3, 0.899444, '🔄 Koordinativ', '22, 10, 24, 2', 'K:2.80 S:2.25 A:3.00 h:2.64 Δh:0.18'),
(141, 19, 8, '2025-10-30 17:10:00', 2.8, 2.25, 3, 2.63636, 0.636364, 3, 0.899444, '⚡ Perturbativ', '5, 28, 2', 'K:2.80 S:2.25 A:3.00 h:2.64 Δh:0.64'),
(142, 16, 8, '2025-10-30 17:10:00', 1.8, 1, 1.5, 1.45455, -0.363636, 1, 0.891111, '🌊 Transformativ', '23, 22, 27, 24, 6, 1, 4, 9, 14, 13, 7', 'K:1.80 S:1.00 A:1.50 h:1.45 Δh:-0.36'),
(143, 17, 8, '2025-10-30 17:10:00', 2.8, 1.25, 3, 2.27273, 0.181818, 3, 0.388333, '🔄 Koordinativ', '1, 6, 10, 9, 13, 7, 14, 23', 'K:2.80 S:1.25 A:3.00 h:2.27 Δh:0.18'),
(144, 2, 1, '2025-11-03 15:35:00', 2.2, 1.5, 2, 1.90909, 0.272727, 2, 0.913333, '🔄 Koordinativ', '23, 8, 13, 22, 25, 12, 24, 11, 20, 3, 28, 1, 4, 2', 'K:2.20 S:1.50 A:2.00 h:1.91 Δh:0.27'),
(145, 43, 1, '2025-11-03 16:55:09', 2.4, 2, 2, 2.18182, 0, 2, 0.964444, '⚖️ Homöostatisch (resilient)', '17, 16, 24', 'K:2.40 S:2.00 A:2.00 h:2.18 Δh:0.00'),
(146, 40, 1, '2025-11-03 16:56:05', 1.6, 2.75, 1, 1.90909, -0.363636, 2, 0.472778, '🌊 Transformativ', '11', 'K:1.60 S:2.75 A:1.00 h:1.91 Δh:-0.36'),
(147, 40, 1, '2025-11-03 16:56:09', 1.6, 2.75, 1, 1.90909, 0, 2, 0.472778, '⚖️ Homöostatisch', '11', 'K:1.60 S:2.75 A:1.00 h:1.91 Δh:0.00'),
(148, 20, 2, '2025-11-03 17:10:00', 2, 1.25, 2, 1.72727, 0, 2, 0.875, '⚖️ Homöostatisch (resilient)', '2, 6, 23, 4, 24', 'K:2.00 S:1.25 A:2.00 h:1.73 Δh:0.00'),
(149, 21, 2, '2025-11-03 17:10:00', 2.4, 1.25, 2.5, 2, 0.727273, 2, 0.678333, '⚡ Perturbativ', '5, 3, 28, 1, 2, 23', 'K:2.40 S:1.25 A:2.50 h:2.00 Δh:0.73'),
(150, 21, 2, '2025-11-03 17:10:00', 2.4, 1.25, 2.5, 2, 0, 2, 0.678333, '⚖️ Homöostatisch', '5, 3, 28, 1, 2, 23', 'K:2.40 S:1.25 A:2.50 h:2.00 Δh:0.00'),
(151, 16, 2, '2025-11-03 17:10:00', 2.2, 1, 2.5, 1.81818, 0.363636, 2, 0.58, '🌊 Transformativ', '5, 27, 1, 6, 23, 4, 9, 22, 24, 14, 13, 7', 'K:2.20 S:1.00 A:2.50 h:1.82 Δh:0.36'),
(152, 23, 2, '2025-11-03 17:10:00', 2, 1.75, 1.5, 1.81818, -0.272727, 2, 0.958333, '🔄 Koordinativ', '23, 5, 13, 25, 2, 4, 14', 'K:2.00 S:1.75 A:1.50 h:1.82 Δh:-0.27'),
(153, 3, 3, '2025-11-04 15:35:00', 1.8, 1.25, 1.5, 1.54545, 0.454545, 2, 0.949444, '🌊 Transformativ', '1, 15, 21, 13, 11, 6, 25, 24, 2', 'K:1.80 S:1.25 A:1.50 h:1.55 Δh:0.45'),
(154, 8, 4, '2025-11-04 17:10:00', 2.6, 2.5, 3, 2.63636, 0.545455, 3, 0.953333, '⚡ Perturbativ', '2, 22, 1, 18', 'K:2.60 S:2.50 A:3.00 h:2.64 Δh:0.55'),
(155, 5, 4, '2025-11-04 17:10:00', 1.4, 2.5, 1.5, 1.66667, -0.047619, 2, 0.753333, '⚖️ Homöostatisch', '5, 15, 6, 10, 23, 9, 8, 14, 13, 7, 12, 24, 22, 1, 4, 25, 20', 'K:1.40 S:2.50 A:1.50 h:1.67 Δh:-0.05'),
(156, 9, 4, '2025-11-04 17:10:00', 1.2, 2, 1.5, 1.54545, 0.272727, 2, 0.891111, '🔄 Koordinativ', '5, 22, 27, 1, 6, 10, 23, 18, 4, 9, 14, 13, 7, 16, 26, 28, 3, 8', 'K:1.20 S:2.00 A:1.50 h:1.55 Δh:0.27'),
(157, 10, 0, '2025-11-06 15:34:11', 1.4, 1, 1, 1.18182, 0.181818, 1, 0.964444, '🔄 Koordinativ', '5, 3, 28, 22, 27, 1, 6, 10, 23, 18, 8, 14, 13, 16, 26, 25, 2, 11, 20, 9, 12, 24', 'K:1.40 S:1.00 A:1.00 h:1.18 Δh:0.18'),
(158, 15, 0, '2025-11-06 15:34:29', 2.6, 2.25, 3, 2.54545, 0.0909091, 3, 0.906111, '🌱 Adaptiv (resilient)', '1, 6, 14, 2, 17, 5, 22, 4, 16, 25, 24, 20', 'K:2.60 S:2.25 A:3.00 h:2.55 Δh:0.09'),
(159, 9, 7, '2025-11-06 15:35:00', 1.8, 1.75, 1.5, 1.72727, 0.181818, 2, 0.982778, '🔄 Koordinativ', '5, 3, 28, 22, 1, 10, 23, 4, 21, 8, 13, 7, 27, 6, 18, 9, 14, 16, 26', 'K:1.80 S:1.75 A:1.50 h:1.73 Δh:0.18'),
(160, 10, 7, '2025-11-06 16:51:46', 1.4, 1, 1, 1.18182, 0, 1, 0.964444, '⚖️ Homöostatisch (resilient)', '5, 3, 28, 22, 27, 1, 6, 10, 23, 18, 9, 13, 16, 26, 24, 2, 11, 20, 8, 25, 14, 12', 'K:1.40 S:1.00 A:1.00 h:1.18 Δh:0.00'),
(161, 15, 7, '2025-11-06 15:35:00', 3.6, 1.5, 2.5, 2.63636, 0.0909091, 3, 0.264444, '🌱 Adaptiv', '3, 22, 1, 10, 18, 17, 5, 4, 16, 25, 24, 20', 'K:3.60 S:1.50 A:2.50 h:2.64 Δh:0.09'),
(162, 42, 7, '2025-11-06 16:53:01', 0, 0, 0, 0, 0, 1, 1, '⚖️ Homöostatisch (resilient)', '', 'K:0.00 S:0.00 A:0.00 h:0.00 Δh:0.00'),
(163, 18, 8, '2025-11-06 17:10:00', 2.8, 3.25, 3.5, 3.09091, 0.454545, 3, 0.916111, '🌊 Transformativ', '15, 2', 'K:2.80 S:3.25 A:3.50 h:3.09 Δh:0.45'),
(164, 16, 8, '2025-11-06 17:10:00', 1.2, 1, 1, 1.09091, -0.727273, 1, 0.991111, '⚡ Perturbativ', '5, 28, 27, 1, 6, 10, 23, 4, 9, 8, 14, 13, 7, 12, 2, 22, 24', 'K:1.20 S:1.00 A:1.00 h:1.09 Δh:-0.73'),
(165, 19, 8, '2025-11-06 17:10:00', 2.2, 1.75, 1.5, 1.90909, -0.727273, 2, 0.916111, '⚡ Perturbativ', '14, 5, 28, 2', 'K:2.20 S:1.75 A:1.50 h:1.91 Δh:-0.73'),
(166, 17, 8, '2025-11-06 17:10:00', 2.4, 1.75, 2.5, 2.18182, -0.0909091, 2, 0.889444, '🌱 Adaptiv (resilient)', '1, 6, 9, 13, 7, 14, 23', 'K:2.40 S:1.75 A:2.50 h:2.18 Δh:-0.09'),
(167, 22, 8, '2025-11-06 17:10:00', 1.8, 1, 2, 1.54545, -0.636364, 2, 0.813333, '⚡ Perturbativ', '1, 23, 8, 7, 2, 5, 4, 25', 'K:1.80 S:1.00 A:2.00 h:1.55 Δh:-0.64');

-- --------------------------------------------------------

--
-- Tabellenstruktur für Tabelle `frzk_transitions`
--

CREATE TABLE `frzk_transitions` (
  `id` int(11) NOT NULL,
  `teilnehmer_id` int(11) NOT NULL,
  `zeitpunkt` datetime NOT NULL,
  `von_cluster` int(11) DEFAULT NULL,
  `nach_cluster` int(11) DEFAULT NULL,
  `delta_h` float DEFAULT NULL,
  `delta_stabilitaet` float DEFAULT NULL,
  `transition_typ` varchar(50) DEFAULT NULL,
  `transition_intensitaet` float DEFAULT NULL,
  `marker` varchar(10) DEFAULT NULL,
  `bemerkung` text
) ENGINE=InnoDB DEFAULT CHARSET=utf8mb4;

--
-- Daten für Tabelle `frzk_transitions`
--

INSERT INTO `frzk_transitions` (`id`, `teilnehmer_id`, `zeitpunkt`, `von_cluster`, `nach_cluster`, `delta_h`, `delta_stabilitaet`, `transition_typ`, `transition_intensitaet`, `marker`, `bemerkung`) VALUES
(1, 2, '2025-09-17 15:35:00', 3, 2, -1.09091, -0.011667, 'Destabilisierung', 0.551288, '⚡', 'Δh: -1.091 | Δstab: -0.012 | Cluster: 3→2 | Typ: Destabilisierung | Intensität: 0.55'),
(2, 2, '2025-09-22 15:35:00', 2, 2, 0.36364, 0.025, 'Rückkopplung', 0.19432, '🔄', 'Δh: 0.364 | Δstab: 0.025 | Cluster: 2→2 | Typ: Rückkopplung | Intensität: 0.19'),
(3, 2, '2025-09-29 15:35:00', 2, 2, 0.27273, 0.048333, 'Rückkopplung', 0.160532, '🔄', 'Δh: 0.273 | Δstab: 0.048 | Cluster: 2→2 | Typ: Rückkopplung | Intensität: 0.16'),
(4, 2, '2025-10-01 15:35:00', 2, 2, -0.45455, 0.018334, 'Rückkopplung', 0.236442, '🔄', 'Δh: -0.455 | Δstab: 0.018 | Cluster: 2→2 | Typ: Rückkopplung | Intensität: 0.24'),
(5, 2, '2025-10-20 15:35:00', 2, 2, 0, 0, 'Neutral', 0, '•', 'Δh: 0.000 | Δstab: 0.000 | Cluster: 2→2 | Typ: Neutral | Intensität: 0.00'),
(6, 2, '2025-10-29 15:35:00', 2, 2, -0.09091, 0.006666, 'Neutral', 0.048788, '•', 'Δh: -0.091 | Δstab: 0.007 | Cluster: 2→2 | Typ: Neutral | Intensität: 0.05'),
(7, 2, '2025-11-03 15:35:00', 2, 2, 0.27273, -0.076111, 'Rückkopplung', 0.174421, '🔄', 'Δh: 0.273 | Δstab: -0.076 | Cluster: 2→2 | Typ: Rückkopplung | Intensität: 0.17'),
(8, 3, '2025-09-30 15:35:00', 1, 2, 0.45454, -0.045, 'Rückkopplung', 0.24977, '🔄', 'Δh: 0.455 | Δstab: -0.045 | Cluster: 1→2 | Typ: Rückkopplung | Intensität: 0.25'),
(9, 3, '2025-10-21 15:35:00', 2, 1, -0.63636, 0.116111, 'Rückkopplung', 0.376236, '🔄', 'Δh: -0.636 | Δstab: 0.116 | Cluster: 2→1 | Typ: Rückkopplung | Intensität: 0.38'),
(10, 3, '2025-11-04 15:35:00', 1, 2, 0.45454, -0.041667, 'Rückkopplung', 0.248103, '🔄', 'Δh: 0.455 | Δstab: -0.042 | Cluster: 1→2 | Typ: Rückkopplung | Intensität: 0.25'),
(11, 4, '2025-09-24 15:35:00', 3, 3, -0.45455, -0.355, 'Destabilisierung', 0.404775, '⚡', 'Δh: -0.455 | Δstab: -0.355 | Cluster: 3→3 | Typ: Destabilisierung | Intensität: 0.40'),
(12, 4, '2025-09-26 15:35:00', 3, 3, 0.09091, 0.368889, 'Rückkopplung', 0.229899, '🔄', 'Δh: 0.091 | Δstab: 0.369 | Cluster: 3→3 | Typ: Rückkopplung | Intensität: 0.23'),
(13, 4, '2025-10-24 15:35:00', 3, 3, 0.09091, -0.022222, 'Neutral', 0.056566, '•', 'Δh: 0.091 | Δstab: -0.022 | Cluster: 3→3 | Typ: Neutral | Intensität: 0.06'),
(14, 4, '2025-10-27 15:35:00', 3, 2, -0.63636, 0.028333, 'Rückkopplung', 0.332346, '🔄', 'Δh: -0.636 | Δstab: 0.028 | Cluster: 3→2 | Typ: Rückkopplung | Intensität: 0.33'),
(15, 5, '2025-09-30 17:10:00', 3, 2, -0.42222, 0.000555, 'Rückkopplung', 0.211388, '🔄', 'Δh: -0.422 | Δstab: 0.001 | Cluster: 3→2 | Typ: Rückkopplung | Intensität: 0.21'),
(16, 5, '2025-10-21 17:10:00', 2, 2, 0.02222, -0.000555, 'Neutral', 0.0113875, '•', 'Δh: 0.022 | Δstab: -0.001 | Cluster: 2→2 | Typ: Neutral | Intensität: 0.01'),
(17, 5, '2025-10-28 17:10:00', 2, 2, -0.08571, 0.000555, 'Neutral', 0.0431325, '•', 'Δh: -0.086 | Δstab: 0.001 | Cluster: 2→2 | Typ: Neutral | Intensität: 0.04'),
(18, 5, '2025-11-04 17:10:00', 2, 2, -0.04762, -0.205, 'Rückkopplung', 0.12631, '🔄', 'Δh: -0.048 | Δstab: -0.205 | Cluster: 2→2 | Typ: Rückkopplung | Intensität: 0.13'),
(19, 6, '2025-09-19 15:35:00', 2, 3, 0.72727, -0.028333, 'Sprung', 0.377802, '🚀', 'Δh: 0.727 | Δstab: -0.028 | Cluster: 2→3 | Typ: Sprung | Intensität: 0.38'),
(20, 6, '2025-09-24 15:35:00', 3, 2, -0.81818, 0.042222, 'Rückkopplung', 0.430201, '🔄', 'Δh: -0.818 | Δstab: 0.042 | Cluster: 3→2 | Typ: Rückkopplung | Intensität: 0.43'),
(21, 6, '2025-10-01 15:35:00', 2, 2, 0, 0, 'Neutral', 0, '•', 'Δh: 0.000 | Δstab: 0.000 | Cluster: 2→2 | Typ: Neutral | Intensität: 0.00'),
(22, 6, '2025-10-22 15:35:00', 2, 3, 0.63636, -0.222222, 'Sprung', 0.429291, '🚀', 'Δh: 0.636 | Δstab: -0.222 | Cluster: 2→3 | Typ: Sprung | Intensität: 0.43'),
(23, 6, '2025-10-24 15:35:00', 3, 2, -0.45454, 0.186666, 'Rückkopplung', 0.320603, '🔄', 'Δh: -0.455 | Δstab: 0.187 | Cluster: 3→2 | Typ: Rückkopplung | Intensität: 0.32'),
(24, 6, '2025-10-29 15:35:00', 2, 3, 0.36363, -0.058333, 'Rückkopplung', 0.210982, '🔄', 'Δh: 0.364 | Δstab: -0.058 | Cluster: 2→3 | Typ: Rückkopplung | Intensität: 0.21'),
(25, 7, '2025-09-24 17:10:00', 2, 2, -0.09091, 0.202222, 'Rückkopplung', 0.146566, '🔄', 'Δh: -0.091 | Δstab: 0.202 | Cluster: 2→2 | Typ: Rückkopplung | Intensität: 0.15'),
(26, 7, '2025-09-30 17:10:00', 2, 3, 0.45455, -0.300556, 'Rückkopplung', 0.377553, '🔄', 'Δh: 0.455 | Δstab: -0.301 | Cluster: 2→3 | Typ: Rückkopplung | Intensität: 0.38'),
(27, 7, '2025-10-21 17:10:00', 3, 2, -0.63637, 0.125, 'Rückkopplung', 0.380685, '🔄', 'Δh: -0.636 | Δstab: 0.125 | Cluster: 3→2 | Typ: Rückkopplung | Intensität: 0.38'),
(28, 7, '2025-10-22 17:10:00', 2, 2, -0.18182, 0.075, 'Neutral', 0.12841, '•', 'Δh: -0.182 | Δstab: 0.075 | Cluster: 2→2 | Typ: Neutral | Intensität: 0.13'),
(29, 7, '2025-10-29 17:10:00', 2, 2, 0, -0.041666, 'Neutral', 0.020833, '•', 'Δh: 0.000 | Δstab: -0.042 | Cluster: 2→2 | Typ: Neutral | Intensität: 0.02'),
(30, 8, '2025-09-23 17:10:00', 3, 3, 0.18182, -0.124445, 'Rückkopplung', 0.153132, '🔄', 'Δh: 0.182 | Δstab: -0.124 | Cluster: 3→3 | Typ: Rückkopplung | Intensität: 0.15'),
(31, 8, '2025-09-30 17:10:00', 3, 3, -0.27273, 0.106111, 'Rückkopplung', 0.189421, '🔄', 'Δh: -0.273 | Δstab: 0.106 | Cluster: 3→3 | Typ: Rückkopplung | Intensität: 0.19'),
(32, 8, '2025-10-07 17:10:00', 3, 2, -1, 0, 'Rückkopplung', 0.5, '🔄', 'Δh: -1.000 | Δstab: 0.000 | Cluster: 3→2 | Typ: Rückkopplung | Intensität: 0.50'),
(33, 8, '2025-10-21 17:10:00', 2, 3, 0.81819, -0.044444, 'Sprung', 0.431317, '🚀', 'Δh: 0.818 | Δstab: -0.044 | Cluster: 2→3 | Typ: Sprung | Intensität: 0.43'),
(34, 8, '2025-10-28 17:10:00', 3, 2, -0.36364, 0.01, 'Rückkopplung', 0.18682, '🔄', 'Δh: -0.364 | Δstab: 0.010 | Cluster: 3→2 | Typ: Rückkopplung | Intensität: 0.19'),
(35, 8, '2025-11-04 17:10:00', 2, 3, 0.54545, 0.048333, 'Sprung', 0.296892, '🚀', 'Δh: 0.545 | Δstab: 0.048 | Cluster: 2→3 | Typ: Sprung | Intensität: 0.30'),
(36, 9, '2025-09-11 15:35:00', 3, 2, -0.45455, 0.945, 'Rückkopplung', 0.699775, '🔄', 'Δh: -0.455 | Δstab: 0.945 | Cluster: 3→2 | Typ: Rückkopplung | Intensität: 0.70'),
(37, 9, '2025-09-18 15:35:00', 2, 1, -0.45454, -0.127222, 'Destabilisierung', 0.290881, '⚡', 'Δh: -0.455 | Δstab: -0.127 | Cluster: 2→1 | Typ: Destabilisierung | Intensität: 0.29'),
(38, 9, '2025-09-23 17:10:00', 1, 3, 0.90909, -0.233333, 'Sprung', 0.571212, '🚀', 'Δh: 0.909 | Δstab: -0.233 | Cluster: 1→3 | Typ: Sprung | Intensität: 0.57'),
(39, 9, '2025-09-25 15:35:00', 3, 3, 0.0606, 0.176049, 'Rückkopplung', 0.118325, '🔄', 'Δh: 0.061 | Δstab: 0.176 | Cluster: 3→3 | Typ: Rückkopplung | Intensität: 0.12'),
(40, 9, '2025-09-30 17:10:00', 3, 3, 0.30303, -0.445494, 'Rückkopplung', 0.374262, '🔄', 'Δh: 0.303 | Δstab: -0.445 | Cluster: 3→3 | Typ: Rückkopplung | Intensität: 0.37'),
(41, 9, '2025-10-02 15:35:00', 3, 2, -1, 0.571111, 'Rückkopplung', 0.785555, '🔄', 'Δh: -1.000 | Δstab: 0.571 | Cluster: 3→2 | Typ: Rückkopplung | Intensität: 0.79'),
(42, 9, '2025-10-28 17:10:00', 2, 3, 0.72728, -0.033333, 'Sprung', 0.380307, '🚀', 'Δh: 0.727 | Δstab: -0.033 | Cluster: 2→3 | Typ: Sprung | Intensität: 0.38'),
(43, 9, '2025-10-30 15:35:00', 3, 1, -1.09091, 0.106667, 'Rückkopplung', 0.598788, '🔄', 'Δh: -1.091 | Δstab: 0.107 | Cluster: 3→1 | Typ: Rückkopplung | Intensität: 0.60'),
(44, 9, '2025-11-04 17:10:00', 1, 2, 0.27272, -0.081667, 'Rückkopplung', 0.177193, '🔄', 'Δh: 0.273 | Δstab: -0.082 | Cluster: 1→2 | Typ: Rückkopplung | Intensität: 0.18'),
(45, 9, '2025-11-06 15:35:00', 2, 2, 0.18182, 0.091667, 'Neutral', 0.136744, '•', 'Δh: 0.182 | Δstab: 0.092 | Cluster: 2→2 | Typ: Neutral | Intensität: 0.14'),
(46, 10, '2025-09-11 17:10:00', 1, 3, 1, -0.06, 'Sprung', 0.53, '🚀', 'Δh: 1.000 | Δstab: -0.060 | Cluster: 1→3 | Typ: Sprung | Intensität: 0.53'),
(47, 10, '2025-09-17 15:35:00', 3, 1, -1.18182, 0.088889, 'Rückkopplung', 0.635355, '🔄', 'Δh: -1.182 | Δstab: 0.089 | Cluster: 3→1 | Typ: Rückkopplung | Intensität: 0.64'),
(48, 10, '2025-09-18 15:35:00', 1, 1, -0.09091, 0.068333, 'Neutral', 0.0796215, '•', 'Δh: -0.091 | Δstab: 0.068 | Cluster: 1→1 | Typ: Neutral | Intensität: 0.08'),
(49, 10, '2025-09-24 15:35:00', 1, 1, -0.09091, -0.043889, 'Neutral', 0.0673995, '•', 'Δh: -0.091 | Δstab: -0.044 | Cluster: 1→1 | Typ: Neutral | Intensität: 0.07'),
(50, 10, '2025-09-25 15:35:00', 1, 1, 0.09091, 0.02, 'Neutral', 0.055455, '•', 'Δh: 0.091 | Δstab: 0.020 | Cluster: 1→1 | Typ: Neutral | Intensität: 0.06'),
(51, 10, '2025-10-01 16:53:43', 1, 1, 0, 0, 'Neutral', 0, '•', 'Δh: 0.000 | Δstab: 0.000 | Cluster: 1→1 | Typ: Neutral | Intensität: 0.00'),
(52, 10, '2025-10-02 16:53:16', 1, 2, 0.45454, -0.4, 'Rückkopplung', 0.42727, '🔄', 'Δh: 0.455 | Δstab: -0.400 | Cluster: 1→2 | Typ: Rückkopplung | Intensität: 0.43'),
(53, 10, '2025-10-23 15:31:28', 2, 1, -0.45454, 0.4, 'Rückkopplung', 0.42727, '🔄', 'Δh: -0.455 | Δstab: 0.400 | Cluster: 2→1 | Typ: Rückkopplung | Intensität: 0.43'),
(54, 10, '2025-10-29 16:53:35', 1, 1, 0.09091, -0.044444, 'Neutral', 0.067677, '•', 'Δh: 0.091 | Δstab: -0.044 | Cluster: 1→1 | Typ: Neutral | Intensität: 0.07'),
(55, 10, '2025-10-30 16:55:47', 1, 1, -0.27273, 0.08, 'Rückkopplung', 0.176365, '🔄', 'Δh: -0.273 | Δstab: 0.080 | Cluster: 1→1 | Typ: Rückkopplung | Intensität: 0.18'),
(56, 10, '2025-11-06 15:34:11', 1, 1, 0.18182, -0.035556, 'Neutral', 0.108688, '•', 'Δh: 0.182 | Δstab: -0.036 | Cluster: 1→1 | Typ: Neutral | Intensität: 0.11'),
(57, 10, '2025-11-06 16:51:46', 1, 1, 0, 0, 'Neutral', 0, '•', 'Δh: 0.000 | Δstab: 0.000 | Cluster: 1→1 | Typ: Neutral | Intensität: 0.00'),
(58, 11, '2025-09-19 15:35:00', 2, 3, 0.54546, -0.01, 'Sprung', 0.27773, '🚀', 'Δh: 0.545 | Δstab: -0.010 | Cluster: 2→3 | Typ: Sprung | Intensität: 0.28'),
(59, 11, '2025-10-01 15:35:00', 3, 2, -0.54546, -0.233334, 'Destabilisierung', 0.389397, '⚡', 'Δh: -0.545 | Δstab: -0.233 | Cluster: 3→2 | Typ: Destabilisierung | Intensität: 0.39'),
(60, 11, '2025-10-29 15:35:00', 2, 3, 0.72728, 0.238889, 'Sprung', 0.483084, '🚀', 'Δh: 0.727 | Δstab: 0.239 | Cluster: 2→3 | Typ: Sprung | Intensität: 0.48'),
(61, 12, '2025-09-10 17:10:00', 1, 1, 0.18182, -0.035556, 'Neutral', 0.108688, '•', 'Δh: 0.182 | Δstab: -0.036 | Cluster: 1→1 | Typ: Neutral | Intensität: 0.11'),
(62, 12, '2025-09-10 17:10:00', 1, 1, 0, 0, 'Neutral', 0, '•', 'Δh: 0.000 | Δstab: 0.000 | Cluster: 1→1 | Typ: Neutral | Intensität: 0.00'),
(63, 12, '2025-09-17 17:10:00', 1, 1, -0.09091, 0.021667, 'Neutral', 0.0562885, '•', 'Δh: -0.091 | Δstab: 0.022 | Cluster: 1→1 | Typ: Neutral | Intensität: 0.06'),
(64, 12, '2025-10-01 17:10:00', 1, 1, 0, 0, 'Neutral', 0, '•', 'Δh: 0.000 | Δstab: 0.000 | Cluster: 1→1 | Typ: Neutral | Intensität: 0.00'),
(65, 13, '2025-09-22 17:10:00', 2, 1, -0.54545, 0.046666, 'Rückkopplung', 0.296058, '🔄', 'Δh: -0.545 | Δstab: 0.047 | Cluster: 2→1 | Typ: Rückkopplung | Intensität: 0.30'),
(66, 13, '2025-09-24 17:10:00', 1, 2, 0.45454, -0.005, 'Rückkopplung', 0.22977, '🔄', 'Δh: 0.455 | Δstab: -0.005 | Cluster: 1→2 | Typ: Rückkopplung | Intensität: 0.23'),
(67, 13, '2025-10-07 17:10:00', 2, 1, -0.54545, -0.045, 'Destabilisierung', 0.295225, '⚡', 'Δh: -0.545 | Δstab: -0.045 | Cluster: 2→1 | Typ: Destabilisierung | Intensität: 0.30'),
(68, 14, '2025-09-17 17:10:00', 1, 1, 0, -0.025, 'Neutral', 0.0125, '•', 'Δh: 0.000 | Δstab: -0.025 | Cluster: 1→1 | Typ: Neutral | Intensität: 0.01'),
(69, 14, '2025-09-24 17:10:00', 1, 1, -0.27273, 0.058333, 'Rückkopplung', 0.165532, '🔄', 'Δh: -0.273 | Δstab: 0.058 | Cluster: 1→1 | Typ: Rückkopplung | Intensität: 0.17'),
(70, 14, '2025-10-01 17:10:00', 1, 1, 0.09091, -0.011111, 'Neutral', 0.0510105, '•', 'Δh: 0.091 | Δstab: -0.011 | Cluster: 1→1 | Typ: Neutral | Intensität: 0.05'),
(71, 14, '2025-10-22 17:10:00', 1, 3, 1, -0.097222, 'Sprung', 0.548611, '🚀', 'Δh: 1.000 | Δstab: -0.097 | Cluster: 1→3 | Typ: Sprung | Intensität: 0.55'),
(72, 14, '2025-10-29 17:10:00', 3, 1, -1.09091, 0.101667, 'Rückkopplung', 0.596289, '🔄', 'Δh: -1.091 | Δstab: 0.102 | Cluster: 3→1 | Typ: Rückkopplung | Intensität: 0.60'),
(73, 15, '2025-09-18 15:35:00', 3, 3, -0.0909, 0.175, 'Rückkopplung', 0.13295, '🔄', 'Δh: -0.091 | Δstab: 0.175 | Cluster: 3→3 | Typ: Rückkopplung | Intensität: 0.13'),
(74, 15, '2025-09-25 15:35:00', 3, 2, -0.72728, 0.065, 'Rückkopplung', 0.39614, '🔄', 'Δh: -0.727 | Δstab: 0.065 | Cluster: 3→2 | Typ: Rückkopplung | Intensität: 0.40'),
(75, 15, '2025-10-23 15:35:00', 2, 3, 0.72728, 0.168889, 'Sprung', 0.448085, '🚀', 'Δh: 0.727 | Δstab: 0.169 | Cluster: 2→3 | Typ: Sprung | Intensität: 0.45'),
(76, 15, '2025-11-06 15:34:29', 3, 3, 0.0909, 0.072778, 'Neutral', 0.081839, '•', 'Δh: 0.091 | Δstab: 0.073 | Cluster: 3→3 | Typ: Neutral | Intensität: 0.08'),
(77, 15, '2025-11-06 15:35:00', 3, 3, 0.09091, -0.641667, 'Rückkopplung', 0.366289, '🔄', 'Δh: 0.091 | Δstab: -0.642 | Cluster: 3→3 | Typ: Rückkopplung | Intensität: 0.37'),
(78, 16, '2025-09-09 17:10:00', 2, 3, 0.54546, 0.101667, 'Sprung', 0.323563, '🚀', 'Δh: 0.545 | Δstab: 0.102 | Cluster: 2→3 | Typ: Sprung | Intensität: 0.32'),
(79, 16, '2025-09-11 17:10:00', 3, 2, -0.54546, -0.204445, 'Destabilisierung', 0.374952, '⚡', 'Δh: -0.545 | Δstab: -0.204 | Cluster: 3→2 | Typ: Destabilisierung | Intensität: 0.37'),
(80, 16, '2025-09-15 17:10:00', 2, 2, 0.27273, 0.144445, 'Rückkopplung', 0.208587, '🔄', 'Δh: 0.273 | Δstab: 0.144 | Cluster: 2→2 | Typ: Rückkopplung | Intensität: 0.21'),
(81, 16, '2025-09-22 17:10:00', 2, 2, -0.36364, 0.077222, 'Rückkopplung', 0.220431, '🔄', 'Δh: -0.364 | Δstab: 0.077 | Cluster: 2→2 | Typ: Rückkopplung | Intensität: 0.22'),
(82, 16, '2025-09-23 15:35:00', 2, 1, -0.72727, 0.125, 'Rückkopplung', 0.426135, '🔄', 'Δh: -0.727 | Δstab: 0.125 | Cluster: 2→1 | Typ: Rückkopplung | Intensität: 0.43'),
(83, 16, '2025-09-25 17:10:00', 1, 1, 0.18182, -0.035556, 'Neutral', 0.108688, '•', 'Δh: 0.182 | Δstab: -0.036 | Cluster: 1→1 | Typ: Neutral | Intensität: 0.11'),
(84, 16, '2025-09-29 17:10:00', 1, 1, 0, 0, 'Neutral', 0, '•', 'Δh: 0.000 | Δstab: 0.000 | Cluster: 1→1 | Typ: Neutral | Intensität: 0.00'),
(85, 16, '2025-10-02 17:10:00', 1, 2, 0.54545, -0.24, 'Sprung', 0.392725, '🚀', 'Δh: 0.545 | Δstab: -0.240 | Cluster: 1→2 | Typ: Sprung | Intensität: 0.39'),
(86, 16, '2025-10-23 15:35:00', 2, 1, -0.45454, 0.195556, 'Rückkopplung', 0.325048, '🔄', 'Δh: -0.455 | Δstab: 0.196 | Cluster: 2→1 | Typ: Rückkopplung | Intensität: 0.33'),
(87, 16, '2025-10-23 17:10:00', 1, 2, 0.90909, -0.370556, 'Sprung', 0.639823, '🚀', 'Δh: 0.909 | Δstab: -0.371 | Cluster: 1→2 | Typ: Sprung | Intensität: 0.64'),
(88, 16, '2025-10-27 17:10:00', 2, 2, -0.36364, 0.103889, 'Rückkopplung', 0.233764, '🔄', 'Δh: -0.364 | Δstab: 0.104 | Cluster: 2→2 | Typ: Rückkopplung | Intensität: 0.23'),
(89, 16, '2025-10-30 17:10:00', 2, 1, -0.36363, 0.237778, 'Rückkopplung', 0.300704, '🔄', 'Δh: -0.364 | Δstab: 0.238 | Cluster: 2→1 | Typ: Rückkopplung | Intensität: 0.30'),
(90, 16, '2025-11-03 17:10:00', 1, 2, 0.36363, -0.311111, 'Rückkopplung', 0.337371, '🔄', 'Δh: 0.364 | Δstab: -0.311 | Cluster: 1→2 | Typ: Rückkopplung | Intensität: 0.34'),
(91, 16, '2025-11-06 17:10:00', 2, 1, -0.72727, 0.411111, 'Rückkopplung', 0.569191, '🔄', 'Δh: -0.727 | Δstab: 0.411 | Cluster: 2→1 | Typ: Rückkopplung | Intensität: 0.57'),
(92, 17, '2025-09-18 17:10:00', 2, 2, 0.09091, 0.1, 'Rückkopplung', 0.095455, '🔄', 'Δh: 0.091 | Δstab: 0.100 | Cluster: 2→2 | Typ: Rückkopplung | Intensität: 0.10'),
(93, 17, '2025-09-25 17:10:00', 2, 3, 0.81818, -0.24, 'Sprung', 0.52909, '🚀', 'Δh: 0.818 | Δstab: -0.240 | Cluster: 2→3 | Typ: Sprung | Intensität: 0.53'),
(94, 17, '2025-10-02 17:10:00', 3, 2, -0.36363, 0.125, 'Rückkopplung', 0.244315, '🔄', 'Δh: -0.364 | Δstab: 0.125 | Cluster: 3→2 | Typ: Rückkopplung | Intensität: 0.24'),
(95, 17, '2025-10-23 17:10:00', 2, 2, -0.09091, 0.075, 'Neutral', 0.082955, '•', 'Δh: -0.091 | Δstab: 0.075 | Cluster: 2→2 | Typ: Neutral | Intensität: 0.08'),
(96, 17, '2025-10-30 17:10:00', 2, 3, 0.18182, -0.236111, 'Rückkopplung', 0.208965, '🔄', 'Δh: 0.182 | Δstab: -0.236 | Cluster: 2→3 | Typ: Rückkopplung | Intensität: 0.21'),
(97, 17, '2025-11-06 17:10:00', 3, 2, -0.09091, 0.501111, 'Rückkopplung', 0.29601, '🔄', 'Δh: -0.091 | Δstab: 0.501 | Cluster: 3→2 | Typ: Rückkopplung | Intensität: 0.30'),
(98, 18, '2025-09-25 17:10:00', 2, 1, -0.0909, 0.058333, 'Neutral', 0.0746165, '•', 'Δh: -0.091 | Δstab: 0.058 | Cluster: 2→1 | Typ: Neutral | Intensität: 0.07'),
(99, 18, '2025-10-02 17:10:00', 1, 2, 0.18181, -0.01, 'Neutral', 0.095905, '•', 'Δh: 0.182 | Δstab: -0.010 | Cluster: 1→2 | Typ: Neutral | Intensität: 0.10'),
(100, 18, '2025-10-23 15:35:00', 2, 2, 0.09091, 0.018334, 'Neutral', 0.054622, '•', 'Δh: 0.091 | Δstab: 0.018 | Cluster: 2→2 | Typ: Neutral | Intensität: 0.05'),
(101, 18, '2025-10-23 17:10:00', 2, 3, 0.72728, -0.457778, 'Sprung', 0.592529, '🚀', 'Δh: 0.727 | Δstab: -0.458 | Cluster: 2→3 | Typ: Sprung | Intensität: 0.59'),
(102, 18, '2025-10-30 17:10:00', 3, 3, 0.18181, 0.399444, 'Rückkopplung', 0.290627, '🔄', 'Δh: 0.182 | Δstab: 0.399 | Cluster: 3→3 | Typ: Rückkopplung | Intensität: 0.29'),
(103, 18, '2025-11-06 17:10:00', 3, 3, 0.45455, 0.016667, 'Stabilisierung', 0.235609, '🌀', 'Δh: 0.455 | Δstab: 0.017 | Cluster: 3→3 | Typ: Stabilisierung | Intensität: 0.24'),
(104, 19, '2025-09-25 17:10:00', 3, 2, -0.63637, -0.020555, 'Destabilisierung', 0.328463, '⚡', 'Δh: -0.636 | Δstab: -0.021 | Cluster: 3→2 | Typ: Destabilisierung | Intensität: 0.33'),
(105, 19, '2025-10-02 17:10:00', 2, 2, 0.18182, 0.008333, 'Neutral', 0.0950765, '•', 'Δh: 0.182 | Δstab: 0.008 | Cluster: 2→2 | Typ: Neutral | Intensität: 0.10'),
(106, 19, '2025-10-30 17:10:00', 2, 3, 0.63636, -0.066667, 'Sprung', 0.351514, '🚀', 'Δh: 0.636 | Δstab: -0.067 | Cluster: 2→3 | Typ: Sprung | Intensität: 0.35'),
(107, 19, '2025-11-06 17:10:00', 3, 2, -0.72727, 0.016667, 'Rückkopplung', 0.371969, '🔄', 'Δh: -0.727 | Δstab: 0.017 | Cluster: 3→2 | Typ: Rückkopplung | Intensität: 0.37'),
(108, 20, '2025-09-15 17:10:00', 2, 2, 0.09091, -0.105, 'Rückkopplung', 0.097955, '🔄', 'Δh: 0.091 | Δstab: -0.105 | Cluster: 2→2 | Typ: Rückkopplung | Intensität: 0.10'),
(109, 20, '2025-09-19 15:35:00', 2, 2, -0.09091, 0.024444, 'Neutral', 0.057677, '•', 'Δh: -0.091 | Δstab: 0.024 | Cluster: 2→2 | Typ: Neutral | Intensität: 0.06'),
(110, 20, '2025-09-22 17:10:00', 2, 2, 0.09091, -0.024444, 'Neutral', 0.057677, '•', 'Δh: 0.091 | Δstab: -0.024 | Cluster: 2→2 | Typ: Neutral | Intensität: 0.06'),
(111, 20, '2025-09-26 15:35:00', 2, 2, -0.09091, 0.024444, 'Neutral', 0.057677, '•', 'Δh: -0.091 | Δstab: 0.024 | Cluster: 2→2 | Typ: Neutral | Intensität: 0.06'),
(112, 20, '2025-09-29 17:10:00', 2, 2, 0, 0, 'Neutral', 0, '•', 'Δh: 0.000 | Δstab: 0.000 | Cluster: 2→2 | Typ: Neutral | Intensität: 0.00'),
(113, 20, '2025-10-20 17:10:00', 2, 2, 0, 0.003334, 'Neutral', 0.001667, '•', 'Δh: 0.000 | Δstab: 0.003 | Cluster: 2→2 | Typ: Neutral | Intensität: 0.00'),
(114, 20, '2025-10-24 15:35:00', 2, 2, 0.09091, -0.027778, 'Neutral', 0.059344, '•', 'Δh: 0.091 | Δstab: -0.028 | Cluster: 2→2 | Typ: Neutral | Intensität: 0.06'),
(115, 20, '2025-10-27 17:10:00', 2, 2, 0, 0, 'Neutral', 0, '•', 'Δh: 0.000 | Δstab: 0.000 | Cluster: 2→2 | Typ: Neutral | Intensität: 0.00'),
(116, 20, '2025-11-03 17:10:00', 2, 2, 0, 0, 'Neutral', 0, '•', 'Δh: 0.000 | Δstab: 0.000 | Cluster: 2→2 | Typ: Neutral | Intensität: 0.00'),
(117, 21, '2025-09-15 17:10:00', 2, 2, -0.09091, 0.053334, 'Neutral', 0.072122, '•', 'Δh: -0.091 | Δstab: 0.053 | Cluster: 2→2 | Typ: Neutral | Intensität: 0.07'),
(118, 21, '2025-09-22 17:10:00', 2, 1, -0.27272, 0.161666, 'Rückkopplung', 0.217193, '🔄', 'Δh: -0.273 | Δstab: 0.162 | Cluster: 2→1 | Typ: Rückkopplung | Intensität: 0.22'),
(119, 21, '2025-09-29 17:10:00', 1, 2, 0.18181, 0.01, 'Neutral', 0.095905, '•', 'Δh: 0.182 | Δstab: 0.010 | Cluster: 1→2 | Typ: Neutral | Intensität: 0.10'),
(120, 21, '2025-10-20 17:10:00', 2, 3, 0.72728, -0.351666, 'Sprung', 0.539473, '🚀', 'Δh: 0.727 | Δstab: -0.352 | Cluster: 2→3 | Typ: Sprung | Intensität: 0.54'),
(121, 21, '2025-10-20 17:10:00', 3, 3, 0, 0, 'Neutral', 0, '•', 'Δh: 0.000 | Δstab: 0.000 | Cluster: 3→3 | Typ: Neutral | Intensität: 0.00'),
(122, 21, '2025-10-27 17:10:00', 3, 1, -1, 0.385, 'Rückkopplung', 0.6925, '🔄', 'Δh: -1.000 | Δstab: 0.385 | Cluster: 3→1 | Typ: Rückkopplung | Intensität: 0.69'),
(123, 21, '2025-11-03 17:10:00', 1, 2, 0.72727, -0.304445, 'Sprung', 0.515858, '🚀', 'Δh: 0.727 | Δstab: -0.304 | Cluster: 1→2 | Typ: Sprung | Intensität: 0.52'),
(124, 21, '2025-11-03 17:10:00', 2, 2, 0, 0, 'Neutral', 0, '•', 'Δh: 0.000 | Δstab: 0.000 | Cluster: 2→2 | Typ: Neutral | Intensität: 0.00'),
(125, 22, '2025-09-24 17:10:00', 2, 3, 0.45455, -0.275555, 'Rückkopplung', 0.365052, '🔄', 'Δh: 0.455 | Δstab: -0.276 | Cluster: 2→3 | Typ: Rückkopplung | Intensität: 0.37'),
(126, 22, '2025-10-01 17:10:00', 3, 2, -0.36364, 0.137222, 'Rückkopplung', 0.250431, '🔄', 'Δh: -0.364 | Δstab: 0.137 | Cluster: 3→2 | Typ: Rückkopplung | Intensität: 0.25'),
(127, 22, '2025-10-07 17:10:00', 2, 2, -0.18182, 0.137778, 'Rückkopplung', 0.159799, '🔄', 'Δh: -0.182 | Δstab: 0.138 | Cluster: 2→2 | Typ: Rückkopplung | Intensität: 0.16'),
(128, 22, '2025-10-22 17:10:00', 2, 2, -0.27273, 0.073333, 'Rückkopplung', 0.173031, '🔄', 'Δh: -0.273 | Δstab: 0.073 | Cluster: 2→2 | Typ: Rückkopplung | Intensität: 0.17'),
(129, 22, '2025-10-29 17:10:00', 2, 2, 0.63637, -0.356667, 'Rückkopplung', 0.496518, '🔄', 'Δh: 0.636 | Δstab: -0.357 | Cluster: 2→2 | Typ: Rückkopplung | Intensität: 0.50'),
(130, 22, '2025-11-06 17:10:00', 2, 2, -0.63637, 0.263889, 'Rückkopplung', 0.45013, '🔄', 'Δh: -0.636 | Δstab: 0.264 | Cluster: 2→2 | Typ: Rückkopplung | Intensität: 0.45'),
(131, 23, '2025-09-22 17:10:00', 2, 2, -0.09091, 0.121667, 'Rückkopplung', 0.106289, '🔄', 'Δh: -0.091 | Δstab: 0.122 | Cluster: 2→2 | Typ: Rückkopplung | Intensität: 0.11'),
(132, 23, '2025-09-29 17:10:00', 2, 2, 0.18182, -0.041667, 'Neutral', 0.111744, '•', 'Δh: 0.182 | Δstab: -0.042 | Cluster: 2→2 | Typ: Neutral | Intensität: 0.11'),
(133, 23, '2025-10-20 17:10:00', 2, 2, -0.18182, 0.041667, 'Neutral', 0.111744, '•', 'Δh: -0.182 | Δstab: 0.042 | Cluster: 2→2 | Typ: Neutral | Intensität: 0.11'),
(134, 23, '2025-10-27 17:10:00', 2, 2, 0.18182, 0.005, 'Neutral', 0.09341, '•', 'Δh: 0.182 | Δstab: 0.005 | Cluster: 2→2 | Typ: Neutral | Intensität: 0.09'),
(135, 23, '2025-11-03 17:10:00', 2, 2, -0.27273, -0.032778, 'Rückkopplung', 0.152754, '🔄', 'Δh: -0.273 | Δstab: -0.033 | Cluster: 2→2 | Typ: Rückkopplung | Intensität: 0.15'),
(136, 24, '2025-09-23 17:10:00', 2, 2, -0.36364, 0.176666, 'Rückkopplung', 0.270153, '🔄', 'Δh: -0.364 | Δstab: 0.177 | Cluster: 2→2 | Typ: Rückkopplung | Intensität: 0.27'),
(137, 24, '2025-09-26 17:30:26', 2, 1, -0.0909, 0.048334, 'Neutral', 0.069617, '•', 'Δh: -0.091 | Δstab: 0.048 | Cluster: 2→1 | Typ: Neutral | Intensität: 0.07'),
(138, 24, '2025-09-30 17:10:00', 1, 2, 0.27272, -0.015, 'Rückkopplung', 0.14386, '🔄', 'Δh: 0.273 | Δstab: -0.015 | Cluster: 1→2 | Typ: Rückkopplung | Intensität: 0.14'),
(139, 40, '2025-10-27 16:46:37', 2, 3, 0.38384, 0.086667, 'Rückkopplung', 0.235253, '🔄', 'Δh: 0.384 | Δstab: 0.087 | Cluster: 2→3 | Typ: Rückkopplung | Intensität: 0.24'),
(140, 40, '2025-11-03 16:56:05', 3, 2, -0.36364, -0.447222, 'Rückkopplung', 0.405431, '🔄', 'Δh: -0.364 | Δstab: -0.447 | Cluster: 3→2 | Typ: Rückkopplung | Intensität: 0.41'),
(141, 40, '2025-11-03 16:56:09', 2, 2, 0, 0, 'Neutral', 0, '•', 'Δh: 0.000 | Δstab: 0.000 | Cluster: 2→2 | Typ: Neutral | Intensität: 0.00');

-- --------------------------------------------------------

--
-- Tabellenstruktur für Tabelle `mtr_didaktik`
--

CREATE TABLE `mtr_didaktik` (
  `id` int(11) NOT NULL,
  `ue_zuweisung_teilnehmer_id` int(11) NOT NULL,
  `teilnehmer_id` int(11) NOT NULL,
  `datum` datetime NOT NULL,
  `themenauswahl` int(1) DEFAULT '4',
  `methodenvielfalt` int(1) DEFAULT '4',
  `individualisierung` int(1) DEFAULT '4',
  `aufforderung` int(1) DEFAULT '4',
  `materialien` int(1) DEFAULT '4',
  `zielgruppen` int(1) DEFAULT '4'
) ENGINE=InnoDB DEFAULT CHARSET=utf8mb4;

--
-- Daten für Tabelle `mtr_didaktik`
--

INSERT INTO `mtr_didaktik` (`id`, `ue_zuweisung_teilnehmer_id`, `teilnehmer_id`, `datum`, `themenauswahl`, `methodenvielfalt`, `individualisierung`, `aufforderung`, `materialien`, `zielgruppen`) VALUES
(1, 47, 2, '2025-09-22 15:35:00', 1, 2, 2, 1, 2, 2),
(2, 48, 16, '2025-09-22 17:10:00', 1, 1, 2, 2, 1, 1),
(3, 49, 13, '2025-09-22 17:10:00', 1, 1, 1, 1, 1, 1),
(4, 50, 21, '2025-09-22 17:10:00', 1, 1, 2, 1, 1, 1),
(5, 51, 20, '2025-09-22 17:10:00', 2, 1, 1, 1, 2, 2),
(6, 52, 23, '2025-09-22 17:10:00', 2, 2, 1, 2, 3, 3),
(7, 53, 16, '2025-09-23 15:35:00', 1, 1, 1, 1, 1, 1),
(8, 54, 9, '2025-09-23 17:10:00', 2, 2, 1, 1, 1, 1),
(9, 55, 8, '2025-09-23 17:10:00', 1, 2, 3, 3, 2, 2),
(10, 56, 24, '2025-09-23 17:10:00', 1, 1, 1, 1, 1, 1),
(11, 58, 6, '2025-09-24 15:35:00', 2, 2, 2, 2, 2, 2),
(12, 59, 4, '2025-09-24 15:35:00', 2, 3, 3, 2, 3, 3),
(13, 60, 7, '2025-09-24 17:10:00', 2, 2, 3, 3, 2, 2),
(14, 61, 14, '2025-09-24 17:10:00', 1, 1, 1, 1, 1, 1),
(15, 62, 22, '2025-09-24 17:10:00', 1, 2, 1, 1, 1, 1),
(16, 63, 13, '2025-09-24 17:10:00', 2, 2, 2, 2, 1, 1),
(17, 75, 2, '2025-09-29 15:35:00', 2, 1, 2, 1, 2, 2),
(18, 76, 21, '2025-09-29 17:10:00', 1, 1, 2, 1, 1, 1),
(19, 77, 20, '2025-09-29 17:10:00', 1, 1, 1, 1, 1, 1),
(20, 78, 16, '2025-09-29 17:10:00', 1, 1, 1, 1, 1, 1),
(21, 79, 23, '2025-09-29 17:10:00', 2, 2, 2, 2, 2, 2),
(22, 80, 3, '2025-09-30 15:35:00', 1, 1, 1, 1, 2, 2),
(23, 81, 7, '2025-09-30 17:10:00', 1, 1, 2, 2, 2, 2),
(24, 82, 9, '2025-09-30 17:10:00', 1, 2, 2, 6, 5, 5),
(25, 83, 8, '2025-09-30 17:10:00', 3, 2, 3, 2, 1, 1),
(26, 84, 24, '2025-09-30 17:10:00', 2, 1, 1, 2, 3, 3),
(27, 85, 5, '2025-09-30 17:10:00', 0, 2, 2, 2, 0, 0),
(28, 86, 6, '2025-10-01 15:35:00', 2, 2, 2, 2, 2, 2),
(29, 87, 11, '2025-10-01 15:35:00', 2, 2, 2, 2, 1, 1),
(30, 88, 2, '2025-10-01 15:35:00', 2, 2, 2, 2, 1, 1),
(31, 90, 12, '2025-10-01 17:10:00', 1, 1, 2, 1, 1, 1),
(32, 91, 14, '2025-10-01 17:10:00', 1, 1, 1, 2, 1, 1),
(33, 92, 22, '2025-10-01 17:10:00', 1, 1, 1, 1, 1, 1),
(34, 93, 9, '2025-10-02 15:35:00', 1, 2, 1, 2, 2, 2),
(35, 95, 18, '2025-10-02 17:10:00', 1, 2, 2, 2, 2, 2),
(36, 96, 16, '2025-10-02 17:10:00', 1, 1, 1, 1, 1, 1),
(37, 97, 19, '2025-10-02 17:10:00', 1, 2, 2, 2, 2, 2),
(38, 98, 17, '2025-10-02 17:10:00', 1, 1, 1, 1, 2, 2),
(39, 99, 22, '2025-10-07 17:10:00', 1, 1, 1, 1, 1, 1),
(40, 100, 8, '2025-10-07 17:10:00', 2, 2, 2, 2, 1, 1),
(41, 101, 13, '2025-10-07 17:10:00', 2, 2, 2, 1, 2, 2),
(42, 102, 2, '2025-10-20 15:35:00', 2, 2, 2, 2, 1, 1),
(43, 104, 21, '2025-10-20 17:10:00', 2, 1, 1, 1, 2, 2),
(44, 105, 21, '2025-10-20 17:10:00', 2, 1, 1, 1, 2, 2),
(45, 106, 20, '2025-10-20 17:10:00', 1, 1, 1, 1, 1, 1),
(46, 107, 23, '2025-10-20 17:10:00', 1, 2, 2, 2, 1, 1),
(47, 108, 3, '2025-10-21 15:35:00', 1, 1, 1, 1, 1, 1),
(48, 109, 7, '2025-10-21 17:10:00', 1, 3, 2, 2, 2, 2),
(49, 110, 8, '2025-10-21 17:10:00', 2, 2, 2, 2, 2, 2),
(50, 111, 5, '2025-10-21 17:10:00', 2, 2, 2, 1, 2, 2),
(51, 112, 6, '2025-10-22 15:35:00', 2, 2, 2, 2, 2, 2),
(52, 113, 22, '2025-10-22 17:10:00', 1, 1, 1, 2, 1, 1),
(53, 114, 7, '2025-10-22 17:10:00', 1, 2, 1, 3, 1, 1),
(54, 115, 14, '2025-10-22 17:10:00', 2, 2, 2, 1, 2, 2),
(55, 116, 16, '2025-10-23 15:35:00', 1, 1, 1, 1, 1, 1),
(56, 117, 15, '2025-10-23 15:35:00', 3, 1, 2, 4, 2, 2),
(57, 118, 18, '2025-10-23 15:35:00', 2, 2, 1, 1, 2, 2),
(58, 119, 18, '2025-10-23 17:10:00', 1, 2, 1, 2, 2, 2),
(59, 120, 16, '2025-10-23 17:10:00', 1, 1, 2, 1, 1, 1),
(60, 121, 17, '2025-10-23 17:10:00', 3, 2, 1, 1, 1, 1),
(61, 122, 20, '2025-10-24 15:35:00', 1, 1, 1, 1, 1, 1),
(62, 123, 6, '2025-10-24 15:35:00', 2, 2, 2, 2, 2, 2),
(63, 124, 4, '2025-10-24 15:35:00', 3, 2, 3, 4, 4, 4),
(64, 126, 4, '2025-10-27 15:35:00', 2, 3, 2, 3, 2, 2),
(65, 127, 16, '2025-10-27 17:10:00', 1, 1, 1, 1, 1, 1),
(66, 128, 21, '2025-10-27 17:10:00', 1, 1, 1, 1, 1, 1),
(67, 129, 16, '2025-10-27 17:10:00', 0, 0, 0, 0, 0, 0),
(68, 130, 20, '2025-10-27 17:10:00', 1, 1, 1, 1, 1, 1),
(69, 131, 23, '2025-10-27 17:10:00', 2, 2, 2, 2, 2, 2),
(70, 132, 8, '2025-10-28 17:10:00', 1, 2, 2, 2, 2, 2),
(71, 133, 9, '2025-10-28 17:10:00', 2, 3, 3, 2, 2, 2),
(72, 134, 5, '2025-10-28 17:10:00', 0, 0, 0, 1, 0, 0),
(73, 135, 2, '2025-10-29 15:35:00', 2, 2, 2, 1, 2, 2),
(74, 138, 11, '2025-10-29 15:35:00', 2, 2, 2, 3, 2, 2),
(75, 139, 6, '2025-10-29 15:35:00', 3, 2, 2, 2, 2, 2),
(76, 140, 7, '2025-10-29 17:10:00', 2, 1, 2, 2, 2, 2),
(77, 141, 22, '2025-10-29 17:10:00', 1, 1, 1, 1, 1, 1),
(78, 142, 14, '2025-10-29 17:10:00', 1, 1, 1, 1, 2, 2),
(79, 143, 9, '2025-10-30 15:35:00', 1, 1, 2, 2, 2, 2),
(80, 145, 18, '2025-10-30 17:10:00', 2, 2, 2, 1, 2, 2),
(81, 146, 19, '2025-10-30 17:10:00', 2, 3, 2, 2, 2, 2),
(82, 147, 16, '2025-10-30 17:10:00', 1, 1, 1, 1, 1, 1),
(83, 148, 17, '2025-10-30 17:10:00', 1, 1, 1, 1, 1, 1),
(84, 172, 2, '2025-11-03 15:35:00', 1, 1, 2, 1, 2, 2),
(85, 176, 20, '2025-11-03 17:10:00', 1, 1, 1, 1, 1, 1),
(86, 177, 21, '2025-11-03 17:10:00', 1, 2, 1, 2, 1, 1),
(87, 178, 21, '2025-11-03 17:10:00', 1, 2, 1, 2, 1, 1),
(88, 179, 16, '2025-11-03 17:10:00', 1, 1, 1, 1, 1, 1),
(89, 180, 23, '2025-11-03 17:10:00', 2, 2, 2, 2, 2, 2),
(90, 181, 3, '2025-11-04 15:35:00', 1, 1, 1, 2, 1, 1),
(91, 182, 8, '2025-11-04 17:10:00', 2, 3, 3, 2, 2, 2),
(92, 183, 5, '2025-11-04 17:10:00', 0, 0, 4, 2, 4, 4),
(93, 184, 9, '2025-11-04 17:10:00', 2, 1, 3, 2, 1, 1),
(94, 185, 9, '2025-11-06 15:35:00', 2, 2, 1, 2, 2, 2),
(95, 187, 15, '2025-11-06 15:35:00', 1, 1, 1, 1, 2, 2),
(96, 189, 18, '2025-11-06 17:10:00', 3, 3, 3, 3, 4, 4),
(97, 190, 16, '2025-11-06 17:10:00', 1, 1, 1, 1, 1, 1),
(98, 191, 19, '2025-11-06 17:10:00', 1, 2, 2, 2, 2, 2),
(99, 192, 17, '2025-11-06 17:10:00', 1, 2, 2, 2, 2, 2),
(100, 193, 22, '2025-11-06 17:10:00', 1, 1, 1, 2, 1, 1),
(101, 194, 6, '2025-11-07 15:35:00', 2, 2, 2, 2, 2, 2),
(102, 195, 11, '2025-11-07 15:35:00', 1, 2, 2, 1, 2, 2),
(103, 196, 24, '2025-11-07 15:35:00', 2, 2, 2, 2, 2, 2);

-- --------------------------------------------------------

--
-- Tabellenstruktur für Tabelle `mtr_emotions`
--

CREATE TABLE `mtr_emotions` (
  `id` int(11) NOT NULL,
  `ue_zuweisung_teilnehmer_id` int(11) NOT NULL,
  `teilnehmer_id` int(11) NOT NULL,
  `datum` datetime NOT NULL DEFAULT CURRENT_TIMESTAMP,
  `emotions` varchar(100) NOT NULL,
  `freude` tinyint(1) NOT NULL DEFAULT '0',
  `zufriedenheit` tinyint(1) NOT NULL DEFAULT '0',
  `erfuellung` tinyint(1) NOT NULL DEFAULT '0',
  `motivation` tinyint(1) NOT NULL DEFAULT '0',
  `dankbarkeit` tinyint(1) NOT NULL DEFAULT '0',
  `hoffnung` tinyint(1) NOT NULL DEFAULT '0',
  `stolz` tinyint(1) NOT NULL DEFAULT '0',
  `selbstvertrauen` tinyint(1) NOT NULL DEFAULT '0',
  `neugier` tinyint(1) NOT NULL DEFAULT '0',
  `inspiration` tinyint(1) NOT NULL DEFAULT '0',
  `zugehoerigkeit` tinyint(1) NOT NULL DEFAULT '0',
  `vertrauen` tinyint(1) NOT NULL DEFAULT '0',
  `spass` tinyint(1) NOT NULL DEFAULT '0',
  `sicherheit` tinyint(1) NOT NULL DEFAULT '0',
  `frustration` tinyint(1) NOT NULL DEFAULT '0',
  `ueberforderung` tinyint(1) NOT NULL DEFAULT '0',
  `angst` tinyint(1) NOT NULL DEFAULT '0',
  `langeweile` tinyint(1) NOT NULL DEFAULT '0',
  `scham` tinyint(1) NOT NULL DEFAULT '0',
  `zweifel` tinyint(1) NOT NULL DEFAULT '0',
  `resignation` tinyint(1) NOT NULL DEFAULT '0',
  `erschoepfung` tinyint(1) NOT NULL DEFAULT '0',
  `interesse` tinyint(1) NOT NULL DEFAULT '0',
  `verwirrung` tinyint(1) NOT NULL DEFAULT '0',
  `unsicherheit` tinyint(1) NOT NULL DEFAULT '0',
  `ueberraschung` tinyint(1) NOT NULL DEFAULT '0',
  `erwartung` tinyint(1) NOT NULL DEFAULT '0',
  `erleichterung` tinyint(1) NOT NULL DEFAULT '0'
) ENGINE=InnoDB DEFAULT CHARSET=utf8mb4;

--
-- Daten für Tabelle `mtr_emotions`
--

INSERT INTO `mtr_emotions` (`id`, `ue_zuweisung_teilnehmer_id`, `teilnehmer_id`, `datum`, `emotions`, `freude`, `zufriedenheit`, `erfuellung`, `motivation`, `dankbarkeit`, `hoffnung`, `stolz`, `selbstvertrauen`, `neugier`, `inspiration`, `zugehoerigkeit`, `vertrauen`, `spass`, `sicherheit`, `frustration`, `ueberforderung`, `angst`, `langeweile`, `scham`, `zweifel`, `resignation`, `erschoepfung`, `interesse`, `verwirrung`, `unsicherheit`, `ueberraschung`, `erwartung`, `erleichterung`) VALUES
(1, 34, 21, '2025-09-08 18:29:34', '3,28,1', 1, 0, 1, 0, 0, 0, 0, 0, 0, 0, 0, 0, 0, 0, 0, 0, 0, 0, 0, 0, 0, 0, 0, 0, 0, 0, 0, 1),
(2, 27, 12, '2025-09-08 18:30:22', '1', 1, 0, 0, 0, 0, 0, 0, 0, 0, 0, 0, 0, 0, 0, 0, 0, 0, 0, 0, 0, 0, 0, 0, 0, 0, 0, 0, 0),
(3, 36, 20, '2025-09-08 18:32:37', '6,23,2', 0, 1, 0, 0, 0, 1, 0, 0, 0, 0, 0, 0, 0, 0, 0, 0, 0, 0, 0, 0, 0, 0, 1, 0, 0, 0, 0, 0),
(4, 14, 16, '2025-09-08 18:32:52', '23', 0, 0, 0, 0, 0, 0, 0, 0, 0, 0, 0, 0, 0, 0, 0, 0, 0, 0, 0, 0, 0, 0, 1, 0, 0, 0, 0, 0),
(5, 19, 3, '2025-09-09 17:01:01', '6,25,24,2', 0, 1, 0, 0, 0, 1, 0, 0, 0, 0, 0, 0, 0, 0, 0, 0, 0, 0, 0, 0, 0, 0, 0, 1, 1, 0, 0, 0),
(6, 3, 9, '2025-09-09 18:29:48', '22', 0, 0, 0, 0, 0, 0, 0, 0, 0, 0, 0, 0, 0, 0, 0, 0, 0, 0, 0, 0, 0, 1, 0, 0, 0, 0, 0, 0),
(7, 14, 16, '2025-09-09 18:33:49', '22', 0, 0, 0, 0, 0, 0, 0, 0, 0, 0, 0, 0, 0, 0, 0, 0, 0, 0, 0, 0, 0, 1, 0, 0, 0, 0, 0, 0),
(8, 6, 5, '2025-09-09 18:37:51', '22,1,15,6,23,4,25,20', 1, 0, 0, 1, 0, 1, 0, 0, 0, 0, 0, 0, 0, 0, 1, 0, 0, 0, 0, 1, 0, 1, 1, 0, 1, 0, 0, 0),
(9, 25, 11, '2025-09-10 16:58:02', '1,13,2', 1, 1, 0, 0, 0, 0, 0, 0, 0, 0, 0, 0, 1, 0, 0, 0, 0, 0, 0, 0, 0, 0, 0, 0, 0, 0, 0, 0),
(10, 24, 6, '2025-09-10 16:58:08', '3,28,1', 1, 0, 1, 0, 0, 0, 0, 0, 0, 0, 0, 0, 0, 0, 0, 0, 0, 0, 0, 0, 0, 0, 0, 0, 0, 0, 0, 1),
(11, 26, 7, '2025-09-10 18:29:44', '22,4,25', 0, 0, 0, 1, 0, 0, 0, 0, 0, 0, 0, 0, 0, 0, 0, 0, 0, 0, 0, 0, 0, 1, 0, 0, 1, 0, 0, 0),
(12, 28, 14, '2025-09-10 18:32:02', '15,25,20', 0, 0, 0, 0, 0, 0, 0, 0, 0, 0, 0, 0, 0, 0, 1, 0, 0, 0, 0, 1, 0, 0, 0, 0, 1, 0, 0, 0),
(13, 30, 22, '2025-09-10 18:33:32', '5,4,7,25', 0, 0, 0, 1, 1, 0, 1, 0, 0, 0, 0, 0, 0, 0, 0, 0, 0, 0, 0, 0, 0, 0, 0, 0, 1, 0, 0, 0),
(14, 15, 9, '2025-09-11 16:52:16', '5,22,27,1,6,10,23,18,4,9,14,13,7,16,26', 1, 0, 0, 1, 1, 1, 1, 0, 1, 1, 0, 0, 1, 1, 0, 1, 0, 1, 0, 0, 0, 1, 1, 0, 0, 1, 1, 0),
(15, 12, 15, '2025-09-11 16:56:12', '17,5,22,4,16,25,24,20', 0, 0, 0, 1, 1, 0, 0, 0, 0, 0, 0, 0, 0, 0, 0, 1, 1, 0, 0, 1, 0, 1, 0, 1, 1, 0, 0, 0),
(16, 13, 10, '2025-09-11 16:56:20', '28,1,6,23,8,13,16,25,2', 1, 1, 0, 0, 0, 1, 0, 1, 0, 0, 0, 0, 1, 0, 0, 1, 0, 0, 0, 0, 0, 0, 1, 0, 1, 0, 0, 1),
(17, 16, 18, '2025-09-11 18:24:24', '2', 0, 1, 0, 0, 0, 0, 0, 0, 0, 0, 0, 0, 0, 0, 0, 0, 0, 0, 0, 0, 0, 0, 0, 0, 0, 0, 0, 0),
(18, 13, 10, '2025-09-11 18:25:26', '28', 0, 0, 0, 0, 0, 0, 0, 0, 0, 0, 0, 0, 0, 0, 0, 0, 0, 0, 0, 0, 0, 0, 0, 0, 0, 0, 0, 1),
(19, 14, 16, '2025-09-11 18:27:38', '27,23,24', 0, 0, 0, 0, 0, 0, 0, 0, 0, 0, 0, 0, 0, 0, 0, 0, 0, 0, 0, 0, 0, 0, 1, 1, 0, 0, 1, 0),
(20, 17, 17, '2025-09-11 18:30:17', '1,6,14,13', 1, 0, 0, 0, 0, 1, 0, 0, 0, 0, 0, 0, 1, 1, 0, 0, 0, 0, 0, 0, 0, 0, 0, 0, 0, 0, 0, 0),
(21, 33, 2, '2025-09-15 16:58:04', '22,25,12,24,11,20', 0, 0, 0, 0, 0, 0, 0, 0, 0, 0, 1, 1, 0, 0, 0, 0, 0, 0, 0, 1, 0, 1, 0, 1, 1, 0, 0, 0),
(22, 34, 21, '2025-09-15 18:29:26', '2', 0, 1, 0, 0, 0, 0, 0, 0, 0, 0, 0, 0, 0, 0, 0, 0, 0, 0, 0, 0, 0, 0, 0, 0, 0, 0, 0, 0),
(23, 35, 16, '2025-09-15 18:30:06', '27,6,23', 0, 0, 0, 0, 0, 1, 0, 0, 0, 0, 0, 0, 0, 0, 0, 0, 0, 0, 0, 0, 0, 0, 1, 0, 0, 0, 1, 0),
(24, 36, 20, '2025-09-15 18:32:03', '4,24', 0, 0, 0, 1, 0, 0, 0, 0, 0, 0, 0, 0, 0, 0, 0, 0, 0, 0, 0, 0, 0, 0, 0, 1, 0, 0, 0, 0),
(25, 37, 23, '2025-09-15 18:35:16', '5,23,13,25,2', 0, 1, 0, 0, 1, 0, 0, 0, 0, 0, 0, 0, 1, 0, 0, 0, 0, 0, 0, 0, 0, 0, 1, 0, 1, 0, 0, 0),
(26, 38, 10, '2025-09-17 16:53:46', '28,22,6,23,18,9,8,14,26,25,12,24,2,11,20', 0, 1, 0, 0, 0, 1, 0, 1, 1, 0, 1, 1, 0, 1, 0, 0, 0, 1, 0, 1, 0, 1, 1, 1, 1, 1, 0, 1),
(27, 39, 2, '2025-09-17 16:57:01', '3,28,1,23,4,8,13', 1, 0, 1, 1, 0, 0, 0, 1, 0, 0, 0, 0, 1, 0, 0, 0, 0, 0, 0, 0, 0, 0, 1, 0, 0, 0, 0, 1),
(28, 27, 12, '2025-09-17 18:30:55', '5,3,28,1,6', 1, 0, 1, 0, 1, 1, 0, 0, 0, 0, 0, 0, 0, 0, 0, 0, 0, 0, 0, 0, 0, 0, 0, 0, 0, 0, 0, 1),
(29, 28, 14, '2025-09-17 18:33:20', '23,8,13,2', 0, 1, 0, 0, 0, 0, 0, 1, 0, 0, 0, 0, 1, 0, 0, 0, 0, 0, 0, 0, 0, 0, 1, 0, 0, 0, 0, 0),
(30, 15, 9, '2025-09-18 16:45:27', '5,28,22,27,1,6,18,4,14,13', 1, 0, 0, 1, 1, 1, 0, 0, 0, 0, 0, 0, 1, 1, 0, 0, 0, 1, 0, 0, 0, 1, 0, 0, 0, 0, 1, 1),
(31, 38, 10, '2025-09-18 16:51:06', '22,27,1,6,10,23,18,8,14,13,26,25,24,2', 1, 1, 0, 0, 0, 1, 0, 1, 0, 1, 0, 0, 1, 1, 0, 0, 0, 1, 0, 0, 0, 1, 1, 1, 1, 1, 1, 0),
(32, 17, 17, '2025-09-18 18:29:09', '1,6,23,13', 1, 0, 0, 0, 0, 1, 0, 0, 0, 0, 0, 0, 1, 0, 0, 0, 0, 0, 0, 0, 0, 0, 1, 0, 0, 0, 0, 0),
(33, 18, 19, '2025-09-18 18:32:30', '5,28,2', 0, 1, 0, 0, 1, 0, 0, 0, 0, 0, 0, 0, 0, 0, 0, 0, 0, 0, 0, 0, 0, 0, 0, 0, 0, 0, 0, 1),
(34, 42, 6, '2025-09-19 17:00:32', '3,6,10', 0, 0, 1, 0, 0, 1, 0, 0, 0, 1, 0, 0, 0, 0, 0, 0, 0, 0, 0, 0, 0, 0, 0, 0, 0, 0, 0, 0),
(35, 43, 20, '2025-09-19 17:01:16', '4,2', 0, 1, 0, 1, 0, 0, 0, 0, 0, 0, 0, 0, 0, 0, 0, 0, 0, 0, 0, 0, 0, 0, 0, 0, 0, 0, 0, 0),
(36, 44, 11, '2025-09-19 17:04:08', '1,23', 1, 0, 0, 0, 0, 0, 0, 0, 0, 0, 0, 0, 0, 0, 0, 0, 0, 0, 0, 0, 0, 0, 1, 0, 0, 0, 0, 0),
(37, 45, 24, '2025-09-19 17:05:04', '5,28,6,10,23,14', 0, 0, 0, 0, 1, 1, 0, 0, 0, 1, 0, 0, 0, 1, 0, 0, 0, 0, 0, 0, 0, 0, 1, 0, 0, 0, 0, 1),
(38, 46, 4, '2025-09-19 17:09:25', '17,5,15,6', 0, 0, 0, 0, 1, 1, 0, 0, 0, 0, 0, 0, 0, 0, 1, 0, 1, 0, 0, 0, 0, 0, 0, 0, 0, 0, 0, 0),
(39, 47, 2, '2025-09-22 16:58:05', '3,28,1,23,4,8,13,2', 1, 1, 1, 1, 0, 0, 0, 1, 0, 0, 0, 0, 1, 0, 0, 0, 0, 0, 0, 0, 0, 0, 1, 0, 0, 0, 0, 1),
(40, 48, 16, '2025-09-22 18:25:20', '23', 0, 0, 0, 0, 0, 0, 0, 0, 0, 0, 0, 0, 0, 0, 0, 0, 0, 0, 0, 0, 0, 0, 1, 0, 0, 0, 0, 0),
(41, 49, 13, '2025-09-22 18:30:56', '5,1,7,2', 1, 1, 0, 0, 1, 0, 1, 0, 0, 0, 0, 0, 0, 0, 0, 0, 0, 0, 0, 0, 0, 0, 0, 0, 0, 0, 0, 0),
(42, 50, 21, '2025-09-22 18:32:56', '23', 0, 0, 0, 0, 0, 0, 0, 0, 0, 0, 0, 0, 0, 0, 0, 0, 0, 0, 0, 0, 0, 0, 1, 0, 0, 0, 0, 0),
(43, 51, 20, '2025-09-22 18:35:46', '2', 0, 1, 0, 0, 0, 0, 0, 0, 0, 0, 0, 0, 0, 0, 0, 0, 0, 0, 0, 0, 0, 0, 0, 0, 0, 0, 0, 0),
(44, 52, 23, '2025-09-22 18:38:00', '5,23,4,14,13,2', 0, 1, 0, 1, 1, 0, 0, 0, 0, 0, 0, 0, 1, 1, 0, 0, 0, 0, 0, 0, 0, 0, 1, 0, 0, 0, 0, 0),
(45, 53, 16, '2025-09-23 16:59:02', '1,23,4,9,14,13,7', 1, 0, 0, 1, 0, 0, 1, 0, 1, 0, 0, 0, 1, 1, 0, 0, 0, 0, 0, 0, 0, 0, 1, 0, 0, 0, 0, 0),
(46, 54, 9, '2025-09-23 18:32:13', '5,3,28,22,1,6,23,4,8,14,13', 1, 0, 1, 1, 1, 1, 0, 1, 0, 0, 0, 0, 1, 1, 0, 0, 0, 0, 0, 0, 0, 1, 1, 0, 0, 0, 0, 1),
(47, 55, 8, '2025-09-23 18:34:56', '22,1,18', 1, 0, 0, 0, 0, 0, 0, 0, 0, 0, 0, 0, 0, 0, 0, 0, 0, 1, 0, 0, 0, 1, 0, 0, 0, 0, 0, 0),
(48, 56, 24, '2025-09-23 18:36:24', '28,1,10,4,14', 1, 0, 0, 1, 0, 0, 0, 0, 0, 1, 0, 0, 0, 1, 0, 0, 0, 0, 0, 0, 0, 0, 0, 0, 0, 0, 0, 1),
(49, 58, 6, '2025-09-24 15:35:00', '', 1, 0, 1, 1, 0, 0, 0, 0, 0, 0, 0, 0, 0, 0, 0, 0, 0, 0, 0, 0, 0, 0, 0, 0, 0, 0, 0, 1),
(50, 59, 4, '2025-09-24 15:35:00', '', 1, 0, 1, 0, 1, 1, 0, 0, 0, 0, 0, 0, 0, 0, 0, 0, 0, 0, 0, 0, 0, 0, 0, 0, 0, 0, 0, 1),
(51, 60, 7, '2025-09-24 17:10:00', '', 0, 0, 0, 1, 0, 0, 0, 0, 0, 0, 0, 0, 0, 0, 0, 0, 0, 0, 0, 0, 0, 1, 0, 0, 1, 0, 0, 0),
(52, 61, 14, '2025-09-24 17:10:00', '', 0, 1, 0, 1, 0, 1, 0, 0, 0, 0, 0, 0, 0, 1, 0, 0, 0, 0, 0, 0, 0, 0, 1, 0, 0, 0, 0, 0),
(53, 62, 22, '2025-09-24 17:10:00', '', 1, 0, 0, 1, 1, 0, 0, 1, 1, 0, 0, 0, 0, 0, 0, 0, 0, 0, 0, 0, 0, 0, 1, 0, 0, 0, 0, 1),
(54, 63, 13, '2025-09-24 17:10:00', '', 0, 0, 0, 0, 0, 1, 1, 1, 0, 0, 1, 0, 0, 0, 0, 0, 0, 0, 0, 0, 0, 0, 0, 0, 0, 0, 0, 0),
(55, 75, 2, '2025-09-29 15:35:00', '', 0, 0, 0, 0, 0, 0, 0, 0, 1, 0, 0, 0, 0, 0, 0, 0, 0, 0, 0, 0, 0, 0, 0, 1, 0, 0, 0, 0),
(56, 76, 21, '2025-09-29 17:10:00', '', 1, 0, 0, 0, 0, 0, 0, 0, 0, 0, 0, 0, 0, 0, 0, 0, 0, 0, 0, 0, 0, 0, 0, 0, 0, 0, 0, 0),
(57, 77, 20, '2025-09-29 17:10:00', '', 0, 1, 0, 0, 0, 0, 0, 0, 0, 0, 0, 0, 0, 1, 0, 0, 0, 0, 0, 0, 0, 0, 0, 0, 0, 0, 0, 0),
(58, 78, 16, '2025-09-29 17:10:00', '', 0, 0, 1, 1, 1, 1, 1, 0, 0, 1, 0, 0, 0, 1, 0, 0, 0, 0, 0, 0, 0, 0, 0, 0, 0, 0, 1, 1),
(59, 79, 23, '2025-09-29 17:10:00', '', 1, 0, 0, 1, 1, 0, 0, 0, 0, 0, 0, 0, 0, 0, 0, 0, 0, 0, 0, 0, 0, 0, 1, 0, 0, 0, 0, 0),
(60, 80, 3, '2025-09-30 15:35:00', '', 0, 0, 0, 0, 0, 0, 0, 0, 0, 0, 0, 0, 0, 0, 1, 1, 0, 0, 0, 1, 1, 0, 0, 0, 0, 0, 0, 0),
(61, 81, 7, '2025-09-30 17:10:00', '', 1, 0, 0, 0, 0, 0, 0, 0, 0, 0, 0, 0, 1, 0, 0, 0, 0, 0, 0, 0, 0, 1, 0, 0, 0, 0, 0, 0),
(62, 82, 9, '2025-09-30 17:10:00', '', 1, 0, 0, 0, 0, 0, 0, 0, 0, 0, 0, 0, 1, 0, 1, 1, 1, 0, 1, 1, 0, 1, 0, 1, 1, 0, 0, 0),
(63, 83, 8, '2025-09-30 17:10:00', '', 0, 0, 0, 0, 0, 0, 0, 0, 0, 0, 0, 0, 0, 0, 0, 0, 0, 0, 0, 0, 0, 0, 1, 0, 0, 0, 0, 0),
(64, 84, 24, '2025-09-30 17:10:00', '', 0, 0, 0, 0, 0, 0, 0, 0, 0, 0, 0, 1, 0, 0, 0, 0, 0, 0, 0, 0, 0, 0, 1, 0, 0, 0, 0, 0),
(65, 85, 5, '2025-09-30 17:10:00', '', 1, 0, 0, 1, 1, 0, 1, 1, 1, 0, 0, 0, 1, 0, 0, 0, 0, 0, 0, 0, 0, 0, 0, 0, 0, 0, 0, 0),
(66, 86, 6, '2025-10-01 15:35:00', '', 1, 0, 1, 0, 0, 0, 0, 0, 0, 0, 0, 0, 0, 0, 0, 0, 0, 0, 0, 0, 0, 0, 0, 0, 0, 0, 0, 1),
(67, 87, 11, '2025-10-01 15:35:00', '', 0, 1, 0, 1, 0, 0, 0, 0, 0, 0, 0, 0, 1, 1, 0, 0, 0, 0, 0, 0, 0, 0, 0, 0, 0, 0, 0, 0),
(68, 88, 2, '2025-10-01 15:35:00', '', 0, 1, 0, 1, 0, 0, 0, 1, 1, 0, 0, 0, 0, 0, 0, 0, 0, 0, 0, 0, 0, 0, 1, 0, 0, 0, 0, 0),
(69, 90, 12, '2025-10-01 17:10:00', '', 0, 0, 0, 0, 0, 1, 0, 0, 0, 0, 0, 0, 0, 0, 0, 0, 0, 0, 0, 0, 0, 0, 0, 0, 0, 0, 0, 0),
(70, 91, 14, '2025-10-01 17:10:00', '', 0, 0, 0, 1, 0, 0, 0, 0, 0, 0, 0, 0, 0, 0, 0, 0, 0, 0, 0, 0, 0, 0, 1, 0, 0, 0, 0, 1),
(71, 92, 22, '2025-10-01 17:10:00', '', 0, 1, 0, 1, 0, 0, 1, 1, 0, 0, 0, 0, 0, 0, 0, 0, 0, 0, 0, 0, 0, 0, 1, 0, 0, 0, 0, 0),
(72, 93, 9, '2025-10-02 15:35:00', '', 0, 0, 0, 1, 1, 1, 1, 1, 1, 1, 0, 1, 1, 1, 1, 1, 0, 0, 1, 0, 1, 1, 1, 1, 1, 1, 0, 1),
(73, 95, 18, '2025-10-02 17:10:00', '', 0, 0, 1, 0, 0, 0, 0, 0, 0, 0, 0, 0, 0, 0, 0, 0, 0, 0, 0, 0, 0, 0, 0, 0, 0, 0, 0, 0),
(74, 96, 16, '2025-10-02 17:10:00', '', 0, 0, 0, 1, 0, 0, 0, 0, 0, 0, 0, 0, 0, 0, 0, 0, 0, 0, 0, 0, 0, 0, 1, 0, 0, 1, 0, 0),
(75, 97, 19, '2025-10-02 17:10:00', '', 0, 1, 0, 0, 0, 0, 0, 0, 0, 0, 0, 0, 0, 0, 0, 0, 0, 0, 0, 0, 0, 0, 0, 0, 0, 0, 0, 1),
(76, 98, 17, '2025-10-02 17:10:00', '', 1, 0, 0, 0, 0, 1, 0, 0, 1, 1, 0, 0, 0, 1, 0, 0, 0, 0, 0, 0, 0, 0, 0, 0, 0, 0, 0, 0),
(77, 99, 22, '2025-10-07 17:10:00', '', 0, 1, 0, 1, 1, 0, 1, 0, 0, 0, 0, 0, 0, 0, 0, 0, 0, 0, 0, 0, 0, 0, 1, 0, 0, 0, 0, 1),
(78, 100, 8, '2025-10-07 17:10:00', '', 0, 0, 0, 0, 0, 0, 0, 0, 0, 0, 0, 0, 0, 1, 0, 0, 0, 0, 0, 0, 0, 0, 0, 0, 0, 0, 0, 0),
(79, 101, 13, '2025-10-07 17:10:00', '', 0, 0, 0, 0, 0, 0, 0, 0, 0, 0, 0, 0, 0, 0, 0, 0, 0, 0, 0, 0, 0, 0, 0, 0, 0, 0, 0, 0),
(80, 102, 2, '2025-10-20 15:35:00', '', 0, 1, 0, 0, 0, 0, 0, 1, 1, 0, 0, 0, 0, 1, 0, 0, 0, 0, 0, 0, 0, 1, 0, 0, 0, 0, 0, 0),
(81, 104, 21, '2025-10-20 17:10:00', '', 0, 1, 0, 0, 0, 0, 0, 0, 0, 0, 0, 0, 0, 0, 0, 0, 0, 0, 0, 0, 0, 0, 0, 0, 0, 0, 0, 0),
(82, 105, 21, '2025-10-20 17:10:00', '', 0, 1, 0, 0, 0, 0, 0, 0, 0, 0, 0, 0, 0, 0, 0, 0, 0, 0, 0, 0, 0, 0, 0, 0, 0, 0, 0, 0),
(83, 106, 20, '2025-10-20 17:10:00', '', 0, 1, 0, 0, 0, 0, 0, 0, 0, 0, 0, 0, 0, 0, 0, 0, 0, 0, 0, 0, 0, 0, 0, 0, 0, 0, 0, 0),
(84, 107, 23, '2025-10-20 17:10:00', '', 1, 0, 0, 1, 0, 0, 0, 1, 0, 0, 0, 0, 1, 0, 0, 0, 0, 0, 0, 0, 0, 0, 1, 0, 0, 0, 0, 0),
(85, 108, 3, '2025-10-21 15:35:00', '', 1, 1, 0, 1, 1, 0, 1, 1, 0, 0, 1, 1, 0, 1, 0, 0, 0, 0, 0, 0, 0, 0, 0, 0, 0, 0, 0, 1),
(86, 109, 7, '2025-10-21 17:10:00', '', 0, 0, 0, 1, 0, 0, 0, 0, 0, 0, 0, 0, 0, 0, 0, 0, 0, 0, 0, 0, 0, 0, 1, 0, 1, 0, 0, 0),
(87, 110, 8, '2025-10-21 17:10:00', '', 0, 0, 0, 1, 0, 0, 0, 0, 0, 0, 0, 0, 0, 0, 0, 0, 0, 0, 0, 0, 0, 0, 0, 0, 0, 0, 0, 0),
(88, 111, 5, '2025-10-21 17:10:00', '', 1, 1, 0, 1, 1, 1, 1, 1, 0, 1, 0, 0, 1, 0, 0, 0, 0, 0, 0, 0, 0, 0, 1, 1, 0, 0, 0, 0),
(89, 112, 6, '2025-10-22 15:35:00', '', 0, 0, 0, 0, 0, 0, 0, 0, 0, 0, 0, 0, 0, 0, 0, 1, 0, 0, 0, 0, 0, 0, 0, 0, 0, 0, 0, 0),
(90, 113, 22, '2025-10-22 17:10:00', '', 1, 1, 0, 1, 1, 0, 1, 1, 0, 0, 0, 0, 1, 0, 0, 0, 0, 0, 0, 0, 0, 0, 1, 0, 0, 0, 0, 0),
(91, 114, 7, '2025-10-22 17:10:00', '', 0, 0, 0, 1, 0, 0, 0, 0, 0, 0, 0, 0, 0, 0, 0, 0, 0, 0, 0, 0, 0, 0, 0, 0, 0, 0, 0, 0),
(92, 115, 14, '2025-10-22 17:10:00', '', 0, 0, 0, 0, 0, 0, 0, 0, 0, 0, 0, 0, 0, 0, 0, 0, 0, 0, 0, 0, 0, 1, 1, 0, 0, 0, 0, 0),
(93, 116, 16, '2025-10-23 15:35:00', '', 1, 1, 0, 1, 0, 1, 0, 0, 0, 1, 1, 0, 1, 1, 1, 1, 0, 1, 0, 1, 0, 1, 1, 0, 1, 1, 1, 1),
(94, 117, 15, '2025-10-23 15:35:00', '', 0, 0, 0, 0, 0, 0, 0, 0, 0, 0, 0, 0, 0, 0, 0, 0, 0, 0, 0, 0, 0, 0, 0, 0, 0, 0, 0, 0),
(95, 118, 18, '2025-10-23 15:35:00', '', 0, 0, 0, 0, 0, 0, 0, 0, 0, 0, 0, 0, 0, 1, 0, 0, 0, 0, 0, 0, 0, 0, 0, 0, 0, 0, 0, 0),
(96, 119, 18, '2025-10-23 17:10:00', '', 0, 0, 0, 0, 0, 0, 0, 0, 0, 0, 0, 0, 0, 0, 0, 0, 0, 0, 0, 0, 0, 1, 0, 0, 0, 0, 0, 0),
(97, 120, 16, '2025-10-23 17:10:00', '', 0, 0, 0, 0, 0, 1, 0, 0, 0, 0, 0, 0, 0, 0, 0, 0, 0, 0, 0, 0, 0, 0, 0, 0, 0, 0, 0, 0),
(98, 121, 17, '2025-10-23 17:10:00', '', 1, 0, 0, 0, 0, 1, 0, 0, 0, 1, 0, 0, 1, 0, 0, 0, 0, 0, 0, 0, 0, 0, 0, 0, 0, 0, 0, 0),
(99, 122, 20, '2025-10-24 15:35:00', '', 0, 0, 0, 1, 0, 0, 0, 0, 0, 0, 0, 0, 1, 0, 0, 0, 0, 0, 0, 0, 0, 0, 0, 0, 0, 0, 0, 0),
(100, 123, 6, '2025-10-24 15:35:00', '', 0, 0, 1, 0, 0, 0, 0, 0, 0, 1, 0, 0, 0, 0, 0, 0, 0, 0, 0, 0, 0, 0, 0, 0, 0, 0, 0, 0),
(101, 124, 4, '2025-10-24 15:35:00', '', 0, 0, 0, 0, 1, 1, 0, 0, 0, 0, 0, 0, 0, 0, 0, 0, 0, 0, 0, 0, 0, 0, 0, 0, 0, 0, 0, 1),
(102, 126, 4, '2025-10-27 15:35:00', '', 1, 0, 1, 0, 1, 0, 0, 0, 0, 0, 0, 0, 0, 0, 0, 0, 0, 0, 0, 0, 0, 0, 0, 0, 0, 0, 0, 0),
(103, 127, 16, '2025-10-27 17:10:00', '', 0, 0, 0, 0, 0, 0, 0, 0, 1, 0, 0, 0, 0, 0, 0, 0, 0, 0, 0, 0, 0, 1, 1, 0, 1, 0, 0, 0),
(104, 128, 21, '2025-10-27 17:10:00', '', 0, 0, 0, 0, 0, 0, 0, 0, 0, 0, 0, 0, 0, 0, 0, 0, 0, 0, 0, 0, 0, 0, 0, 0, 0, 0, 0, 1),
(105, 129, 16, '2025-10-27 17:10:00', '', 0, 0, 0, 0, 0, 0, 0, 0, 0, 0, 0, 0, 0, 0, 0, 0, 0, 0, 0, 0, 0, 0, 0, 0, 0, 0, 0, 0),
(106, 130, 20, '2025-10-27 17:10:00', '', 0, 0, 0, 1, 0, 0, 0, 0, 0, 0, 0, 0, 0, 0, 0, 0, 0, 0, 0, 0, 0, 0, 0, 0, 0, 0, 0, 0),
(107, 131, 23, '2025-10-27 17:10:00', '', 1, 0, 0, 1, 1, 0, 0, 0, 0, 0, 0, 0, 0, 0, 0, 0, 0, 0, 0, 0, 0, 0, 1, 0, 0, 0, 0, 0),
(108, 132, 8, '2025-10-28 17:10:00', '', 0, 0, 0, 0, 0, 1, 0, 0, 0, 0, 0, 0, 0, 0, 0, 0, 0, 0, 0, 0, 0, 0, 0, 0, 0, 0, 0, 0),
(109, 133, 9, '2025-10-28 17:10:00', '', 1, 1, 0, 0, 1, 1, 0, 1, 0, 0, 0, 0, 0, 1, 1, 1, 1, 0, 0, 1, 0, 1, 0, 1, 1, 0, 1, 0),
(110, 134, 5, '2025-10-28 17:10:00', '', 1, 1, 0, 1, 1, 1, 1, 1, 0, 1, 0, 1, 1, 1, 0, 0, 0, 0, 0, 0, 0, 0, 1, 0, 0, 0, 0, 0),
(111, 135, 2, '2025-10-29 15:35:00', '', 0, 1, 0, 0, 0, 0, 0, 0, 0, 0, 0, 0, 1, 0, 0, 0, 0, 0, 0, 0, 0, 0, 1, 0, 0, 0, 0, 0),
(112, 138, 11, '2025-10-29 15:35:00', '', 0, 0, 0, 0, 0, 0, 0, 0, 1, 0, 0, 0, 0, 0, 0, 0, 0, 0, 0, 0, 0, 0, 0, 1, 0, 0, 0, 0),
(113, 139, 6, '2025-10-29 15:35:00', '', 0, 0, 0, 0, 0, 0, 0, 0, 0, 0, 0, 0, 0, 0, 0, 0, 1, 1, 0, 0, 0, 0, 0, 1, 0, 0, 0, 0),
(114, 140, 7, '2025-10-29 17:10:00', '', 0, 1, 0, 0, 0, 0, 0, 0, 0, 0, 0, 0, 0, 0, 0, 0, 0, 0, 0, 0, 0, 0, 0, 0, 0, 0, 0, 0),
(115, 141, 22, '2025-10-29 17:10:00', '', 0, 1, 0, 1, 1, 1, 0, 0, 0, 0, 0, 0, 0, 0, 0, 0, 0, 0, 0, 0, 0, 0, 1, 0, 0, 0, 0, 0),
(116, 142, 14, '2025-10-29 17:10:00', '', 1, 0, 1, 1, 1, 0, 0, 1, 0, 1, 0, 0, 1, 1, 0, 0, 0, 0, 0, 0, 0, 0, 1, 0, 0, 0, 0, 1),
(117, 143, 9, '2025-10-30 15:35:00', '', 1, 1, 1, 1, 1, 1, 1, 1, 0, 1, 0, 1, 1, 1, 0, 1, 0, 0, 0, 0, 0, 0, 1, 0, 1, 1, 0, 1),
(118, 145, 18, '2025-10-30 17:10:00', '', 0, 0, 0, 0, 0, 0, 0, 0, 0, 1, 0, 0, 0, 0, 0, 0, 0, 0, 0, 0, 0, 1, 0, 1, 0, 0, 0, 0),
(119, 146, 19, '2025-10-30 17:10:00', '', 0, 0, 0, 0, 1, 0, 0, 0, 0, 0, 0, 0, 0, 0, 0, 0, 0, 0, 0, 0, 0, 0, 0, 0, 0, 0, 0, 1),
(120, 147, 16, '2025-10-30 17:10:00', '', 0, 0, 0, 0, 0, 0, 0, 0, 0, 0, 0, 0, 0, 0, 0, 0, 0, 0, 0, 0, 0, 0, 0, 0, 0, 0, 0, 0),
(121, 148, 17, '2025-10-30 17:10:00', '', 1, 0, 0, 0, 0, 1, 1, 0, 1, 1, 0, 0, 1, 0, 0, 0, 0, 0, 0, 0, 0, 0, 0, 0, 0, 0, 0, 0),
(122, 172, 2, '2025-11-03 15:35:00', '', 0, 0, 0, 0, 0, 0, 0, 1, 0, 0, 0, 0, 1, 0, 0, 0, 0, 0, 0, 0, 0, 0, 1, 0, 0, 0, 0, 0),
(123, 176, 20, '2025-11-03 17:10:00', '', 0, 1, 0, 0, 0, 0, 0, 0, 0, 0, 0, 0, 0, 0, 0, 0, 0, 0, 0, 0, 0, 0, 0, 0, 0, 0, 0, 0),
(124, 177, 21, '2025-11-03 17:10:00', '', 0, 0, 0, 0, 1, 0, 0, 0, 0, 0, 0, 0, 0, 0, 0, 0, 0, 0, 0, 0, 0, 0, 0, 0, 0, 0, 0, 0),
(125, 178, 21, '2025-11-03 17:10:00', '', 0, 0, 0, 0, 1, 0, 0, 0, 0, 0, 0, 0, 0, 0, 0, 0, 0, 0, 0, 0, 0, 0, 0, 0, 0, 0, 0, 0),
(126, 179, 16, '2025-11-03 17:10:00', '', 1, 0, 0, 1, 1, 1, 0, 0, 1, 0, 0, 0, 0, 0, 0, 0, 0, 0, 0, 0, 0, 0, 1, 0, 0, 0, 1, 0),
(127, 180, 23, '2025-11-03 17:10:00', '', 0, 0, 0, 0, 0, 0, 0, 0, 0, 0, 0, 0, 0, 0, 0, 0, 0, 0, 0, 0, 0, 0, 1, 0, 0, 0, 0, 0),
(128, 181, 3, '2025-11-04 15:35:00', '', 1, 0, 0, 0, 0, 0, 0, 0, 0, 0, 1, 0, 1, 0, 1, 0, 0, 0, 0, 0, 1, 0, 0, 0, 0, 0, 0, 0),
(129, 182, 8, '2025-11-04 17:10:00', '', 0, 1, 0, 0, 0, 0, 0, 0, 0, 0, 0, 0, 0, 0, 0, 0, 0, 0, 0, 0, 0, 0, 0, 0, 0, 0, 0, 0),
(130, 183, 5, '2025-11-04 17:10:00', '', 0, 0, 0, 0, 1, 1, 1, 1, 1, 1, 0, 1, 1, 1, 1, 0, 0, 0, 0, 0, 0, 0, 1, 1, 0, 0, 0, 0),
(131, 184, 9, '2025-11-04 17:10:00', '', 0, 0, 0, 0, 1, 0, 0, 0, 0, 0, 0, 0, 0, 0, 0, 0, 0, 0, 0, 0, 0, 0, 0, 0, 0, 0, 0, 0),
(132, 185, 9, '2025-11-06 15:35:00', '', 1, 0, 1, 1, 1, 0, 1, 1, 0, 1, 0, 0, 1, 0, 0, 0, 0, 0, 0, 0, 1, 1, 1, 0, 0, 0, 0, 1),
(133, 187, 15, '2025-11-06 15:35:00', '', 1, 0, 1, 0, 0, 0, 0, 0, 0, 1, 0, 0, 0, 0, 0, 0, 0, 1, 0, 0, 0, 1, 0, 0, 0, 0, 0, 0),
(134, 189, 18, '2025-11-06 17:10:00', '', 0, 0, 0, 0, 0, 0, 0, 0, 0, 0, 0, 0, 0, 0, 1, 0, 0, 0, 0, 0, 0, 0, 0, 0, 0, 0, 0, 0),
(135, 190, 16, '2025-11-06 17:10:00', '', 1, 1, 0, 1, 1, 1, 1, 1, 1, 1, 0, 1, 1, 1, 0, 0, 0, 0, 0, 0, 0, 0, 1, 0, 0, 0, 1, 1),
(136, 191, 19, '2025-11-06 17:10:00', '', 0, 0, 0, 0, 0, 0, 0, 0, 0, 0, 0, 0, 0, 1, 0, 0, 0, 0, 0, 0, 0, 0, 0, 0, 0, 0, 0, 0),
(137, 192, 17, '2025-11-06 17:10:00', '', 1, 0, 0, 0, 0, 1, 1, 0, 1, 0, 0, 0, 1, 0, 0, 0, 0, 0, 0, 0, 0, 0, 0, 0, 0, 0, 0, 0),
(138, 193, 22, '2025-11-06 17:10:00', '', 1, 1, 0, 0, 0, 0, 1, 1, 0, 0, 0, 0, 0, 0, 0, 0, 0, 0, 0, 0, 0, 0, 1, 0, 0, 0, 0, 0),
(139, 194, 6, '2025-11-07 15:35:00', '', 0, 0, 1, 0, 0, 0, 1, 1, 0, 1, 0, 0, 1, 1, 0, 0, 0, 0, 0, 0, 0, 0, 0, 0, 0, 0, 0, 0),
(140, 195, 11, '2025-11-07 15:35:00', '', 0, 0, 0, 0, 0, 0, 0, 0, 0, 0, 0, 0, 1, 0, 0, 0, 0, 0, 0, 0, 0, 0, 0, 0, 0, 0, 0, 0),
(141, 196, 24, '2025-11-07 15:35:00', '', 0, 1, 1, 1, 0, 0, 0, 0, 0, 0, 0, 0, 0, 0, 0, 0, 0, 0, 0, 0, 0, 0, 0, 0, 0, 0, 0, 0);

-- --------------------------------------------------------

--
-- Tabellenstruktur für Tabelle `mtr_ethik`
--

CREATE TABLE `mtr_ethik` (
  `belastung_score` decimal(2,1) NOT NULL DEFAULT '0.0',
  `autonomie_empfinden` decimal(2,1) NOT NULL DEFAULT '0.0',
  `gerechtigkeit_empfinden` decimal(2,1) NOT NULL DEFAULT '0.0',
  `vertrauen_in_lehrkraft` decimal(2,1) NOT NULL DEFAULT '0.0'
) ENGINE=InnoDB DEFAULT CHARSET=utf8mb4;

-- --------------------------------------------------------

--
-- Tabellenstruktur für Tabelle `mtr_leistung`
--

CREATE TABLE `mtr_leistung` (
  `id` int(11) NOT NULL,
  `ue_zuweisung_teilnehmer_id` int(11) NOT NULL,
  `datum` datetime NOT NULL DEFAULT CURRENT_TIMESTAMP,
  `teilnehmer_id` int(11) NOT NULL,
  `lernfortschritt` decimal(2,1) DEFAULT '4.0',
  `beherrscht_thema` decimal(2,1) DEFAULT '4.0',
  `transferdenken` decimal(2,1) DEFAULT '4.0',
  `basiswissen` decimal(2,1) DEFAULT '4.0',
  `vorbereitet` decimal(2,1) DEFAULT '4.0',
  `belastbarkeit` decimal(2,1) NOT NULL DEFAULT '4.0',
  `note` decimal(2,1) NOT NULL DEFAULT '4.0',
  `leistung` decimal(4,2) NOT NULL,
  `gruppe_id` int(11) NOT NULL,
  `bewertung` char(1) NOT NULL,
  `verhaltensbeurteilung_code` varchar(255) DEFAULT '' COMMENT 'Zusätzlicher Code zur Bewertung z.B. Chips-Auswahl',
  `reflexionshinweis` text COMMENT 'Freitext für didaktische oder diagnostische Reflexion'
) ENGINE=InnoDB DEFAULT CHARSET=utf8mb4;

--
-- Daten für Tabelle `mtr_leistung`
--

INSERT INTO `mtr_leistung` (`id`, `ue_zuweisung_teilnehmer_id`, `datum`, `teilnehmer_id`, `lernfortschritt`, `beherrscht_thema`, `transferdenken`, `basiswissen`, `vorbereitet`, `belastbarkeit`, `note`, `leistung`, `gruppe_id`, `bewertung`, `verhaltensbeurteilung_code`, `reflexionshinweis`) VALUES
(1, 3, '2025-09-09 17:10:00', 9, '4.0', '4.0', '4.0', '4.0', '4.0', '4.0', '4.0', '0.00', 4, '0', '', NULL),
(2, 4, '2025-09-09 17:10:00', 7, '4.0', '4.0', '4.0', '4.0', '4.0', '4.0', '4.0', '0.00', 6, '0', '', NULL),
(3, 5, '2025-09-09 17:10:00', 8, '4.0', '4.0', '4.0', '4.0', '4.0', '4.0', '4.0', '0.00', 4, '0', '', NULL),
(4, 6, '2025-09-09 17:10:00', 5, '4.0', '4.0', '4.0', '4.0', '4.0', '4.0', '4.0', '0.00', 4, '0', '', NULL),
(5, 11, '2025-09-11 15:35:00', 9, '4.0', '4.0', '4.0', '4.0', '4.0', '4.0', '4.0', '0.00', 4, '0', '', NULL),
(6, 12, '2025-09-11 15:35:00', 15, '4.0', '4.0', '4.0', '4.0', '4.0', '4.0', '4.0', '0.00', 7, '0', '', NULL),
(7, 13, '2025-09-11 15:35:00', 10, '4.0', '4.0', '4.0', '4.0', '4.0', '4.0', '4.0', '0.00', 7, '0', '', NULL),
(8, 14, '2025-09-11 17:10:00', 16, '4.0', '4.0', '4.0', '4.0', '4.0', '4.0', '4.0', '0.00', 2, '0', '', NULL),
(9, 15, '2025-09-11 17:10:00', 9, '4.0', '4.0', '4.0', '4.0', '4.0', '4.0', '4.0', '0.00', 4, '0', '', NULL),
(10, 16, '2025-09-11 17:10:00', 18, '4.0', '4.0', '4.0', '4.0', '4.0', '4.0', '4.0', '0.00', 8, '0', '', NULL),
(11, 17, '2025-09-11 17:10:00', 17, '4.0', '4.0', '4.0', '4.0', '4.0', '4.0', '4.0', '0.00', 8, '0', '', NULL),
(12, 18, '2025-09-11 17:10:00', 19, '4.0', '4.0', '4.0', '4.0', '4.0', '4.0', '4.0', '0.00', 8, '0', '', NULL),
(13, 19, '2025-09-09 15:35:00', 3, '4.0', '4.0', '4.0', '4.0', '4.0', '4.0', '4.0', '0.00', 3, '0', '', NULL),
(14, 24, '2025-09-10 15:35:00', 6, '4.0', '4.0', '4.0', '4.0', '4.0', '4.0', '4.0', '0.00', 5, '0', '', NULL),
(15, 25, '2025-09-10 15:35:00', 11, '4.0', '4.0', '4.0', '4.0', '4.0', '4.0', '4.0', '0.00', 5, '0', '', NULL),
(16, 26, '2025-09-10 17:10:00', 7, '4.0', '4.0', '4.0', '4.0', '4.0', '4.0', '4.0', '0.00', 6, '0', '', NULL),
(17, 27, '2025-09-10 17:10:00', 12, '4.0', '4.0', '4.0', '4.0', '4.0', '4.0', '4.0', '0.00', 2, '0', '', NULL),
(18, 28, '2025-09-10 17:10:00', 14, '4.0', '4.0', '4.0', '4.0', '4.0', '4.0', '4.0', '0.00', 6, '0', '', NULL),
(19, 29, '2025-09-10 17:10:00', 13, '4.0', '4.0', '4.0', '4.0', '4.0', '4.0', '4.0', '0.00', 6, '0', '', NULL),
(20, 30, '2025-09-10 17:10:00', 22, '4.0', '4.0', '4.0', '4.0', '4.0', '4.0', '4.0', '0.00', 6, '0', '', NULL),
(21, 33, '2025-09-15 15:35:00', 2, '4.0', '4.0', '4.0', '4.0', '4.0', '4.0', '4.0', '0.00', 1, '0', '', NULL),
(22, 34, '2025-09-15 17:10:00', 21, '4.0', '4.0', '4.0', '4.0', '4.0', '4.0', '4.0', '0.00', 2, '0', '', NULL),
(23, 35, '2025-09-15 17:10:00', 16, '4.0', '4.0', '4.0', '4.0', '4.0', '4.0', '4.0', '0.00', 2, '0', '', NULL),
(24, 36, '2025-09-15 17:10:00', 20, '4.0', '4.0', '4.0', '4.0', '4.0', '4.0', '4.0', '0.00', 2, '0', '', NULL),
(25, 37, '2025-09-15 17:10:00', 23, '4.0', '4.0', '4.0', '4.0', '4.0', '4.0', '4.0', '0.00', 2, '0', '', NULL),
(26, 38, '2025-09-17 15:35:00', 10, '4.0', '4.0', '4.0', '4.0', '4.0', '4.0', '4.0', '0.00', 7, '0', '', NULL),
(27, 39, '2025-09-17 15:35:00', 2, '4.0', '4.0', '4.0', '4.0', '4.0', '4.0', '4.0', '0.00', 1, '0', '', NULL),
(28, 40, '2025-09-10 17:10:00', 12, '4.0', '4.0', '4.0', '4.0', '4.0', '4.0', '4.0', '0.00', 2, '0', '', NULL),
(29, 41, '2025-09-10 17:10:00', 14, '4.0', '4.0', '4.0', '4.0', '4.0', '4.0', '4.0', '0.00', 6, '0', '', NULL),
(30, 42, '2025-09-19 15:35:00', 6, '4.0', '4.0', '4.0', '4.0', '4.0', '4.0', '4.0', '0.00', 5, '0', '', NULL),
(31, 43, '2025-09-19 15:35:00', 20, '4.0', '4.0', '4.0', '4.0', '4.0', '4.0', '4.0', '0.00', 2, '0', '', NULL),
(32, 44, '2025-09-19 15:35:00', 11, '4.0', '4.0', '4.0', '4.0', '4.0', '4.0', '4.0', '0.00', 5, '0', '', NULL),
(33, 45, '2025-09-19 15:35:00', 24, '4.0', '4.0', '4.0', '4.0', '4.0', '4.0', '4.0', '0.00', 9, '0', '', NULL),
(34, 46, '2025-09-19 15:35:00', 4, '4.0', '4.0', '4.0', '4.0', '4.0', '4.0', '4.0', '0.00', 9, '0', '', NULL),
(35, 47, '2025-09-22 15:35:00', 2, '1.0', '2.0', '2.0', '4.0', '1.0', '4.0', '4.5', '0.00', 1, '0', '', NULL),
(36, 48, '2025-09-22 17:10:00', 16, '2.0', '3.0', '3.0', '4.0', '2.0', '4.0', '4.0', '0.00', 2, '0', '', NULL),
(37, 49, '2025-09-22 17:10:00', 13, '1.0', '2.0', '3.0', '4.0', '1.0', '4.0', '4.0', '0.00', 6, '0', '', NULL),
(38, 50, '2025-09-22 17:10:00', 21, '1.0', '1.0', '2.0', '4.0', '2.0', '4.0', '4.0', '0.00', 2, '0', '', NULL),
(39, 51, '2025-09-22 17:10:00', 20, '2.0', '1.0', '2.0', '4.0', '2.0', '4.0', '4.0', '0.00', 2, '0', '', NULL),
(40, 52, '2025-09-22 17:10:00', 23, '2.0', '2.0', '3.0', '4.0', '2.0', '4.0', '4.0', '0.00', 2, '0', '', NULL),
(41, 53, '2025-09-23 15:35:00', 16, '1.0', '1.0', '1.0', '4.0', '1.0', '4.0', '4.0', '0.00', 2, '0', '', NULL),
(42, 54, '2025-09-23 17:10:00', 9, '3.0', '3.0', '2.0', '4.0', '4.0', '4.0', '3.7', '0.00', 4, '0', '', NULL),
(43, 55, '2025-09-23 17:10:00', 8, '3.0', '3.0', '2.0', '4.0', '2.0', '4.0', '4.0', '0.00', 4, '0', '', NULL),
(44, 56, '2025-09-23 17:10:00', 24, '1.0', '2.0', '2.0', '4.0', '3.0', '4.0', '4.0', '0.00', 9, '0', '', NULL),
(45, 58, '2025-09-24 15:35:00', 6, '2.0', '2.0', '2.0', '4.0', '2.0', '4.0', '4.5', '0.00', 5, '0', '', NULL),
(46, 59, '2025-09-24 15:35:00', 4, '1.0', '4.0', '3.0', '4.0', '3.0', '4.0', '4.0', '0.00', 9, '0', '', NULL),
(47, 60, '2025-09-24 17:10:00', 7, '2.0', '2.0', '2.0', '4.0', '2.0', '4.0', '4.9', '0.00', 6, '0', '', NULL),
(48, 61, '2025-09-24 17:10:00', 14, '1.0', '2.0', '2.0', '4.0', '1.0', '4.0', '4.0', '0.00', 6, '0', '', NULL),
(49, 62, '2025-09-24 17:10:00', 22, '3.0', '4.0', '3.0', '4.0', '2.0', '4.0', '4.0', '0.00', 6, '0', '', NULL),
(50, 63, '2025-09-24 17:10:00', 13, '2.0', '2.0', '2.0', '4.0', '2.0', '4.0', '4.0', '0.00', 6, '0', '', NULL),
(51, 64, '2025-09-25 15:35:00', 9, '0.0', '1.0', '2.0', '4.0', '3.0', '4.0', '3.7', '0.00', 4, '0', '', NULL),
(52, 65, '2025-09-25 15:35:00', 15, '2.0', '3.0', '3.0', '4.0', '2.0', '4.0', '4.0', '0.00', 7, '0', '', NULL),
(53, 67, '2025-09-25 17:10:00', 18, '1.0', '1.0', '2.0', '4.0', '1.0', '4.0', '4.0', '0.00', 8, '0', '', NULL),
(54, 68, '2025-09-25 17:10:00', 16, '1.0', '2.0', '1.0', '4.0', '1.0', '4.0', '4.0', '0.00', 2, '0', '', NULL),
(55, 69, '2025-09-25 17:10:00', 19, '1.0', '2.0', '2.0', '4.0', '1.0', '4.0', '4.0', '0.00', 8, '0', '', NULL),
(56, 70, '2025-09-25 17:10:00', 17, '3.0', '4.0', '4.0', '4.0', '1.0', '4.0', '4.0', '0.00', 8, '0', '', NULL),
(57, 71, '2025-09-26 15:35:00', 4, '2.0', '4.0', '2.0', '4.0', '4.0', '4.0', '4.0', '0.00', 9, '0', '', NULL),
(58, 72, '2025-09-26 15:35:00', 20, '2.0', '2.0', '2.0', '4.0', '1.0', '4.0', '4.0', '0.00', 2, '0', '', NULL),
(59, 73, '2025-09-26 15:35:00', 24, '1.0', '2.0', '2.0', '4.0', '2.0', '4.0', '4.0', '0.00', 9, '0', '', NULL),
(61, 75, '2025-09-29 15:35:00', 2, '3.0', '3.0', '3.0', '4.0', '2.0', '4.0', '3.0', '0.00', 1, '0', '', NULL),
(62, 76, '2025-09-29 17:10:00', 21, '1.0', '2.0', '2.0', '4.0', '3.0', '4.0', '4.0', '0.00', 2, '0', '', NULL),
(63, 77, '2025-09-29 17:10:00', 20, '2.0', '2.0', '2.0', '4.0', '1.0', '4.0', '4.0', '0.00', 2, '0', '', NULL),
(64, 78, '2025-09-29 17:10:00', 16, '1.0', '2.0', '1.0', '4.0', '1.0', '4.0', '4.0', '0.00', 2, '0', '', NULL),
(65, 79, '2025-09-29 17:10:00', 23, '3.0', '3.0', '2.0', '4.0', '2.0', '4.0', '4.0', '0.00', 2, '0', '', NULL),
(66, 80, '2025-09-30 15:35:00', 3, '2.0', '2.0', '2.0', '4.0', '1.0', '4.0', '4.0', '0.00', 3, '0', '', NULL),
(67, 81, '2025-09-30 17:10:00', 7, '3.0', '1.0', '2.0', '4.0', '2.0', '4.0', '4.9', '0.00', 6, '0', '', NULL),
(68, 82, '2025-09-30 17:10:00', 9, '2.0', '5.0', '1.0', '4.0', '3.0', '4.0', '3.7', '0.00', 4, '0', '', NULL),
(69, 83, '2025-09-30 17:10:00', 8, '3.0', '1.0', '2.0', '4.0', '2.0', '4.0', '4.0', '0.00', 4, '0', '', NULL),
(70, 84, '2025-09-30 17:10:00', 24, '1.0', '2.0', '3.0', '4.0', '2.0', '4.0', '4.0', '0.00', 9, '0', '', NULL),
(71, 85, '2025-09-30 17:10:00', 5, '1.0', '2.0', '2.0', '4.0', '1.0', '4.0', '4.3', '0.00', 4, '0', '', NULL),
(72, 86, '2025-10-01 15:35:00', 6, '2.0', '2.0', '2.0', '4.0', '2.0', '4.0', '4.5', '0.00', 5, '0', '', NULL),
(73, 87, '2025-10-01 15:35:00', 11, '1.0', '2.0', '2.0', '4.0', '2.0', '4.0', '5.0', '0.00', 5, '0', '', NULL),
(74, 88, '2025-10-01 15:35:00', 2, '1.0', '2.0', '1.0', '4.0', '1.0', '4.0', '3.0', '0.00', 1, '0', '', NULL),
(75, 90, '2025-10-01 17:10:00', 12, '1.0', '1.0', '1.0', '4.0', '1.0', '4.0', '4.0', '0.00', 2, '0', '', NULL),
(76, 91, '2025-10-01 17:10:00', 14, '2.0', '2.0', '2.0', '4.0', '1.0', '4.0', '4.0', '0.00', 6, '0', '', NULL),
(77, 92, '2025-10-01 17:10:00', 22, '2.0', '3.0', '3.0', '4.0', '2.0', '4.0', '4.0', '0.00', 6, '0', '', NULL),
(78, 93, '2025-10-02 15:35:00', 9, '2.0', '1.0', '2.0', '4.0', '2.0', '4.0', '3.7', '0.00', 4, '0', '', NULL),
(79, 95, '2025-10-02 17:10:00', 18, '2.0', '2.0', '1.0', '4.0', '2.0', '4.0', '4.0', '0.00', 8, '0', '', NULL),
(80, 96, '2025-10-02 17:10:00', 16, '2.0', '2.0', '2.0', '4.0', '1.0', '4.0', '4.0', '0.00', 2, '0', '', NULL),
(81, 97, '2025-10-02 17:10:00', 19, '2.0', '2.0', '2.0', '4.0', '2.0', '4.0', '4.0', '0.00', 8, '0', '', NULL),
(82, 98, '2025-10-02 17:10:00', 17, '3.0', '3.0', '3.0', '4.0', '1.0', '4.0', '4.0', '0.00', 8, '0', '', NULL),
(83, 99, '2025-10-07 17:10:00', 22, '2.0', '3.0', '3.0', '4.0', '2.0', '4.0', '4.0', '0.00', 6, '0', '', NULL),
(84, 100, '2025-10-07 17:10:00', 8, '2.0', '2.0', '2.0', '4.0', '1.0', '4.0', '4.0', '0.00', 4, '0', '', NULL),
(85, 101, '2025-10-07 17:10:00', 13, '1.0', '1.0', '1.0', '4.0', '1.0', '4.0', '4.0', '0.00', 6, '0', '', NULL),
(86, 102, '2025-10-20 15:35:00', 2, '1.0', '1.0', '2.0', '4.0', '2.0', '4.0', '3.0', '0.00', 1, '0', '', NULL),
(87, 104, '2025-10-20 17:10:00', 21, '3.0', '3.0', '3.0', '4.0', '3.0', '4.0', '4.0', '0.00', 2, '0', '', NULL),
(88, 105, '2025-10-20 17:10:00', 21, '3.0', '3.0', '3.0', '4.0', '3.0', '4.0', '4.0', '0.00', 2, '0', '', NULL),
(89, 106, '2025-10-20 17:10:00', 20, '1.0', '2.0', '2.0', '4.0', '2.0', '4.0', '4.0', '0.00', 2, '0', '', NULL),
(90, 107, '2025-10-20 17:10:00', 23, '2.0', '2.0', '2.0', '4.0', '2.0', '4.0', '4.0', '0.00', 2, '0', '', NULL),
(91, 108, '2025-10-21 15:35:00', 3, '1.0', '1.0', '1.0', '4.0', '1.0', '4.0', '4.0', '0.00', 3, '0', '', NULL),
(92, 109, '2025-10-21 17:10:00', 7, '3.0', '3.0', '3.0', '4.0', '1.0', '4.0', '4.9', '0.00', 6, '0', '', NULL),
(93, 110, '2025-10-21 17:10:00', 8, '3.0', '2.0', '2.0', '4.0', '2.0', '4.0', '4.0', '0.00', 4, '0', '', NULL),
(94, 111, '2025-10-21 17:10:00', 5, '2.0', '2.0', '3.0', '4.0', '1.0', '4.0', '4.3', '0.00', 4, '0', '', NULL),
(95, 112, '2025-10-22 15:35:00', 6, '3.0', '3.0', '3.0', '4.0', '3.0', '4.0', '4.5', '0.00', 5, '0', '', NULL),
(96, 113, '2025-10-22 17:10:00', 22, '2.0', '3.0', '3.0', '4.0', '1.0', '4.0', '4.0', '0.00', 6, '0', '', NULL),
(97, 114, '2025-10-22 17:10:00', 7, '2.0', '3.0', '3.0', '4.0', '2.0', '4.0', '4.9', '0.00', 6, '0', '', NULL),
(98, 115, '2025-10-22 17:10:00', 14, '2.0', '1.0', '2.0', '4.0', '2.0', '4.0', '4.0', '0.00', 6, '0', '', NULL),
(99, 116, '2025-10-23 15:35:00', 16, '1.0', '1.0', '1.0', '4.0', '1.0', '4.0', '4.0', '0.00', 2, '0', '', NULL),
(100, 117, '2025-10-23 15:35:00', 15, '2.0', '4.0', '2.0', '4.0', '2.0', '4.0', '4.0', '0.00', 7, '0', '', NULL),
(101, 118, '2025-10-23 15:35:00', 18, '2.0', '1.0', '2.0', '4.0', '2.0', '4.0', '4.0', '0.00', 8, '0', '', NULL),
(102, 119, '2025-10-23 17:10:00', 18, '3.0', '3.0', '2.0', '4.0', '2.0', '4.0', '4.0', '0.00', 8, '0', '', NULL),
(103, 120, '2025-10-23 17:10:00', 16, '3.0', '3.0', '2.0', '4.0', '1.0', '4.0', '4.0', '0.00', 2, '0', '', NULL),
(104, 121, '2025-10-23 17:10:00', 17, '1.0', '3.0', '3.0', '4.0', '1.0', '4.0', '4.0', '0.00', 8, '0', '', NULL),
(105, 122, '2025-10-24 15:35:00', 20, '2.0', '2.0', '2.0', '4.0', '2.0', '4.0', '4.0', '0.00', 2, '0', '', NULL),
(106, 123, '2025-10-24 15:35:00', 6, '2.0', '2.0', '2.0', '4.0', '2.0', '4.0', '4.5', '0.00', 5, '0', '', NULL),
(107, 124, '2025-10-24 15:35:00', 4, '2.0', '3.0', '4.0', '4.0', '4.0', '4.0', '4.0', '0.00', 9, '0', '', NULL),
(108, 126, '2025-10-27 15:35:00', 4, '2.0', '2.0', '3.0', '4.0', '2.0', '4.0', '4.0', '0.00', 9, '0', '', NULL),
(109, 127, '2025-10-27 17:10:00', 16, '2.0', '3.0', '3.0', '4.0', '2.0', '4.0', '4.0', '0.00', 2, '0', '', NULL),
(110, 128, '2025-10-27 17:10:00', 21, '2.0', '2.0', '2.0', '4.0', '1.0', '4.0', '4.0', '0.00', 2, '0', '', NULL),
(111, 129, '2025-10-27 17:10:00', 16, '0.0', '0.0', '0.0', '4.0', '0.0', '4.0', '4.0', '0.00', 2, '0', '', NULL),
(112, 130, '2025-10-27 17:10:00', 20, '2.0', '2.0', '2.0', '4.0', '2.0', '4.0', '4.0', '0.00', 2, '0', '', NULL),
(113, 131, '2025-10-27 17:10:00', 23, '2.0', '2.0', '2.0', '4.0', '2.0', '4.0', '4.0', '0.00', 2, '0', '', NULL),
(114, 132, '2025-10-28 17:10:00', 8, '2.0', '3.0', '2.0', '4.0', '2.0', '4.0', '4.0', '0.00', 4, '0', '', NULL),
(115, 133, '2025-10-28 17:10:00', 9, '3.0', '2.0', '2.0', '4.0', '2.0', '4.0', '3.7', '0.00', 4, '0', '', NULL),
(116, 134, '2025-10-28 17:10:00', 5, '2.0', '0.0', '3.0', '4.0', '1.0', '4.0', '4.3', '0.00', 4, '0', '', NULL),
(117, 135, '2025-10-29 15:35:00', 2, '1.0', '1.0', '2.0', '4.0', '1.0', '4.0', '3.0', '0.00', 1, '0', '', NULL),
(118, 138, '2025-10-29 15:35:00', 11, '3.0', '3.0', '2.0', '4.0', '3.0', '4.0', '5.0', '0.00', 5, '0', '', NULL),
(119, 139, '2025-10-29 15:35:00', 6, '3.0', '2.0', '3.0', '4.0', '2.0', '4.0', '4.5', '0.00', 5, '0', '', NULL),
(120, 140, '2025-10-29 17:10:00', 7, '2.0', '2.0', '1.0', '4.0', '1.0', '4.0', '4.9', '0.00', 6, '0', '', NULL),
(121, 141, '2025-10-29 17:10:00', 22, '3.0', '3.0', '3.0', '4.0', '2.0', '4.0', '4.0', '0.00', 6, '0', '', NULL),
(122, 142, '2025-10-29 17:10:00', 14, '2.0', '1.0', '1.0', '4.0', '1.0', '4.0', '4.0', '0.00', 6, '0', '', NULL),
(123, 143, '2025-10-30 15:35:00', 9, '1.0', '1.0', '1.0', '4.0', '2.0', '4.0', '3.7', '0.00', 4, '0', '', NULL),
(124, 145, '2025-10-30 17:10:00', 18, '3.0', '3.0', '3.0', '4.0', '2.0', '4.0', '4.0', '0.00', 8, '0', '', NULL),
(125, 146, '2025-10-30 17:10:00', 19, '2.0', '3.0', '3.0', '4.0', '3.0', '4.0', '4.0', '0.00', 8, '0', '', NULL),
(126, 147, '2025-10-30 17:10:00', 16, '2.0', '2.0', '2.0', '4.0', '1.0', '4.0', '4.0', '0.00', 2, '0', '', NULL),
(127, 148, '2025-10-30 17:10:00', 17, '3.0', '3.0', '3.0', '4.0', '1.0', '4.0', '4.0', '0.00', 8, '0', '', NULL),
(128, 149, '2025-10-31 05:23:20', 21, '4.0', '4.0', '4.0', '4.0', '4.0', '4.0', '4.0', '55.50', 2, '2', '', NULL),
(129, 150, '2025-10-31 05:23:20', 12, '4.0', '4.0', '4.0', '4.0', '4.0', '4.0', '4.0', '60.50', 6, '2', '', NULL),
(130, 1, '2025-10-31 05:23:20', 20, '4.0', '4.0', '4.0', '4.0', '4.0', '4.0', '4.0', '57.50', 2, '2', '', NULL),
(131, 151, '2025-10-31 05:23:20', 16, '4.0', '4.0', '4.0', '4.0', '4.0', '4.0', '4.0', '56.50', 2, '2', '', NULL),
(132, 152, '2025-10-31 05:23:20', 3, '4.0', '4.0', '4.0', '4.0', '4.0', '4.0', '4.0', '56.50', 3, '2', '', NULL),
(133, 153, '2025-10-31 05:23:20', 9, '4.0', '4.0', '4.0', '4.0', '4.0', '4.0', '4.0', '59.50', 7, '2', '', NULL),
(134, 154, '2025-10-31 05:23:20', 5, '4.0', '4.0', '4.0', '4.0', '4.0', '4.0', '4.0', '57.50', 4, '2', '', NULL),
(135, 155, '2025-10-31 05:23:20', 11, '4.0', '4.0', '4.0', '4.0', '4.0', '4.0', '4.0', '55.50', 5, '2', '', NULL),
(136, 156, '2025-10-31 05:23:20', 6, '4.0', '4.0', '4.0', '4.0', '4.0', '4.0', '4.0', '60.50', 5, '2', '', NULL),
(137, 157, '2025-10-31 05:23:20', 7, '4.0', '4.0', '4.0', '4.0', '4.0', '4.0', '4.0', '57.50', 6, '2', '', NULL),
(138, 158, '2025-10-31 05:23:20', 14, '4.0', '4.0', '4.0', '4.0', '4.0', '4.0', '4.0', '52.50', 6, '2', '', NULL),
(139, 159, '2025-10-31 05:23:20', 22, '4.0', '4.0', '4.0', '4.0', '4.0', '4.0', '4.0', '52.50', 6, '2', '', NULL),
(140, 160, '2025-10-31 05:23:20', 15, '4.0', '4.0', '4.0', '4.0', '4.0', '4.0', '4.0', '54.50', 7, '2', '', NULL),
(141, 161, '2025-10-31 05:23:20', 10, '4.0', '4.0', '4.0', '4.0', '4.0', '4.0', '4.0', '53.50', 7, '2', '', NULL),
(142, 162, '2025-10-31 05:23:20', 18, '4.0', '4.0', '4.0', '4.0', '4.0', '4.0', '4.0', '58.50', 8, '2', '', NULL),
(143, 163, '2025-10-31 05:23:20', 17, '4.0', '4.0', '4.0', '4.0', '4.0', '4.0', '4.0', '57.50', 8, '2', '', NULL),
(144, 164, '2025-10-31 05:23:20', 2, '4.0', '4.0', '4.0', '4.0', '4.0', '4.0', '4.0', '62.50', 5, '2', '', NULL),
(145, 165, '2025-10-31 05:23:20', 23, '4.0', '4.0', '4.0', '4.0', '4.0', '4.0', '4.0', '58.50', 2, '2', '', NULL),
(146, 166, '2025-10-31 05:23:20', 19, '4.0', '4.0', '4.0', '4.0', '4.0', '4.0', '4.0', '61.50', 8, '2', '', NULL),
(147, 167, '2025-10-31 05:23:20', 24, '4.0', '4.0', '4.0', '4.0', '4.0', '4.0', '4.0', '58.50', 4, '2', '', NULL),
(148, 168, '2025-10-31 05:23:20', 4, '4.0', '4.0', '4.0', '4.0', '4.0', '4.0', '4.0', '52.50', 1, '2', '', NULL),
(149, 169, '2025-10-31 05:23:20', 13, '4.0', '4.0', '4.0', '4.0', '4.0', '4.0', '4.0', '59.50', 6, '2', '', NULL),
(150, 170, '2025-10-31 05:23:20', 8, '4.0', '4.0', '4.0', '4.0', '4.0', '4.0', '4.0', '54.50', 4, '2', '', NULL),
(151, 171, '2025-10-31 05:23:20', 40, '4.0', '4.0', '4.0', '4.0', '4.0', '4.0', '4.0', '54.50', 1, '2', '', NULL),
(154, 172, '2025-11-03 15:35:00', 2, '2.0', '3.0', '2.0', '4.0', '2.0', '4.0', '3.0', '0.00', 0, '', '', NULL),
(155, 176, '2025-11-03 17:10:00', 20, '2.0', '2.0', '2.0', '4.0', '2.0', '4.0', '4.0', '0.00', 0, '', '', NULL),
(156, 177, '2025-11-03 17:10:00', 21, '3.0', '3.0', '3.0', '4.0', '2.0', '4.0', '4.0', '0.00', 0, '', '', NULL),
(157, 178, '2025-11-03 17:10:00', 21, '3.0', '3.0', '3.0', '4.0', '2.0', '4.0', '4.0', '0.00', 0, '', '', NULL),
(158, 179, '2025-11-03 17:10:00', 16, '2.0', '3.0', '2.0', '4.0', '1.0', '4.0', '4.0', '0.00', 0, '', '', NULL),
(159, 180, '2025-11-03 17:10:00', 23, '1.0', '2.0', '2.0', '4.0', '2.0', '4.0', '4.0', '0.00', 0, '', '', NULL),
(160, 181, '2025-11-04 15:35:00', 3, '1.0', '1.0', '1.0', '4.0', '1.0', '4.0', '4.0', '0.00', 0, '', '', NULL),
(161, 182, '2025-11-04 17:10:00', 8, '3.0', '3.0', '3.0', '4.0', '2.0', '4.0', '4.0', '0.00', 0, '', '', NULL),
(162, 183, '2025-11-04 17:10:00', 5, '2.0', '1.0', '0.0', '4.0', '1.0', '4.0', '4.3', '0.00', 0, '', '', NULL),
(163, 184, '2025-11-04 17:10:00', 9, '2.0', '1.0', '2.0', '4.0', '2.0', '4.0', '3.7', '0.00', 0, '', '', NULL),
(164, 185, '2025-11-06 15:35:00', 9, '2.0', '4.0', '1.0', '4.0', '2.0', '4.0', '3.7', '0.00', 0, '', '', NULL),
(165, 187, '2025-11-06 15:35:00', 15, '4.0', '4.0', '4.0', '4.0', '3.0', '4.0', '4.0', '0.00', 0, '', '', NULL),
(166, 189, '2025-11-06 17:10:00', 18, '4.0', '4.0', '4.0', '4.0', '2.0', '4.0', '4.0', '0.00', 0, '', '', NULL),
(167, 190, '2025-11-06 17:10:00', 16, '1.0', '2.0', '1.0', '4.0', '1.0', '4.0', '4.0', '0.00', 0, '', '', NULL),
(168, 191, '2025-11-06 17:10:00', 19, '1.0', '2.0', '2.0', '4.0', '2.0', '4.0', '4.0', '0.00', 0, '', '', NULL),
(169, 192, '2025-11-06 17:10:00', 17, '3.0', '3.0', '3.0', '4.0', '2.0', '4.0', '4.0', '0.00', 0, '', '', NULL),
(170, 193, '2025-11-06 17:10:00', 22, '2.0', '2.0', '3.0', '4.0', '2.0', '4.0', '4.0', '0.00', 0, '', '', NULL),
(171, 194, '2025-11-07 15:35:00', 6, '2.0', '2.0', '2.0', '4.0', '2.0', '4.0', '4.5', '0.00', 0, '', '', NULL),
(172, 195, '2025-11-07 15:35:00', 11, '1.0', '2.0', '2.0', '4.0', '1.0', '4.0', '5.0', '0.00', 0, '', '', NULL),
(173, 196, '2025-11-07 15:35:00', 24, '3.0', '3.0', '2.0', '4.0', '3.0', '4.0', '4.0', '0.00', 0, '', '', NULL);

-- --------------------------------------------------------

--
-- Tabellenstruktur für Tabelle `mtr_persoenlichkeit`
--

CREATE TABLE `mtr_persoenlichkeit` (
  `id` int(11) NOT NULL,
  `teilnehmer_id` int(11) NOT NULL,
  `datum` date NOT NULL,
  `offenheit_erfahrungen` decimal(2,1) NOT NULL DEFAULT '4.0' COMMENT 'Hohe Ausprägung: Sucht aktiv nach neuen "Feldzuständen" (Lerninhalten, Situationen), experimentiert mit verschiedenen "Akteur-Funktionen" (Lernstrategien, Verhaltensweisen), ist offen für die Transformation symbolischer Meta-Strukturen.\r\nNiedrige Ausprägung: Bevorzugt bekannte "Feldzustände", vermeidet neue Verhaltensmuster, hält an etablierten symbolischen Ordnungen fest.',
  `gewissenhaftigkeit` decimal(2,1) NOT NULL DEFAULT '4.0' COMMENT 'Hohe Ausprägung: Richtet seine "Akteur-Funktion" auf die systematische Verfolgung definierter Ziele aus, zeigt Ausdauer bei der Bearbeitung von Aufgaben im "Feld", reguliert seine "Meta-Funktion" zur Selbstüberwachung und -korrektur im Lernprozess.\r\nNiedrige Ausprägung: Schwierigkeiten bei der Zielverfolgung, geringe Ausdauer, impulsive oder wenig geplante "Akteur-Funktionen".',
  `Extraversion` decimal(2,1) NOT NULL DEFAULT '4.0' COMMENT 'Hohe Ausprägung: Zeigt eine starke Tendenz zur Bildung gekoppelter "Akteur-Funktionen" in sozialen Feldern, sucht aktiv soziale "Feldzustände" auf, zeigt eine hohe "Handlungsdichte" im sozialen Kontext.\r\nNiedrige Ausprägung: Geringere Tendenz zu gekoppelten "Akteur-Funktionen", vermeidet soziale "Feldzustände", zeigt weniger "Handlungen" im sozialen Kontext.',
  `vertraeglichkeit` decimal(2,1) NOT NULL DEFAULT '4.0' COMMENT 'Hohe Ausprägung: Passt seine "Akteur-Funktion" an die der Ko-Akteure in sozialen Feldern an, zeigt Kooperationsbereitschaft, ist empfänglich für die semantischen Attraktoren gemeinsamer sozialer Narrative.\r\nNiedrige Ausprägung: Zeigt weniger Anpassung, ist weniger kooperativ, neigt zu Konflikten in gekoppelten "Akteur-Funktionen".',
  `zielorientierung` decimal(2,1) NOT NULL DEFAULT '4.0' COMMENT 'Hohe Ausprägung: Setzt sich aktiv Lernziele, verfolgt Aufgaben beharrlich, zeigt Eigeninitiative.\r\nNiedrige Ausprägung: Schwierigkeiten, Ziele zu formulieren oder zu verfolgen, geringe Eigenmotivation.',
  `lernfaehigkeit` decimal(2,1) NOT NULL DEFAULT '4.0' COMMENT 'Hohe Ausprägung: Passt Lernstrategien an, nutzt Feedback effektiv, lernt aus Fehlern, geht flexibel mit neuen Lerninhalten um.\r\nNiedrige Ausprägung: Schwierigkeiten bei der Anpassung, resistent gegen Feedback, wiederholt Fehler.\r\n\r\nLernprozesse verändern die Struktur der Akteur-Funktionen. Ausprägungen zeigen sich in der Geschwindigkeit und Effizienz dieser funktionalen Anpassungen [citation: 6, 8].',
  `anpassungsfaehigkeit` decimal(2,1) NOT NULL DEFAULT '4.0' COMMENT 'Hohe Ausprägung: Passt Lernstrategien an, nutzt Feedback effektiv, lernt aus Fehlern, geht flexibel mit neuen Lerninhalten um.\r\nNiedrige Ausprägung: Schwierigkeiten bei der Anpassung, resistent gegen Feedback, wiederholt Fehler.',
  `soziale_interaktion` decimal(2,1) NOT NULL DEFAULT '4.0' COMMENT 'Hohe Ausprägung: Kooperativ, kommuniziert offen, integriert sich gut in Gruppen, zeigt Empathie.\r\nNiedrige Ausprägung: Schwierigkeiten in der Zusammenarbeit, vermeidet Interaktion, soziale Konflikte.',
  `metakognition` decimal(2,1) NOT NULL DEFAULT '4.0' COMMENT 'Hohe Ausprägung: Denkt über eigenes Lernen nach, plant Lernprozesse, überwacht Verständnis, bewertet eigene Leistung realistisch.\r\nNiedrige Ausprägung: Wenig Bewusstsein für eigene Lernprozesse, Schwierigkeiten bei der Selbstbewertung.',
  `stressbewaeltigung` decimal(2,1) NOT NULL DEFAULT '4.0' COMMENT 'Hohe Ausprägung: Reagiert ängstlich auf Prüfungen oder neue Situationen, ist besorgt über Leistung, zeigt emotionale Labilität.\r\nNiedrige Ausprägung: Bleibt ruhig unter Druck, geht gelassen mit Unsicherheit um.\r\n\r\nKönnte sich in der erhöhten Reaktivität der Akteur-Funktion auf als bedrohlich interpretierte Feldzustände (z.B. Prüfungsdruck) oder in negativen Mustern der Meta-Funktion (z.B. negative Selbstbewertung) äußern [citation: 6, 7, 9, 11].',
  `bedeutungsbildung` decimal(2,1) NOT NULL DEFAULT '4.0' COMMENT 'Hohe Ausprägung: Konstruiert kohärente Bedeutungen aus Lerninhalten, vernetzt Wissen, entwickelt eigene Interpretationen, findet Sinn im Gelernten.\r\nNiedrige Ausprägung: Schwierigkeiten bei der Sinnstiftung, isolierte Wissensfragmente, wenig eigene Interpretationen.\r\n\r\nIntegrale Funktionalität (Kohärenzbildung, Kontextualisierung, Narrativierung, Wertschöpfung) synthetisiert lokale Beobachtungen zu globalen Bedeutungen. Ausprägungen zeigen sich in der Qualität und Struktur der konstruierten semantischen Felder und Narrative [citation: 1, 16, 11].',
  `belastbarkeit` decimal(2,1) NOT NULL DEFAULT '4.0' COMMENT 'Stress- und Drucktoleranz',
  `problemloesefaehigkeit` decimal(2,1) NOT NULL DEFAULT '4.0' COMMENT 'Transferleistung, Umgang mit Komplexität',
  `kreativitaet_innovation` decimal(2,1) NOT NULL DEFAULT '4.0' COMMENT 'Verknüpfung, Entwicklung neuer Ansätze',
  `ko_kreationsfaehigkeit` decimal(2,1) NOT NULL DEFAULT '4.0' COMMENT 'Fähigkeit, mit anderen gemeinsam Neues zu schaffen',
  `resonanzfaehigkeit` decimal(2,1) NOT NULL DEFAULT '4.0' COMMENT 'Fähigkeit, auf Impulse aus der Umgebung zu antworten und sie produktiv aufzunehmen',
  `handlungsdichte` decimal(2,1) NOT NULL DEFAULT '4.0' COMMENT 'wie konzentriert und intensiv eine Person in einem bestimmten Zeitraum handelt',
  `performanz_effizienz` decimal(2,1) NOT NULL DEFAULT '4.0' COMMENT 'Output im Verhältnis zu eingesetztem Aufwand',
  `basiswissen` decimal(2,1) NOT NULL DEFAULT '4.0',
  `note` decimal(2,1) NOT NULL DEFAULT '4.0'
) ENGINE=InnoDB DEFAULT CHARSET=utf8mb4 COMMENT='Offenheit für Erfahrungen, Gewissenhaftigkeit, Extraversion,';

--
-- Daten für Tabelle `mtr_persoenlichkeit`
--

INSERT INTO `mtr_persoenlichkeit` (`id`, `teilnehmer_id`, `datum`, `offenheit_erfahrungen`, `gewissenhaftigkeit`, `Extraversion`, `vertraeglichkeit`, `zielorientierung`, `lernfaehigkeit`, `anpassungsfaehigkeit`, `soziale_interaktion`, `metakognition`, `stressbewaeltigung`, `bedeutungsbildung`, `belastbarkeit`, `problemloesefaehigkeit`, `kreativitaet_innovation`, `ko_kreationsfaehigkeit`, `resonanzfaehigkeit`, `handlungsdichte`, `performanz_effizienz`, `basiswissen`, `note`) VALUES
(1, 2, '2025-09-09', '3.9', '3.0', '4.2', '3.5', '4.5', '4.5', '4.0', '4.5', '4.5', '4.5', '4.5', '4.0', '4.0', '4.0', '4.0', '4.0', '4.0', '4.0', '4.0', '3.0'),
(2, 3, '2025-09-09', '3.5', '3.5', '4.0', '3.0', '3.5', '3.5', '4.5', '4.0', '4.0', '5.0', '4.0', '4.0', '4.0', '4.0', '4.0', '4.0', '4.0', '4.0', '4.0', '4.0'),
(3, 4, '2025-09-09', '0.9', '4.0', '3.0', '3.0', '4.0', '4.0', '4.0', '4.0', '4.0', '0.0', '0.0', '4.0', '4.0', '4.0', '4.0', '4.0', '4.0', '4.0', '4.0', '4.0'),
(4, 5, '2025-09-09', '4.5', '3.5', '3.5', '3.2', '4.5', '4.5', '4.2', '3.5', '4.5', '5.0', '4.3', '4.0', '4.0', '4.0', '4.0', '4.0', '4.0', '4.0', '4.0', '4.3'),
(5, 6, '2025-09-09', '3.8', '3.5', '4.3', '3.5', '4.5', '4.5', '3.9', '4.0', '4.9', '4.4', '4.8', '4.0', '4.0', '4.0', '4.0', '4.0', '4.0', '4.0', '4.0', '4.5'),
(6, 7, '2025-09-09', '5.5', '5.5', '4.5', '5.0', '5.5', '5.5', '5.0', '4.5', '5.5', '5.0', '5.0', '4.0', '4.0', '4.0', '4.0', '4.0', '4.0', '4.0', '4.0', '4.9'),
(7, 8, '2025-09-09', '3.5', '4.0', '3.5', '3.5', '3.5', '3.5', '4.0', '3.5', '4.0', '5.0', '4.6', '4.0', '4.0', '4.0', '4.0', '4.0', '4.0', '4.0', '4.0', '4.0'),
(8, 9, '2025-09-09', '3.5', '3.4', '3.1', '3.0', '3.5', '4.0', '3.5', '3.5', '4.0', '3.7', '4.0', '4.0', '4.0', '4.0', '4.0', '4.0', '4.0', '4.0', '4.0', '3.7'),
(9, 11, '2025-09-09', '5.0', '5.5', '4.5', '4.0', '5.0', '5.0', '5.0', '4.0', '4.5', '5.0', '5.0', '4.0', '4.0', '4.0', '4.0', '4.0', '4.0', '4.0', '4.0', '5.0'),
(10, 12, '2025-09-09', '3.5', '3.5', '3.0', '3.5', '3.5', '3.5', '3.5', '3.0', '3.5', '3.0', '4.0', '4.0', '4.0', '4.0', '4.0', '4.0', '4.0', '4.0', '4.0', '4.0'),
(11, 13, '2025-09-09', '4.0', '4.0', '4.0', '4.0', '4.0', '4.0', '4.0', '4.0', '4.0', '4.0', '4.0', '4.0', '4.0', '4.0', '4.0', '4.0', '4.0', '4.0', '4.0', '4.0'),
(12, 14, '2025-09-09', '4.0', '4.0', '4.0', '4.0', '4.0', '4.0', '4.0', '4.0', '4.0', '4.0', '4.0', '4.0', '4.0', '4.0', '4.0', '4.0', '4.0', '4.0', '4.0', '4.0'),
(13, 15, '2025-09-09', '4.0', '4.0', '4.0', '4.0', '4.0', '4.0', '4.0', '4.0', '4.0', '4.0', '4.0', '4.0', '4.0', '4.0', '4.0', '4.0', '4.0', '4.0', '4.0', '4.0'),
(14, 16, '2025-09-09', '4.0', '4.0', '4.0', '4.0', '4.0', '4.0', '4.0', '4.0', '4.0', '4.0', '4.0', '4.0', '4.0', '4.0', '4.0', '4.0', '4.0', '4.0', '4.0', '4.0'),
(15, 17, '2025-09-09', '4.0', '4.0', '4.0', '4.0', '4.0', '4.0', '4.0', '4.0', '4.0', '4.0', '4.0', '4.0', '4.0', '4.0', '4.0', '4.0', '4.0', '4.0', '4.0', '4.0'),
(16, 18, '2025-09-09', '4.0', '4.0', '4.0', '4.0', '4.0', '4.0', '4.0', '4.0', '4.0', '4.0', '4.0', '4.0', '4.0', '4.0', '4.0', '4.0', '4.0', '4.0', '4.0', '4.0'),
(17, 19, '2025-09-09', '4.0', '4.0', '4.0', '4.0', '4.0', '4.0', '4.0', '4.0', '4.0', '4.0', '4.0', '4.0', '4.0', '4.0', '4.0', '4.0', '4.0', '4.0', '4.0', '4.0'),
(18, 20, '2025-09-09', '4.0', '4.0', '4.0', '4.0', '4.0', '4.0', '4.0', '4.0', '4.0', '4.0', '4.0', '4.0', '4.0', '4.0', '4.0', '4.0', '4.0', '4.0', '4.0', '2.6'),
(19, 21, '2025-09-09', '4.0', '4.0', '4.0', '4.0', '4.0', '4.0', '4.0', '4.0', '4.0', '4.0', '4.0', '4.0', '4.0', '4.0', '4.0', '4.0', '4.0', '4.0', '4.0', '4.0'),
(20, 22, '2025-09-09', '4.0', '4.0', '4.0', '4.0', '4.0', '4.0', '4.0', '4.0', '4.0', '4.0', '4.0', '4.0', '4.0', '4.0', '4.0', '4.0', '4.0', '4.0', '4.0', '4.0'),
(21, 23, '2025-09-09', '4.0', '4.0', '4.0', '4.0', '4.0', '4.0', '4.0', '4.0', '4.0', '4.0', '4.0', '4.0', '4.0', '4.0', '4.0', '4.0', '4.0', '4.0', '4.0', '4.0'),
(22, 24, '2025-09-09', '4.0', '4.0', '4.0', '4.0', '4.0', '4.0', '4.0', '4.0', '4.0', '4.0', '4.0', '4.0', '4.0', '4.0', '4.0', '4.0', '4.0', '4.0', '4.0', '4.0'),
(23, 20, '2025-06-01', '1.0', '1.0', '1.0', '1.0', '1.0', '1.0', '1.7', '1.0', '1.0', '6.0', '1.7', '1.0', '1.7', '1.7', '1.0', '1.0', '1.3', '1.3', '1.0', '2.9'),
(24, 20, '2025-07-01', '1.0', '1.0', '1.0', '1.0', '1.0', '1.0', '1.3', '1.0', '1.0', '6.0', '1.3', '1.0', '1.3', '1.3', '1.0', '1.0', '1.2', '1.2', '1.0', '2.8'),
(25, 20, '2025-08-01', '1.0', '1.0', '1.0', '1.0', '1.0', '1.0', '2.0', '1.0', '1.0', '6.0', '2.0', '1.0', '2.0', '2.0', '1.0', '1.0', '1.5', '1.5', '1.0', '2.7'),
(26, 20, '2025-09-01', '1.4', '1.8', '1.6', '1.3', '1.8', '1.6', '1.3', '1.3', '1.8', '5.4', '1.3', '1.7', '1.3', '1.3', '1.3', '1.6', '1.6', '1.4', '1.4', '2.6'),
(27, 20, '2025-10-01', '2.0', '2.0', '2.3', '1.0', '2.0', '2.0', '1.0', '1.0', '2.0', '4.7', '1.0', '2.2', '1.0', '1.0', '1.0', '2.3', '1.5', '1.5', '2.0', '2.6'),
(28, 20, '2025-11-01', '1.1', '2.1', '1.1', '1.1', '2.1', '1.6', '1.1', '1.1', '2.1', '6.0', '1.1', '1.6', '1.1', '1.1', '1.1', '1.1', '1.6', '1.1', '1.0', '2.5'),
(29, 20, '2025-01-01', '1.0', '1.0', '1.0', '1.0', '1.0', '1.0', '1.3', '1.0', '1.0', '6.0', '1.3', '1.0', '1.3', '1.3', '1.0', '1.0', '1.2', '1.2', '1.0', '3.7'),
(30, 20, '2025-02-01', '1.0', '1.0', '1.0', '1.0', '1.0', '1.0', '1.7', '1.0', '1.0', '6.0', '1.7', '1.0', '1.7', '1.7', '1.0', '1.0', '1.4', '1.4', '1.0', '3.5'),
(31, 20, '2025-03-01', '1.0', '1.0', '1.0', '1.0', '1.0', '1.0', '1.8', '1.0', '1.0', '6.0', '1.8', '1.0', '1.8', '1.8', '1.0', '1.0', '1.4', '1.4', '1.0', '3.2'),
(32, 20, '2025-04-01', '1.0', '1.0', '1.0', '1.0', '1.0', '1.0', '1.8', '1.0', '1.0', '6.0', '1.8', '1.0', '1.8', '1.8', '1.0', '1.0', '1.4', '1.4', '1.0', '3.1'),
(33, 20, '2025-05-01', '1.0', '1.0', '1.0', '1.0', '1.0', '1.0', '1.0', '1.0', '1.0', '6.0', '1.0', '1.0', '1.0', '1.0', '1.0', '1.0', '1.0', '1.0', '1.0', '3.1');

-- --------------------------------------------------------

--
-- Tabellenstruktur für Tabelle `mtr_rueckkopplung_datenmaske`
--

CREATE TABLE `mtr_rueckkopplung_datenmaske` (
  `id` int(11) NOT NULL,
  `teilnehmer_id` int(11) NOT NULL,
  `fach` varchar(10) DEFAULT NULL,
  `datum` date DEFAULT NULL,
  `lehrkraft` varchar(100) DEFAULT NULL,
  `thema` varchar(255) DEFAULT NULL,
  `bemerkung` text,
  `erstellt_am` datetime DEFAULT CURRENT_TIMESTAMP,
  `metr_kognition` float DEFAULT NULL,
  `metr_sozial` float DEFAULT NULL,
  `metr_affektiv` float DEFAULT NULL,
  `metr_metakog` float DEFAULT NULL,
  `metr_kohärenz` float DEFAULT NULL
) ENGINE=InnoDB DEFAULT CHARSET=utf8mb4;

--
-- Daten für Tabelle `mtr_rueckkopplung_datenmaske`
--

INSERT INTO `mtr_rueckkopplung_datenmaske` (`id`, `teilnehmer_id`, `fach`, `datum`, `lehrkraft`, `thema`, `bemerkung`, `erstellt_am`, `metr_kognition`, `metr_sozial`, `metr_affektiv`, `metr_metakog`, `metr_kohärenz`) VALUES
(1, 20, 'PHY', '2025-11-03', 'Thiele, Dipl.-Ing. Olaf - geändert: 04.11.25', 'Prüfungsvorbereitung: BLF', 'Schaff, Luise (10 GYM) Protokoll Noten Extras Protokoll filter_listadd ! Luise kommt nicht in den Herbstferien stellt manchmal Fragen, die ein tieferes Verständnis für das aktuelle Thema zeigen hat zuletzt deutlich von der individuellen Unterstützung in der Nachhilfe profitiert setzt Prioritäten bei Lernaufgaben sehr sinnvoll braucht selten Unterstützung bei der Anwendung neuer Lernmethoden gibt nur manchmal zu erkennen, wenn er ein Problem mit einer Aufgabenstellung hat', '2025-11-05 05:32:36', 0, 0, 0, 0.2, 0),
(2, 20, 'MAT', '2025-10-27', 'Thiele, Dipl.-Ing. Olaf - geändert: 28.10.25', 'Weitere Themen: Stochastik Üb 2', 'konnte Wissen in der heutigen Stunde weitgehend festigen Selbstständigkeit hat sich in den letzten Wochen deutlich verbessert kann sich sehr gut auf eine Aufgabe konzentrieren, auch wenn diese als uninteressant empfunden wird braucht selten Unterstützung bei der Anwendung neuer Lernmethoden vermeidet die Wiederholung von zuvor gemachten Fehlern erfolgreich', '2025-11-05 05:32:36', 0, 0, 0, 0.2, 0),
(3, 20, 'PHY', '2025-10-24', 'Thiele, Dipl.-Ing. Olaf - geändert: 25.10.25', 'Prüfungsvorbereitung: BLF', 'fühlt sich ziemlich sicher bei der Anwendung des Gelernten Einstellung zum Lernen hat sich in letzter Zeit stark verbessert ist sehr offen für andere Lösungsansätze kann die Lernzeit für mehrere Tests normalerweise effektiv einteilen kann umfangreiches Wissen in der Regel sinnvoll zusammenfassen nM Teil B Staudamm', '2025-11-05 05:32:36', 0.4, 0, 0.6, 0.2, 0),
(4, 20, 'PHY', '2025-10-20', 'Thiele, Dipl.-Ing. Olaf', 'Weitere Themen: quadrErg', 'ist überwiegend in der Lage, die Fehler einer fremden Lösung zu begründen und zu berichtigen Einstellung zum Lernen hat sich in letzter Zeit verbessert gibt oft zu erkennen, wenn er etwas nicht verstanden hat schafft normalerweise alle Aufgaben in einer Klassenarbeit oder Leistungskontrollen in der dafür angesetzten Zeit erreicht in der Regel vereinbarte Lernziele Wachstum/Zerfall', '2025-11-05 05:32:36', 0.2, 0, 0.2, 0.2, 0),
(5, 20, 'PHY', '2025-09-29', 'Thiele, Dipl.-Ing. Olaf', 'Weitere Themen: BLF', 'hat sich in Bereichen, die zuvor als schwierig identifiziert wurden, erstaunlich verbessert hat in letzter Zeit ein deutlich besseres Verständnis für die Anforderungen der Lehrkraft in der Schule entwickelt ergreift oft die Möglichkeit, Hilfsmittel (z.B. Taschenrechner, Tafelwerk, Wörterbuch) zu nutzen benötigt fast keine Zeit, um nach einer Ablenkung die Arbeit wieder aufzunehmen kommuniziert seine Gedanken und Ideen teilweise verständlich und nachvollziehbar', '2025-11-05 05:32:36', 0, 0.2, 0, 0.2, 0.2),
(6, 20, 'PHY', '2025-09-26', 'Thiele, Dipl.-Ing. Olaf', 'Prüfungsvorbereitung: BLF', 'beherrscht die spezifischen Fachbegriffe zuverlässig Vertrauen in die eigenen Fähigkeiten hat sich in den letzten Wochen stark verbessert wird von schwierigeren Aufgaben immerzu motiviert arbeitet überwiegend in einem angemessenen Tempo erreicht in der Regel vereinbarte Lernziele', '2025-11-05 05:32:36', 0, 0, 0.2, 0.2, 0),
(7, 20, 'MAT', '2025-09-22', 'Thiele, Dipl.-Ing. Olaf - geändert: 23.09.25', 'Weitere Themen: trigFkt', 'nutzt oft die vermittelten Methoden Vertrauen in die eigenen Fähigkeiten hat sich in den letzten Wochen verbessert kann den eigenen Lösungsweg häufig nachvollziehbar schriftlich präsentieren bittet aktiv um Feedback kann umfangreiches Wissen in der Regel sinnvoll zusammenfassen', '2025-11-05 05:32:36', 0.2, 0.2, 0, 0.2, 0.2),
(8, 20, 'PHY', '2025-09-19', 'Thiele, Dipl.-Ing. Olaf - geändert: 20.09.25', 'Trigonometrie: Üb', 'beherrscht die spezifischen Fachbegriffe zuverlässig Notenentwicklung in den letzten Wochen unverändert kann Wissen, das in den letzten Nachhilfestunden thematisiert wurde, meistens abrufen hält Fristen für Hausaufgaben und Projekte sehr konsequent ein reagiert interessiert auf neue Herausforderungen', '2025-11-05 05:32:36', 0, 0, 0.2, 0, 0),
(9, 20, 'MAT', '2025-09-15', 'Thiele, Dipl.-Ing. Olaf - geändert: 16.09.25', 'Weitere Themen: VorbBLF', 'erinnert sich gut an den zuvor behandelten Stoff Fähigkeit zum Verstehen und Analysieren komplexer Sachverhalte hat sich über die letzten Wochen verbessert kann konstruktives Feedback gut umsetzen, um die eigene Leistung zu verbessern zeigt sich zielstrebig beim Erreichen von Lernzielen nutzt oft abwechslungsreiche Formulierungen', '2025-11-05 05:32:36', 0.4, 0.2, 0, 0.4, 0),
(10, 20, 'PHY', '2025-09-12', 'Thiele, Dipl.-Ing. Olaf', 'Quadratische Funktion/Gleichung: BLF T B', 'muss ab und zu an grundlegende Vorgehensweisen des Faches MAT erinnert werden wendet die in der Nachhilfe gelernten Strategien meistens auch außerhalb der Nachhilfestunden an ist offen gegenüber Kritik formuliert Fragen weniger verständlich benötigt wenig Zeit, um nach einer Ablenkung die Arbeit wieder aufzunehmen', '2025-11-05 05:32:36', 0, 0, 0.2, 0.2, 0),
(11, 20, 'MAT', '2025-09-08', 'Thiele, Dipl.-Ing. Olaf - geändert: 09.09.25', 'Quadratische Funktion/Gleichung: BLF T B', 'Newtonsche Gesetze: VorbLK kann erlerntes Wissen auch bei unangekündigten Tests zuverlässig abrufen Geschwindigkeit beim Lösen von Aufgaben hat sich in den letzten Stunden ohne Qualitätsverlust erhöht kann den eigenen Lösungsweg häufig nachvollziehbar mündlich präsentieren versucht sich oftmals erneut an Aufgaben, mit denen es kurz zuvor Probleme gab ist oft fähig, Aufgaben ohne direkte Anleitung zu beginnen', '2025-11-05 05:32:36', 0.2, 0, 0, 0, 0.2),
(12, 20, 'PHY', '2025-09-05', 'Thiele, Dipl.-Ing. Olaf', 'Weitere Themen: vorbblf', 'beherrscht die spezifischen Fachbegriffe zuverlässig Einstellung zum Fach MAT hat sich in den letzten Stunden stark verbessert arbeitet konsequent auf langfristige Ziele hin, bei denen sofortige Erfolge gelegentlich ausbleiben kann sich zuverlässig an früher Gelerntes erinnern und es nutzen braucht selten Unterstützung bei der Anwendung neuer Lernmethoden', '2025-11-05 05:32:36', 0, 0, 0.2, 0.2, 0),
(13, 20, 'PHY', '2025-09-01', 'Thiele, Dipl.-Ing. Olaf - geändert: 02.09.25', 'Weitere Themen: quGl/quErg', 'beherrscht die spezifischen Fachbegriffe zuverlässig hat zuletzt stark von der individuellen Unterstützung in der Nachhilfe profitiert kann gut Zusammenhänge zwischen verschiedenen Informationen erkennen schlägt gelegentlich sinnvolle Übungen oder Themen vor, an denen er arbeiten möchte ist sehr offen für neue Lehrmethoden oder -ansätze', '2025-11-05 05:32:36', 0, 0, 0.2, 0, 0),
(14, 20, 'MAT', '2025-08-18', 'Thiele, Dipl.-Ing. Olaf', 'weitere Themen: VorbBLF/LinGl', 'Absprachen einhaltendbeteiligt sich / gute Mitarbeitfleißig / bemühtarbeitet selbstständigkonzentriertvorbereitetLernfortschritt erzieltbeherrscht Themafähig zu Transferdenken', '2025-11-05 05:32:36', 0, 0, 0, 0, 0.2),
(15, 20, 'PHY', '2025-08-15', 'Thiele, Dipl.-Ing. Olaf - geändert: 16.08.25', 'Lineare Funktion/Gleichung: komplÜ', 'Absprachen einhaltendbeteiligt sich / gute Mitarbeitfleißig / bemühtarbeitet selbstständigkonzentriertvorbereitetLernfortschritt erzieltbeherrscht Themafähig zu Transferdenken', '2025-11-05 05:32:36', 0, 0, 0, 0, 0.2),
(16, 20, 'MAT', '2025-08-11', 'Thiele, Dipl.-Ing. Olaf', 'weitere Themen: DreiS', 'Absprachen einhaltendbeteiligt sich / gute Mitarbeitfleißig / bemühtarbeitet selbstständigkonzentriertvorbereitetLernfortschritt erzieltbeherrscht Themafähig zu Transferdenken', '2025-11-05 05:32:36', 0, 0, 0, 0, 0.2),
(17, 20, 'MAT', '2025-07-30', 'Thiele, Dipl.-Ing. Olaf', 'Lineare Funktion/Gleichung: Mittelsenkr', 'Absprachen einhaltendbeteiligt sich / gute Mitarbeitfleißig / bemühtarbeitet selbstständigkonzentriertvorbereitetLernfortschritt erzieltbeherrscht Themafähig zu Transferdenken', '2025-11-05 05:32:36', 0, 0, 0, 0, 0.2),
(18, 20, 'MAT', '2025-07-29', 'Thiele, Dipl.-Ing. Olaf', 'Lineare Funktion/Gleichung: Lingl', 'fleißig / bemühtAbsprachen einhaltendbeteiligt sich / gute Mitarbeitarbeitet selbstständigkonzentriertvorbereitetLernfortschritt erzieltbeherrscht Thema', '2025-11-05 05:32:36', 0, 0, 0, 0, 0),
(19, 20, 'PHY', '2025-07-28', 'Thiele, Dipl.-Ing. Olaf', 'Lineare Funktion/Gleichung: Lingl', 'Absprachen einhaltendbeteiligt sich / gute Mitarbeitfleißig / bemühtarbeitet selbstständigkonzentriertBasiswissen vorhandenLernfortschritt erzielt', '2025-11-05 05:32:36', 0, 0, 0, 0, 0),
(20, 20, 'MAT', '2025-06-23', 'Thiele, Dipl.-Ing. Olaf', 'weitere Themen: JahrAb', 'Absprachen einhaltendbeteiligt sich / gute Mitarbeitfleißig / bemühtarbeitet selbstständigkonzentriertvorbereitetLernfortschritt erzieltbeherrscht Themafähig zu Transferdenken', '2025-11-05 05:32:36', 0, 0, 0, 0, 0.2),
(21, 20, 'PHY', '2025-06-20', 'Thiele, Dipl.-Ing. Olaf', 'weitere Themen: JahrA', 'Absprachen einhaltendbeteiligt sich / gute Mitarbeitfleißig / bemühtarbeitet selbstständigkonzentriertvorbereitetbeherrscht Thema', '2025-11-05 05:32:36', 0, 0, 0, 0, 0),
(22, 20, 'PHY', '2025-06-16', 'Thiele, Dipl.-Ing. Olaf', 'weitere Themen: KrKRingZyl', 'Absprachen einhaltendbeteiligt sich / gute Mitarbeitfleißig / bemühtarbeitet selbstständigvorbereitetkonzentriertLernfortschritt erzieltbeherrscht Themafähig zu Transferdenken', '2025-11-05 05:32:36', 0, 0, 0, 0, 0.2),
(23, 20, 'MAT', '2025-06-13', 'Kbiri, Judith - geändert: 23.09.25 Kbiri, Judith', 'weitere Themen: KrKRingZyl', 'Eltern über Ferienkurstermine informiert', '2025-11-05 05:32:36', 0, 0, 0, 0, 0),
(24, 20, 'MAT', '2025-06-06', 'Thiele, Dipl.-Ing. Olaf', 'Schwerpunkte', 'Absprachen einhaltendbeteiligt sich / gute Mitarbeitfleißig / bemühtarbeitet selbstständigkonzentriertvorbereitetLernfortschritt erzieltbeherrscht Themafähig zu Transferdenken 1 – 25 of 72 add Fach		Thema', '2025-11-05 05:32:36', 0, 0, 0, 0, 0.2),
(25, 20, 'MAT', '2025-06-02', 'Thiele, Dipl.-Ing. Olaf', 'weitere Themen: KreisKZ', 'Schaff, Luise (10 GYM) Protokoll Noten Extras Protokoll filter_listadd ! Luise kommt nicht in den Herbstferien Absprachen einhaltendbeteiligt sich / gute Mitarbeitfleißig / bemühtarbeitet selbstständigkonzentriertvorbereitetLernfortschritt erzieltbeherrscht Themafähig zu Transferdenken', '2025-11-05 12:46:10', 0, 0, 0, 0, 0.2),
(26, 20, 'PHY', '2025-05-23', 'Städter, Kathleen - geändert: 27.05.25', 'weitere Themen: Geometrie: Vorbereitung LK', 'Absprachen einhaltendbeteiligt sich / gute Mitarbeitfleißig / bemühtarbeitet selbstständigvorbereitetkonzentriertLernfortschritt erzielt', '2025-11-05 12:46:10', 0, 0, 0, 0, 0),
(27, 20, 'PHY', '2025-05-19', 'Thiele, Dipl.-Ing. Olaf - geändert: 20.05.25', 'weitere Themen: VorbLK', 'Absprachen einhaltendbeteiligt sich / gute Mitarbeitfleißig / bemühtarbeitet selbstständigkonzentriertvorbereitetLernfortschritt erzieltBasiswissen vorhanden', '2025-11-05 12:46:10', 0, 0, 0, 0, 0),
(28, 20, 'MAT', '2025-05-12', 'Thiele, Dipl.-Ing. Olaf - geändert: 13.05.25', 'weitere Themen: VorbLK', 'Absprachen einhaltendbeteiligt sich / gute Mitarbeitfleißig / bemühtarbeitet selbstständigkonzentriertvorbereitetLernfortschritt erzieltbeherrscht Thema', '2025-11-05 12:46:10', 0, 0, 0, 0, 0),
(29, 20, 'PHY', '2025-05-02', 'Thiele, Dipl.-Ing. Olaf - geändert: 03.05.25', 'weitere Themen: VorbLK', 'Geometrie: SdP rechnen sachaufgaben hintendr Absprachen einhaltendbeteiligt sich / gute Mitarbeitfleißig / bemühtarbeitet selbstständigkonzentriertvorbereitetLernfortschritt erzieltbeherrscht Thema', '2025-11-05 12:46:10', 0, 0, 0, 0, 0),
(30, 20, 'MAT', '2025-04-14', 'Thiele, Dipl.-Ing. Olaf - geändert: 15.04.25', 'weitere Themen: Brückenaufgabe', 'Absprachen einhaltendbeteiligt sich / gute Mitarbeitfleißig / bemühtarbeitet selbstständigkonzentriertvorbereitetLernfortschritt erzieltbeherrscht Themafähig zu Transferdenken', '2025-11-05 12:46:10', 0, 0, 0, 0, 0.2),
(31, 20, 'MAT', '2025-04-11', 'Thiele, Dipl.-Ing. Olaf - geändert: 12.04.25', 'weitere Themen: Brückenaufgabe', 'Dreieck: SdP Absprachen einhaltendbeteiligt sich / gute Mitarbeitfleißig / bemühtarbeitet selbstständigkonzentriertvorbereitetLernfortschritt erzieltbeherrscht Themafähig zu Transferdenken', '2025-11-05 12:46:10', 0, 0, 0, 0, 0.2),
(32, 20, 'PHY', '2025-04-08', 'Kbiri, Judith - geändert: 16.06.25 Kbiri, Judith', 'weitere Themen: Brückenaufgabe', 'Luise kommt nicht in den Osterferien', '2025-11-05 12:46:10', 0, 0, 0, 0, 0),
(33, 20, 'MAT', '2025-04-07', 'Thiele, Dipl.-Ing. Olaf - geändert: 08.04.25', 'weitere Themen: SdP Vorb LK', 'Absprachen einhaltendbeteiligt sich / gute Mitarbeitfleißig / bemühtarbeitet selbstständigkonzentriertvorbereitetbeherrscht Themafähig zu Transferdenken', '2025-11-05 12:46:10', 0, 0, 0, 0, 0.2),
(34, 20, 'PHY', '2025-04-04', 'Thiele, Dipl.-Ing. Olaf - geändert: 05.04.25', 'weitere Themen: SdP Vorb LK', 'Analytische Geometrie: SdP komplexe Aufg. Absprachen einhaltendbeteiligt sich / gute Mitarbeitfleißig / bemühtarbeitet selbstständigkonzentriertvorbereitetLernfortschritt erzieltbeherrscht Themafähig zu Transferdenken', '2025-11-05 12:46:10', 0, 0, 0, 0, 0.2),
(35, 20, 'MAT', '2025-03-31', 'Thiele, Dipl.-Ing. Olaf', 'weitere Themen: SdP', 'Absprachen einhaltendbeteiligt sich / gute Mitarbeitfleißig / bemühtarbeitet selbstständigkonzentriertvorbereitetLernfortschritt erzieltBasiswissen vorhandenfähig zu Transferdenken', '2025-11-05 12:46:10', 0, 0, 0, 0, 0.2),
(36, 20, 'MAT', '2025-03-28', 'Thiele, Dipl.-Ing. Olaf - geändert: 29.03.25', 'weitere Themen: SdP', 'Absprachen einhaltendbeteiligt sich / gute Mitarbeitfleißig / bemühtarbeitet selbstständigkonzentriertvorbereitetLernfortschritt erzieltbeherrscht Thema', '2025-11-05 12:46:10', 0, 0, 0, 0, 0),
(37, 20, 'PHY', '2025-03-14', 'Thiele, Dipl.-Ing. Olaf', 'weitere Themen: SdP', 'Exponentialgleichung/-funktion: ungerade/gerade Normalfomrm Absprachen einhaltendbeteiligt sich / gute Mitarbeitfleißig / bemühtarbeitet selbstständigkonzentriertvorbereitetLernfortschritt erzieltbeherrscht Themafähig zu Transferdenken', '2025-11-05 12:46:10', 0, 0, 0, 0, 0.2),
(38, 20, 'MAT', '2025-03-03', 'Wolter, Kathrin - geändert: 13.03.25', 'weitere Themen: Magnetismus komplexe Aufg', 'Fehlerkorrektur / Überschlag / Zehnerpotenzen / Lorentzkraft Absprachen einhaltendarbeitet selbstständigbeherrscht Themafähig zu Transferdenken', '2025-11-05 12:46:10', 0, 0, 0, 0, 0.2),
(39, 20, 'PHY', '2025-03-07', 'Thiele, Dipl.-Ing. Olaf', 'weitere Themen: ZusFass x^n / EinheitenR / 10erP Rech', 'Absprachen einhaltendbeteiligt sich / gute Mitarbeitfleißig / bemühtarbeitet selbstständigkonzentriertvorbereitetLernfortschritt erzieltbeherrscht Themafähig zu Transferdenken', '2025-11-05 12:46:10', 0, 0, 0, 0, 0.2),
(40, 20, 'PHY', '2025-02-24', 'Thiele, Dipl.-Ing. Olaf', 'weitere Themen: ZusFass x^n / EinheitenR / 10erP Rech', 'Elektrische Energie: Grdl. Elektrik Absprachen einhaltendbeteiligt sich / gute Mitarbeitfleißig / bemühtarbeitet selbstständigkonzentriertvorbereitetLernfortschritt erzieltBasiswissen vorhandenfähig zu Transferdenken', '2025-11-05 12:46:10', 0, 0, 0, 0, 0.2),
(41, 20, 'PHY', '2025-02-17', 'Thiele, Dipl.-Ing. Olaf - geändert: 18.02.25', 'weitere Themen: Grdl. Stromkreis / Widerstandsberechnung', 'weitermachen auf AB Absprachen einhaltendbeteiligt sich / gute Mitarbeitfleißig / bemühtarbeitet selbstständigkonzentriertvorbereitetLernfortschritt erzieltBasiswissen vorhandenfähig zu Transferdenken', '2025-11-05 12:46:10', 0, 0, 0, 0, 0.2),
(42, 20, 'MAT', '2025-02-14', 'Gellert, Manuela', 'weitere Themen: Grdl. Stromkreis / Widerstandsberechnung', 'Telefonat mit der Mutti. Luise nimmt an beiden Montagen in den Winterferien an den Kursen teil.', '2025-11-05 12:46:10', 0, 0, 0, 0, 0),
(43, 20, 'PHY', '2025-02-12', 'Thiele, Dipl.-Ing. Olaf', 'weitere Themen: Grdl. Stromkreis / Widerstandsberechnung', 'Exponentialgleichung/-funktion: x hoch ungerade Exp. gerade Absprachen einhaltendbeteiligt sich / gute Mitarbeitfleißig / bemühtarbeitet selbstständigkonzentriertvorbereitetLernfortschritt erzieltbeherrscht Themafähig zu Transferdenken', '2025-11-05 12:46:10', 0, 0, 0, 0, 0.2),
(44, 20, 'MAT', '2025-02-10', 'Thiele, Dipl.-Ing. Olaf - geändert: 11.02.25', 'weitere Themen: Grdl.Elektr. / Induktion', 'Grdl.Elektr. unbedingt üben Absprachen einhaltendbeteiligt sich / gute Mitarbeitfleißig / bemühtarbeitet selbstständigkonzentriertvorbereitetLernfortschritt erzieltBasiswissen vorhanden', '2025-11-05 12:46:10', 0, 0, 0, 0, 0),
(45, 20, 'PHY', '2025-02-07', 'Thiele, Dipl.-Ing. Olaf - geändert: 08.02.25', 'weitere Themen: Korr. LK', 'schade Absprachen einhaltendbeteiligt sich / gute Mitarbeitfleißig / bemühtarbeitet selbstständigkonzentriertvorbereitetLernfortschritt erzieltbeherrscht Themafähig zu Transferdenken', '2025-11-05 12:46:10', 0, 0, 0, 0, 0.2),
(46, 20, 'MAT', '2025-02-03', 'Thiele, Dipl.-Ing. Olaf - geändert: 04.02.25', 'weitere Themen: Elektrizitätslehre', 'Absprachen einhaltendbeteiligt sich / gute Mitarbeitfleißig / bemühtarbeitet selbstständigkonzentriertvorbereitetLernfortschritt erzieltbeherrscht Themafähig zu Transferdenken', '2025-11-05 12:46:10', 0, 0, 0, 0, 0.2),
(47, 20, 'MAT', '2025-01-31', 'Thiele, Dipl.-Ing. Olaf - geändert: 01.02.25', 'weitere Themen: Korrektur LK / Wiederholung Kreisberechnung', 'Absprachen einhaltendbeteiligt sich / gute Mitarbeitfleißig / bemühtarbeitet selbstständigkonzentriertvorbereitetLernfortschritt erzieltbeherrscht Themafähig zu Transferdenken', '2025-11-05 12:46:10', 0, 0, 0, 0, 0.2),
(48, 20, 'PHY', '2025-01-27', 'Gellert, Manuela', 'weitere Themen: Korrektur LK / Wiederholung Kreisberechnung', 'Mutti hat auf AB gesprochen und Luise für heute 17:10 Uhr wegen Krankheit entschuldigt.', '2025-11-05 12:46:10', 0, 0, 0, 0, 0),
(49, 20, 'PHY', '2025-01-23', 'Trigkidis, Dimitrios', 'Schwerpunkte', 'Elektrische Energie: Bauelemente Elektronik Absprachen einhaltendarbeitet selbstständigkonzentriertvorbereitetLernfortschritt erzielt 26 – 50 of 72 add Fach		Thema', '2025-11-05 12:46:10', 0, 0, 0, 0, 0);

-- --------------------------------------------------------

--
-- Tabellenstruktur für Tabelle `mtr_rueckkopplung_lehrkraft_lesson`
--

CREATE TABLE `mtr_rueckkopplung_lehrkraft_lesson` (
  `id` int(11) NOT NULL,
  `ue_unterrichtseinheit_id` int(11) DEFAULT NULL,
  `erfasst_am` datetime DEFAULT CURRENT_TIMESTAMP,
  `mitarbeit` decimal(2,1) DEFAULT '0.0',
  `absprachen` decimal(2,1) DEFAULT '0.0',
  `selbststaendigkeit` decimal(2,1) DEFAULT '0.0',
  `konzentration` decimal(2,1) DEFAULT '0.0',
  `fleiss` decimal(2,1) DEFAULT '0.0',
  `lernfortschritt` decimal(2,1) DEFAULT '0.0',
  `beherrscht_thema` decimal(2,1) DEFAULT '0.0',
  `transferdenken` decimal(2,1) DEFAULT '0.0',
  `basiswissen` decimal(2,1) DEFAULT '0.0',
  `vorbereitet` decimal(2,1) DEFAULT '0.0',
  `themenauswahl` decimal(2,1) DEFAULT '0.0',
  `materialien` decimal(2,1) DEFAULT '0.0',
  `methodenvielfalt` decimal(2,1) DEFAULT '0.0',
  `individualisierung` decimal(2,1) DEFAULT '0.0',
  `aufforderung` decimal(2,1) DEFAULT '0.0',
  `zielgruppen` decimal(2,1) DEFAULT '0.0',
  `note` decimal(2,1) DEFAULT '0.0',
  `emotions` varchar(100) NOT NULL,
  `bemerkungen` varchar(255) NOT NULL
) ENGINE=InnoDB DEFAULT CHARSET=utf8mb4;

--
-- Daten für Tabelle `mtr_rueckkopplung_lehrkraft_lesson`
--

INSERT INTO `mtr_rueckkopplung_lehrkraft_lesson` (`id`, `ue_unterrichtseinheit_id`, `erfasst_am`, `mitarbeit`, `absprachen`, `selbststaendigkeit`, `konzentration`, `fleiss`, `lernfortschritt`, `beherrscht_thema`, `transferdenken`, `basiswissen`, `vorbereitet`, `themenauswahl`, `materialien`, `methodenvielfalt`, `individualisierung`, `aufforderung`, `zielgruppen`, `note`, `emotions`, `bemerkungen`) VALUES
(1, 2, '2025-09-09 00:00:00', '2.0', '2.0', '3.2', '2.2', '1.6', '2.4', '1.7', '2.1', '4.0', '2.9', '1.9', '2.5', '0.0', '1.9', '2.4', '1.9', '4.0', '', ''),
(2, 3, '2025-09-09 00:00:00', '2.9', '2.6', '2.8', '3.2', '3.8', '3.5', '3.8', '3.4', '4.0', '2.4', '2.5', '2.3', '0.0', '2.8', '3.1', '3.4', '4.2', '', ''),
(3, 4, '2025-09-10 15:35:00', '3.7', '3.2', '3.4', '3.6', '2.7', '2.6', '3.6', '3.9', '4.0', '3.2', '3.3', '3.2', '0.0', '3.8', '3.6', '3.0', '4.8', '', ''),
(4, 5, '2025-09-10 17:10:00', '2.9', '2.8', '3.0', '2.3', '2.6', '2.1', '3.1', '2.8', '4.0', '2.6', '2.3', '1.8', '0.0', '2.0', '2.6', '2.2', '4.2', '', ''),
(5, 7, '2025-09-11 17:10:00', '2.4', '2.6', '3.5', '2.6', '2.7', '2.8', '3.6', '3.5', '4.0', '2.2', '2.0', '2.3', '0.0', '2.7', '2.8', '2.3', '3.9', '', ''),
(6, 10, '2025-09-15 15:35:00', '2.8', '3.4', '3.6', '3.5', '3.6', '2.4', '3.4', '3.3', '4.0', '2.7', '2.5', '3.0', '0.0', '2.5', '2.3', '2.9', '4.5', '', ''),
(7, 11, '2025-09-15 17:10:00', '2.9', '2.7', '2.9', '3.0', '2.8', '3.2', '2.6', '2.7', '4.0', '2.9', '2.5', '2.1', '0.0', '2.2', '1.9', '1.8', '4.0', '', ''),
(8, 12, '2025-09-17 15:35:00', '3.2', '2.8', '3.0', '3.9', '2.7', '2.5', '3.1', '3.1', '4.0', '2.5', '2.5', '2.3', '0.0', '2.8', '2.2', '2.1', '4.5', '', ''),
(9, 13, '2025-09-17 17:10:00', '3.0', '3.0', '3.0', '3.0', '3.0', '3.0', '3.0', '3.0', '3.0', '3.0', '3.0', '3.0', '0.0', '3.0', '3.0', '3.0', '3.0', '', ''),
(10, 14, '2025-09-18 15:35:00', '3.0', '3.0', '3.0', '3.0', '3.0', '3.0', '3.0', '3.0', '3.0', '3.0', '3.0', '3.0', '0.0', '3.0', '3.0', '3.0', '3.0', '', ''),
(11, 15, '2025-09-18 17:10:00', '3.0', '3.0', '3.0', '3.0', '3.0', '3.0', '3.0', '3.0', '3.0', '3.0', '3.0', '3.0', '0.0', '3.0', '3.0', '3.0', '3.0', '', ''),
(12, 18, '2025-09-22 17:10:00', '3.1', '2.8', '3.3', '3.0', '2.9', '2.5', '3.3', '3.0', '4.0', '2.5', '2.0', '1.9', '0.0', '2.6', '2.3', '2.1', '4.0', '', '');

-- --------------------------------------------------------

--
-- Tabellenstruktur für Tabelle `mtr_rueckkopplung_lehrkraft_tn`
--

CREATE TABLE `mtr_rueckkopplung_lehrkraft_tn` (
  `id` int(11) NOT NULL,
  `ue_zuweisung_teilnehmer_id` int(11) DEFAULT NULL,
  `teilnehmer_id` int(11) DEFAULT NULL,
  `datum` date DEFAULT NULL,
  `erfasst_am` datetime DEFAULT CURRENT_TIMESTAMP,
  `lehrkraft` varchar(150) DEFAULT NULL,
  `fach` varchar(10) DEFAULT NULL,
  `thema` varchar(255) DEFAULT NULL,
  `rueckmeldung` text,
  `mitarbeit` int(11) DEFAULT NULL,
  `absprachen` int(11) DEFAULT NULL,
  `selbststaendigkeit` int(11) DEFAULT NULL,
  `konzentration` int(11) DEFAULT NULL,
  `fleiss` int(11) DEFAULT NULL,
  `lernfortschritt` int(11) DEFAULT NULL,
  `beherrscht_thema` int(11) DEFAULT NULL,
  `transferdenken` int(11) DEFAULT NULL,
  `basiswissen` int(11) DEFAULT NULL,
  `vorbereitet` int(11) DEFAULT NULL,
  `themenauswahl` int(11) DEFAULT NULL,
  `materialien` int(11) DEFAULT NULL,
  `methodenvielfalt` int(11) DEFAULT NULL,
  `individualisierung` int(11) DEFAULT NULL,
  `aufforderung` int(11) DEFAULT NULL,
  `emotions` varchar(100) DEFAULT NULL,
  `bemerkungen` varchar(255) DEFAULT NULL,
  `metr_kognition` float DEFAULT NULL,
  `metr_sozial` float DEFAULT NULL,
  `metr_affektiv` float DEFAULT NULL,
  `metr_metakog` float DEFAULT NULL,
  `metr_kohärenz` float DEFAULT NULL
) ENGINE=InnoDB DEFAULT CHARSET=utf8mb4 COMMENT='Lehrkraft-Rückmeldungen mit didaktischen FRZK-Metriken';

--
-- Daten für Tabelle `mtr_rueckkopplung_lehrkraft_tn`
--

INSERT INTO `mtr_rueckkopplung_lehrkraft_tn` (`id`, `ue_zuweisung_teilnehmer_id`, `teilnehmer_id`, `datum`, `erfasst_am`, `lehrkraft`, `fach`, `thema`, `rueckmeldung`, `mitarbeit`, `absprachen`, `selbststaendigkeit`, `konzentration`, `fleiss`, `lernfortschritt`, `beherrscht_thema`, `transferdenken`, `basiswissen`, `vorbereitet`, `themenauswahl`, `materialien`, `methodenvielfalt`, `individualisierung`, `aufforderung`, `emotions`, `bemerkungen`, `metr_kognition`, `metr_sozial`, `metr_affektiv`, `metr_metakog`, `metr_kohärenz`) VALUES
(1, 176, 20, '2025-11-03', '2025-11-05 12:47:56', 'Thiele, Dipl.-Ing. Olaf - geändert: 04.11.25', 'PHY', 'Prüfungsvorbereitung: BLF', 'Schaff, Luise (10 GYM) Protokoll Noten Extras Protokoll filter_listadd ! Luise kommt nicht in den Herbstferien stellt manchmal Fragen, die ein tieferes Verständnis für das aktuelle Thema zeigen hat zuletzt deutlich von der individuellen Unterstützung in der Nachhilfe profitiert setzt Prioritäten bei Lernaufgaben sehr sinnvoll braucht selten Unterstützung bei der Anwendung neuer Lernmethoden gibt nur manchmal zu erkennen, wenn er ein Problem mit einer Aufgabenstellung hat', NULL, NULL, NULL, NULL, NULL, NULL, NULL, NULL, NULL, NULL, NULL, NULL, NULL, NULL, NULL, NULL, NULL, 0, 0, 0, 0.2, 0),
(2, 130, 20, '2025-10-27', '2025-11-05 12:47:56', 'Thiele, Dipl.-Ing. Olaf - geändert: 28.10.25', 'MAT', 'Weitere Themen: Stochastik Üb 2', 'konnte Wissen in der heutigen Stunde weitgehend festigen Selbstständigkeit hat sich in den letzten Wochen deutlich verbessert kann sich sehr gut auf eine Aufgabe konzentrieren, auch wenn diese als uninteressant empfunden wird braucht selten Unterstützung bei der Anwendung neuer Lernmethoden vermeidet die Wiederholung von zuvor gemachten Fehlern erfolgreich', NULL, NULL, NULL, NULL, NULL, NULL, NULL, NULL, NULL, NULL, NULL, NULL, NULL, NULL, NULL, NULL, NULL, 0, 0, 0, 0.2, 0),
(3, 122, 20, '2025-10-24', '2025-11-05 12:47:56', 'Thiele, Dipl.-Ing. Olaf - geändert: 25.10.25', 'PHY', 'Prüfungsvorbereitung: BLF', 'fühlt sich ziemlich sicher bei der Anwendung des Gelernten Einstellung zum Lernen hat sich in letzter Zeit stark verbessert ist sehr offen für andere Lösungsansätze kann die Lernzeit für mehrere Tests normalerweise effektiv einteilen kann umfangreiches Wissen in der Regel sinnvoll zusammenfassen nM Teil B Staudamm', NULL, NULL, NULL, NULL, NULL, NULL, NULL, NULL, NULL, NULL, NULL, NULL, NULL, NULL, NULL, NULL, NULL, 0.4, 0, 0.6, 0.2, 0),
(4, 106, 20, '2025-10-20', '2025-11-05 12:47:56', 'Thiele, Dipl.-Ing. Olaf', 'PHY', 'Weitere Themen: quadrErg', 'ist überwiegend in der Lage, die Fehler einer fremden Lösung zu begründen und zu berichtigen Einstellung zum Lernen hat sich in letzter Zeit verbessert gibt oft zu erkennen, wenn er etwas nicht verstanden hat schafft normalerweise alle Aufgaben in einer Klassenarbeit oder Leistungskontrollen in der dafür angesetzten Zeit erreicht in der Regel vereinbarte Lernziele Wachstum/Zerfall', NULL, NULL, NULL, NULL, NULL, NULL, NULL, NULL, NULL, NULL, NULL, NULL, NULL, NULL, NULL, NULL, NULL, 0.2, 0, 0.2, 0.2, 0),
(5, 77, 20, '2025-09-29', '2025-11-05 12:47:56', 'Thiele, Dipl.-Ing. Olaf', 'PHY', 'Weitere Themen: BLF', 'hat sich in Bereichen, die zuvor als schwierig identifiziert wurden, erstaunlich verbessert hat in letzter Zeit ein deutlich besseres Verständnis für die Anforderungen der Lehrkraft in der Schule entwickelt ergreift oft die Möglichkeit, Hilfsmittel (z.B. Taschenrechner, Tafelwerk, Wörterbuch) zu nutzen benötigt fast keine Zeit, um nach einer Ablenkung die Arbeit wieder aufzunehmen kommuniziert seine Gedanken und Ideen teilweise verständlich und nachvollziehbar', NULL, NULL, NULL, NULL, NULL, NULL, NULL, NULL, NULL, NULL, NULL, NULL, NULL, NULL, NULL, NULL, NULL, 0, 0.2, 0, 0.2, 0.2),
(6, 72, 20, '2025-09-26', '2025-11-05 12:47:56', 'Thiele, Dipl.-Ing. Olaf', 'PHY', 'Prüfungsvorbereitung: BLF', 'beherrscht die spezifischen Fachbegriffe zuverlässig Vertrauen in die eigenen Fähigkeiten hat sich in den letzten Wochen stark verbessert wird von schwierigeren Aufgaben immerzu motiviert arbeitet überwiegend in einem angemessenen Tempo erreicht in der Regel vereinbarte Lernziele', NULL, NULL, NULL, NULL, NULL, NULL, NULL, NULL, NULL, NULL, NULL, NULL, NULL, NULL, NULL, NULL, NULL, 0, 0, 0.2, 0.2, 0),
(7, 51, 20, '2025-09-22', '2025-11-05 12:47:56', 'Thiele, Dipl.-Ing. Olaf - geändert: 23.09.25', 'MAT', 'Weitere Themen: trigFkt', 'nutzt oft die vermittelten Methoden Vertrauen in die eigenen Fähigkeiten hat sich in den letzten Wochen verbessert kann den eigenen Lösungsweg häufig nachvollziehbar schriftlich präsentieren bittet aktiv um Feedback kann umfangreiches Wissen in der Regel sinnvoll zusammenfassen', NULL, NULL, NULL, NULL, NULL, NULL, NULL, NULL, NULL, NULL, NULL, NULL, NULL, NULL, NULL, NULL, NULL, 0.2, 0.2, 0, 0.2, 0.2),
(8, 43, 20, '2025-09-19', '2025-11-05 12:47:56', 'Thiele, Dipl.-Ing. Olaf - geändert: 20.09.25', 'PHY', 'Trigonometrie: Üb', 'beherrscht die spezifischen Fachbegriffe zuverlässig Notenentwicklung in den letzten Wochen unverändert kann Wissen, das in den letzten Nachhilfestunden thematisiert wurde, meistens abrufen hält Fristen für Hausaufgaben und Projekte sehr konsequent ein reagiert interessiert auf neue Herausforderungen', NULL, NULL, NULL, NULL, NULL, NULL, NULL, NULL, NULL, NULL, NULL, NULL, NULL, NULL, NULL, NULL, NULL, 0, 0, 0.2, 0, 0),
(9, 36, 20, '2025-09-08', '2025-11-05 12:47:56', 'Thiele, Dipl.-Ing. Olaf - geändert: 09.09.25', 'MAT', 'Quadratische Funktion/Gleichung: BLF T B', 'Newtonsche Gesetze: VorbLK kann erlerntes Wissen auch bei unangekündigten Tests zuverlässig abrufen Geschwindigkeit beim Lösen von Aufgaben hat sich in den letzten Stunden ohne Qualitätsverlust erhöht kann den eigenen Lösungsweg häufig nachvollziehbar mündlich präsentieren versucht sich oftmals erneut an Aufgaben, mit denen es kurz zuvor Probleme gab ist oft fähig, Aufgaben ohne direkte Anleitung zu beginnen', NULL, NULL, NULL, NULL, NULL, NULL, NULL, NULL, NULL, NULL, NULL, NULL, NULL, NULL, NULL, NULL, NULL, 0.2, 0, 0, 0, 0.2);

-- --------------------------------------------------------

--
-- Tabellenstruktur für Tabelle `mtr_rueckkopplung_teilnehmer`
--

CREATE TABLE `mtr_rueckkopplung_teilnehmer` (
  `id` int(11) NOT NULL COMMENT 'neu',
  `ue_id` int(11) NOT NULL,
  `ue_zuweisung_teilnehmer_id` int(11) NOT NULL,
  `teilnehmer_id` int(11) DEFAULT NULL,
  `gruppe_id` tinyint(4) NOT NULL,
  `einrichtung_id` int(11) NOT NULL DEFAULT '1',
  `erfasst_am` datetime DEFAULT CURRENT_TIMESTAMP,
  `mitarbeit` int(1) DEFAULT NULL,
  `absprachen` int(1) DEFAULT NULL,
  `selbststaendigkeit` int(1) DEFAULT NULL,
  `konzentration` int(1) DEFAULT NULL,
  `fleiss` int(1) DEFAULT NULL,
  `lernfortschritt` int(1) DEFAULT NULL,
  `beherrscht_thema` int(1) DEFAULT NULL,
  `transferdenken` int(1) DEFAULT NULL,
  `basiswissen` int(1) DEFAULT NULL,
  `vorbereitet` int(1) DEFAULT NULL,
  `themenauswahl` int(1) DEFAULT NULL,
  `materialien` int(1) DEFAULT NULL,
  `methodenvielfalt` int(1) DEFAULT NULL,
  `individualisierung` int(1) DEFAULT NULL,
  `aufforderung` int(1) DEFAULT NULL,
  `zielgruppen` int(1) NOT NULL,
  `emotions` varchar(100) NOT NULL,
  `bemerkungen` varchar(255) NOT NULL
) ENGINE=InnoDB DEFAULT CHARSET=utf8mb4;

--
-- Daten für Tabelle `mtr_rueckkopplung_teilnehmer`
--

INSERT INTO `mtr_rueckkopplung_teilnehmer` (`id`, `ue_id`, `ue_zuweisung_teilnehmer_id`, `teilnehmer_id`, `gruppe_id`, `einrichtung_id`, `erfasst_am`, `mitarbeit`, `absprachen`, `selbststaendigkeit`, `konzentration`, `fleiss`, `lernfortschritt`, `beherrscht_thema`, `transferdenken`, `basiswissen`, `vorbereitet`, `themenauswahl`, `materialien`, `methodenvielfalt`, `individualisierung`, `aufforderung`, `zielgruppen`, `emotions`, `bemerkungen`) VALUES
(1, 0, 34, 21, 2, 1, '2025-09-08 17:10:00', 3, 1, 1, 2, 2, 2, 2, 1, 2, 3, 1, 1, 1, 1, 1, 1, '3,28,1', ''),
(2, 0, 27, 12, 2, 1, '2025-09-08 17:10:00', 1, 1, 1, 1, 1, 1, 1, 1, 1, 1, 1, 1, 1, 1, 1, 1, '1', ''),
(3, 0, 36, 20, 2, 1, '2025-09-08 17:10:00', 2, 2, 2, 2, 2, 1, 2, 2, 2, 1, 1, 1, 1, 1, 1, 2, '6,23,2', ''),
(4, 0, 14, 16, 2, 1, '2025-09-08 17:10:00', 2, 1, 4, 2, 1, 2, 2, 2, 3, 1, 1, 1, 1, 2, 2, 1, '23', ''),
(5, 0, 19, 3, 3, 1, '2025-09-09 15:35:00', 1, 1, 2, 1, 1, 1, 1, 1, 2, 2, 1, 1, 1, 1, 1, 1, '6,25,24,2', ''),
(6, 0, 3, 9, 4, 1, '2025-09-09 17:10:00', 1, 2, 1, 1, 5, 3, 3, 1, 3, 3, 2, 2, 1, 1, 1, 3, '22', ''),
(7, 0, 14, 16, 4, 1, '2025-09-09 17:10:00', 2, 3, 5, 3, 2, 2, 2, 2, 2, 2, 1, 3, 1, 2, 1, 2, '22', ''),
(8, 0, 5, 8, 4, 1, '2025-09-09 17:10:00', 3, 2, 3, 3, 3, 3, 4, 2, 3, 2, 2, 2, 3, 3, 3, 3, '', ''),
(9, 0, 6, 5, 4, 1, '2025-09-09 17:10:00', 2, 2, 3, 2, 2, 3, 3, 2, 3, 1, 2, 2, 2, 0, 2, 2, '22,1,15,6,23,4,25,20', ''),
(10, 0, 25, 11, 5, 1, '2025-09-10 15:35:00', 2, 1, 2, 2, 1, 2, 2, 2, 2, 1, 2, 2, 1, 2, 2, 2, '1,13,2', ''),
(11, 0, 24, 6, 5, 1, '2025-09-10 15:35:00', 2, 3, 2, 2, 2, 2, 2, 2, 2, 2, 2, 2, 2, 2, 2, 2, '3,28,1', ''),
(12, 0, 26, 7, 6, 1, '2025-09-10 17:10:00', 3, 1, 4, 4, 2, 2, 3, 3, 1, 1, 1, 1, 1, 2, 2, 2, '22,4,25', ''),
(13, 0, 28, 14, 6, 1, '2025-09-10 17:10:00', 1, 2, 2, 1, 1, 1, 2, 2, 2, 2, 2, 2, 2, 1, 1, 1, '15,25,20', ''),
(14, 0, 40, 12, 6, 1, '2025-09-10 17:10:00', 1, 1, 1, 1, 1, 1, 1, 1, 2, 2, 1, 1, 1, 1, 1, 1, '', ''),
(15, 0, 40, 12, 6, 1, '2025-09-10 17:10:00', 1, 1, 1, 1, 1, 1, 1, 1, 2, 2, 1, 1, 1, 1, 1, 1, '', ''),
(16, 0, 30, 22, 6, 1, '2025-09-10 17:10:00', 2, 2, 2, 1, 2, 3, 4, 3, 3, 2, 1, 1, 1, 1, 1, 2, '5,4,7,25', ''),
(17, 0, 29, 13, 6, 1, '2025-09-10 17:10:00', 2, 2, 2, 2, 1, 2, 2, 3, 2, 2, 2, 2, 2, 2, 2, 3, '', ''),
(18, 0, 15, 9, 7, 1, '2025-09-11 15:35:00', 2, 1, 1, 2, 2, 1, 2, 2, 2, 3, 2, 2, 1, 2, 2, 2, '5,22,27,1,6,10,23,18,4,9,14,13,7,16,26', ''),
(19, 0, 12, 15, 7, 1, '2025-09-11 15:35:00', 1, 2, 4, 5, 4, 2, 3, 2, 4, 2, 1, 2, 2, 1, 1, 2, '17,5,22,4,16,25,24,20', ''),
(20, 0, 13, 10, 7, 1, '2025-09-11 15:35:00', 1, 1, 2, 2, 2, 1, 4, 3, 3, 1, 1, 2, 1, 1, 1, 1, '28,1,6,23,8,13,16,25,2', ''),
(21, 0, 16, 18, 8, 1, '2025-09-11 17:10:00', 1, 3, 1, 2, 2, 1, 1, 1, 1, 1, 1, 3, 3, 2, 2, 2, '2', ''),
(22, 0, 13, 10, 8, 1, '2025-09-11 17:10:00', 3, 3, 2, 3, 4, 2, 2, 2, 2, 3, 2, 2, 2, 1, 1, 2, '28', ''),
(23, 0, 14, 16, 8, 1, '2025-09-11 17:10:00', 1, 1, 4, 2, 2, 2, 4, 2, 4, 1, 1, 1, 1, 1, 1, 1, '27,23,24', ''),
(24, 0, 17, 17, 8, 1, '2025-09-11 17:10:00', 2, 1, 4, 2, 1, 1, 3, 3, 3, 1, 1, 1, 1, 1, 1, 1, '1,6,14,13', ''),
(32, 0, 33, 2, 1, 1, '2025-09-15 15:35:00', 3, 3, 4, 4, 3, 2, 3, 3, 2, 2, 2, 2, 2, 2, 1, 2, '22,25,12,24,11,20', ''),
(33, 0, 34, 21, 2, 1, '2025-09-15 17:10:00', 2, 1, 1, 1, 2, 2, 1, 2, 2, 4, 1, 1, 1, 1, 1, 1, '2', ''),
(34, 0, 35, 16, 2, 1, '2025-09-15 17:10:00', 2, 1, 4, 3, 2, 2, 3, 2, 3, 1, 1, 1, 2, 2, 1, 2, '27,6,23', ''),
(35, 0, 36, 20, 2, 1, '2025-09-15 17:10:00', 2, 2, 2, 2, 2, 2, 2, 2, 2, 2, 1, 1, 1, 1, 1, 1, '4,24', ''),
(36, 0, 37, 23, 2, 1, '2025-09-15 17:10:00', 3, 2, 2, 2, 2, 2, 2, 3, 3, 2, 1, 2, 2, 2, 1, 1, '5,23,13,25,2', ''),
(37, 0, 38, 10, 5, 1, '2025-09-17 15:35:00', 1, 1, 2, 3, 1, 1, 3, 2, 1, 1, 1, 1, 2, 1, 1, 1, '28,22,6,23,18,9,8,14,26,25,12,24,2,11,20', ''),
(38, 0, 39, 2, 5, 1, '2025-09-17 15:35:00', 1, 2, 1, 1, 2, 1, 1, 1, 1, 2, 2, 1, 2, 2, 1, 2, '3,28,1,23,4,8,13', ''),
(39, 0, 27, 12, 6, 1, '2025-09-17 17:10:00', 1, 1, 1, 1, 1, 1, 2, 2, 1, 1, 2, 1, 1, 1, 1, 1, '5,3,28,1,6', ''),
(40, 0, 28, 14, 6, 1, '2025-09-17 17:10:00', 1, 2, 1, 2, 1, 1, 1, 2, 2, 1, 2, 1, 1, 2, 1, 1, '23,8,13,2', ''),
(41, 0, 15, 9, 7, 1, '2025-09-18 15:35:00', 2, 1, 1, 1, 2, 2, 2, 2, 2, 1, 1, 1, 2, 1, 1, 1, '5,28,22,27,1,6,18,4,14,13', ''),
(42, 0, 12, 15, 7, 1, '2025-09-18 15:35:00', 2, 2, 4, 4, 3, 1, 2, 3, 4, 2, 2, 2, 1, 1, 2, 2, '', ''),
(43, 0, 38, 10, 7, 1, '2025-09-18 15:35:00', 1, 1, 1, 2, 1, 1, 3, 1, 1, 1, 2, 2, 1, 1, 1, 1, '22,27,1,6,10,23,18,8,14,13,26,25,24,2', ''),
(44, 0, 17, 17, 8, 1, '2025-09-18 17:10:00', 2, 1, 4, 2, 2, 1, 3, 3, 3, 1, 1, 1, 1, 1, 1, 1, '1,6,23,13', ''),
(45, 0, 18, 19, 8, 1, '2025-09-18 17:10:00', 3, 3, 2, 3, 3, 2, 3, 2, 3, 2, 2, 2, 2, 2, 2, 2, '5,28,2', ''),
(46, 0, 42, 6, 9, 1, '2025-09-19 15:35:00', 3, 3, 2, 3, 3, 2, 3, 3, 3, 3, 3, 3, 3, 3, 3, 3, '3,6,10', ''),
(47, 0, 43, 20, 9, 1, '2025-09-19 15:35:00', 2, 2, 1, 2, 2, 2, 2, 2, 2, 2, 1, 1, 1, 1, 1, 1, '4,2', ''),
(48, 0, 44, 11, 9, 1, '2025-09-19 15:35:00', 2, 2, 3, 2, 2, 2, 2, 3, 3, 2, 2, 3, 2, 3, 2, 2, '1,23', ''),
(49, 0, 45, 24, 9, 1, '2025-09-19 15:35:00', 3, 1, 2, 2, 2, 2, 3, 2, 3, 2, 1, 1, 2, 2, 3, 1, '5,28,6,10,23,14', ''),
(50, 0, 46, 4, 9, 1, '2025-09-19 15:35:00', 3, 3, 4, 3, 3, 3, 4, 4, 4, 2, 2, 1, 2, 3, 4, 3, '17,5,15,6', ''),
(51, 0, 47, 2, 1, 1, '2025-09-22 15:35:00', 2, 2, 2, 3, 2, 1, 2, 2, 3, 1, 1, 2, 2, 2, 1, 2, '3,28,1,23,4,8,13,2', ''),
(52, 0, 48, 16, 2, 1, '2025-09-22 17:10:00', 2, 1, 1, 2, 2, 2, 3, 3, 3, 2, 1, 1, 1, 2, 2, 1, '23', ''),
(53, 0, 49, 13, 2, 1, '2025-09-22 17:10:00', 1, 3, 1, 1, 2, 1, 2, 3, 2, 1, 1, 1, 1, 1, 1, 2, '5,1,7,2', ''),
(54, 0, 50, 21, 2, 1, '2025-09-22 17:10:00', 2, 1, 1, 1, 1, 1, 1, 2, 2, 2, 1, 1, 1, 2, 1, 1, '23', ''),
(55, 0, 51, 20, 2, 1, '2025-09-22 17:10:00', 2, 1, 2, 2, 2, 2, 1, 2, 2, 2, 2, 2, 1, 1, 1, 1, '2', ''),
(56, 0, 52, 23, 2, 1, '2025-09-22 17:10:00', 2, 2, 3, 2, 2, 2, 2, 3, 1, 2, 2, 3, 2, 1, 2, 2, '5,23,4,14,13,2', ''),
(57, 0, 53, 16, 3, 1, '2025-09-23 15:35:00', 1, 1, 1, 1, 1, 1, 1, 1, 1, 1, 1, 1, 1, 1, 1, 1, '1,23,4,9,14,13,7', ''),
(58, 0, 54, 9, 4, 1, '2025-09-23 17:10:00', 3, 2, 3, 2, 3, 3, 3, 2, 1, 4, 2, 1, 2, 1, 1, 1, '5,3,28,22,1,6,23,4,8,14,13', ''),
(59, 0, 55, 8, 4, 1, '2025-09-23 17:10:00', 4, 3, 3, 4, 4, 3, 3, 2, 2, 2, 1, 2, 2, 3, 3, 3, '22,1,18', ''),
(60, 0, 56, 24, 4, 1, '2025-09-23 17:10:00', 2, 1, 2, 1, 2, 1, 2, 2, 1, 3, 1, 1, 1, 1, 1, 2, '28,1,10,4,14', ''),
(61, 0, 0, 10, 5, 1, '2025-09-24 15:35:00', 1, 1, 1, 1, 2, 1, 1, 1, 1, 1, 1, 1, 1, 1, 1, 1, '28,22,27,1,6,10,23,18,4,8,14,13,26,25,12,24,2,20', ''),
(62, 0, 58, 6, 5, 1, '2025-09-24 15:35:00', 2, 2, 2, 2, 2, 2, 2, 2, 2, 2, 2, 2, 2, 2, 2, 2, '3,28,1,4', ''),
(63, 0, 59, 4, 5, 1, '2025-09-24 15:35:00', 2, 2, 3, 3, 2, 1, 4, 3, 4, 3, 2, 3, 3, 3, 2, 3, '5,3,28,1,6', ''),
(64, 0, 60, 7, 6, 1, '2025-09-24 17:10:00', 1, 1, 2, 3, 2, 2, 2, 2, 2, 2, 2, 2, 2, 3, 3, 2, '22,4,25', ''),
(65, 0, 61, 14, 6, 1, '2025-09-24 17:10:00', 1, 1, 2, 1, 1, 1, 2, 2, 2, 1, 1, 1, 1, 1, 1, 1, '6,23,4,14,2', ''),
(66, 0, 62, 22, 6, 1, '2025-09-24 17:10:00', 2, 2, 4, 3, 3, 3, 4, 3, 3, 2, 1, 1, 2, 1, 1, 2, '5,28,1,23,4,9,8', ''),
(67, 0, 63, 13, 6, 1, '2025-09-24 17:10:00', 2, 2, 2, 2, 1, 2, 2, 2, 2, 2, 2, 1, 2, 2, 2, 2, '6,8,7,11', ''),
(68, 0, 64, 9, 7, 1, '2025-09-25 15:35:00', 3, 1, 2, 5, 2, 0, 1, 2, 1, 3, 0, 0, 2, 2, 1, 2, '17,5,3,28,22,15,23,18,19,8,16,26,25,12,24,11,20', ''),
(69, 0, 65, 15, 7, 1, '2025-09-25 15:35:00', 2, 1, 3, 2, 1, 2, 3, 3, 3, 2, 1, 2, 2, 1, 1, 1, '5,28,22,6,23', ''),
(70, 0, 66, 10, 7, 1, '2025-09-25 15:35:00', 1, 1, 1, 3, 1, 1, 1, 1, 1, 1, 1, 2, 2, 1, 1, 1, '28,22,27,1,23,18,14,13,25,2,20', ''),
(71, 0, 67, 18, 8, 1, '2025-09-25 17:10:00', 1, 2, 1, 2, 2, 1, 1, 2, 1, 1, 1, 2, 2, 3, 2, 1, '3', ''),
(72, 0, 68, 16, 8, 1, '2025-09-25 17:10:00', 1, 1, 2, 1, 1, 1, 2, 1, 2, 1, 1, 1, 1, 1, 1, 1, '5,6,10,23,9,8,14,13,7,12,2', ''),
(73, 0, 69, 19, 8, 1, '2025-09-25 17:10:00', 2, 2, 2, 2, 2, 1, 2, 2, 2, 1, 2, 2, 2, 2, 2, 2, '5,28,2', ''),
(74, 0, 70, 17, 8, 1, '2025-09-25 17:10:00', 3, 1, 5, 3, 3, 3, 4, 4, 4, 1, 1, 1, 1, 1, 1, 3, '6,10,23,4,9,12', ''),
(75, 0, 71, 4, 9, 1, '2025-09-26 15:35:00', 2, 3, 3, 2, 3, 2, 4, 2, 3, 4, 3, 3, 2, 3, 3, 1, '5', ''),
(76, 0, 72, 20, 9, 1, '2025-09-26 15:35:00', 2, 2, 2, 2, 2, 2, 2, 2, 2, 1, 1, 1, 1, 1, 1, 1, '23,24', ''),
(77, 0, 23, 24, 9, 1, '2025-09-26 17:30:26', 1, 1, 1, 1, 2, 1, 2, 2, 2, 2, 1, 1, 2, 2, 1, 2, '5,27,1,2', ''),
(79, 0, 75, 2, 1, 1, '2025-09-29 15:35:00', 3, 2, 3, 2, 1, 3, 3, 3, 2, 2, 2, 2, 1, 2, 1, 2, '9,24', ''),
(80, 0, 76, 21, 2, 1, '2025-09-29 17:10:00', 1, 1, 1, 2, 2, 1, 2, 2, 2, 3, 1, 1, 1, 2, 1, 1, '1', ''),
(81, 0, 77, 20, 2, 1, '2025-09-29 17:10:00', 2, 2, 2, 2, 2, 2, 2, 2, 2, 1, 1, 1, 1, 1, 1, 1, '14,2', ''),
(82, 0, 78, 16, 2, 1, '2025-09-29 17:10:00', 1, 1, 2, 1, 1, 1, 2, 1, 2, 1, 1, 1, 1, 1, 1, 1, '5,3,28,27,6,10,4,14,7', ''),
(83, 0, 79, 23, 2, 1, '2025-09-29 17:10:00', 2, 2, 2, 2, 2, 3, 3, 2, 2, 2, 2, 2, 2, 2, 2, 2, '5,1,23,4', ''),
(84, 0, 80, 3, 3, 1, '2025-09-30 15:35:00', 2, 2, 2, 2, 2, 2, 2, 2, 3, 1, 1, 2, 1, 1, 1, 1, '15,21,16,20', ''),
(85, 0, 81, 7, 4, 1, '2025-09-30 17:10:00', 4, 2, 2, 5, 3, 3, 1, 2, 1, 2, 1, 2, 1, 2, 2, 2, '22,1,13', ''),
(86, 0, 82, 9, 4, 1, '2025-09-30 17:10:00', 4, 2, 3, 6, 2, 2, 5, 1, 2, 3, 1, 5, 2, 2, 6, 2, '17,22,1,15,19,13,16,25,24,20', ''),
(87, 0, 83, 8, 4, 1, '2025-09-30 17:10:00', 3, 2, 2, 3, 3, 3, 1, 2, 2, 2, 3, 1, 2, 3, 2, 3, '23', ''),
(88, 0, 84, 24, 4, 1, '2025-09-30 17:10:00', 1, 2, 2, 2, 2, 1, 2, 3, 2, 2, 2, 3, 1, 1, 2, 2, '23,12', ''),
(89, 0, 85, 5, 4, 1, '2025-09-30 17:10:00', 2, 2, 2, 0, 2, 1, 2, 2, 2, 1, 0, 0, 2, 2, 2, 2, '5,1,4,9,8,13,7', ''),
(90, 0, 86, 6, 5, 1, '2025-10-01 15:35:00', 2, 2, 2, 2, 2, 2, 2, 2, 2, 2, 2, 2, 2, 2, 2, 2, '3,28,1', ''),
(91, 0, 87, 11, 5, 1, '2025-10-01 15:35:00', 2, 3, 1, 2, 1, 1, 2, 2, 1, 2, 2, 1, 2, 2, 2, 2, '4,14,13,2', ''),
(92, 0, 88, 2, 5, 1, '2025-10-01 15:35:00', 2, 1, 2, 2, 2, 1, 2, 1, 2, 1, 2, 1, 2, 2, 2, 2, '23,4,9,8,2', ''),
(93, 0, 0, 10, 5, 1, '2025-10-01 16:53:43', 1, 1, 1, 3, 1, 1, 1, 1, 1, 1, 1, 1, 1, 1, 1, 1, '3,28,22,27,1,10,23,18,9,14,16,26,25,2', ''),
(94, 0, 90, 12, 6, 1, '2025-10-01 17:10:00', 1, 1, 1, 1, 1, 1, 1, 1, 1, 1, 1, 1, 1, 2, 1, 1, '6', ''),
(95, 0, 91, 14, 6, 1, '2025-10-01 17:10:00', 1, 1, 2, 1, 1, 2, 2, 2, 2, 1, 1, 1, 1, 1, 2, 1, '28,23,4', ''),
(96, 0, 92, 22, 6, 1, '2025-10-01 17:10:00', 2, 2, 3, 2, 2, 2, 3, 3, 4, 2, 1, 1, 1, 1, 1, 1, '23,4,8,7,2', ''),
(97, 0, 93, 9, 7, 1, '2025-10-02 15:35:00', 2, 2, 1, 2, 2, 2, 1, 2, 2, 2, 1, 2, 2, 1, 2, 1, '5,28,22,15,6,10,23,4,9,21,19,8,14,13,7,16,26,25,12,24', ''),
(98, 0, 0, 10, 7, 1, '2025-10-02 16:53:16', 1, 1, 3, 3, 1, 1, 1, 1, 3, 2, 1, 1, 1, 1, 1, 1, '5,22,27,1,10,23,18,9,8,14,13,25,2,20', ''),
(99, 0, 95, 18, 8, 1, '2025-10-02 17:10:00', 1, 2, 1, 2, 2, 2, 2, 1, 1, 2, 1, 2, 2, 2, 2, 2, '3', ''),
(100, 0, 96, 16, 8, 1, '2025-10-02 17:10:00', 2, 1, 3, 2, 2, 2, 2, 2, 3, 1, 1, 1, 1, 1, 1, 1, '23,4,26', ''),
(101, 0, 97, 19, 8, 1, '2025-10-02 17:10:00', 2, 2, 2, 3, 2, 2, 2, 2, 2, 2, 1, 2, 2, 2, 2, 2, '28,2', ''),
(102, 0, 98, 17, 8, 1, '2025-10-02 17:10:00', 3, 1, 4, 3, 2, 3, 3, 3, 3, 1, 1, 2, 1, 1, 1, 2, '1,6,10,9,14', ''),
(103, 0, 99, 22, 4, 1, '2025-10-07 17:10:00', 2, 2, 3, 1, 2, 2, 3, 3, 3, 2, 1, 1, 1, 1, 1, 1, '5,28,23,4,7,2', ''),
(104, 0, 100, 8, 4, 1, '2025-10-07 17:10:00', 1, 1, 2, 1, 2, 2, 2, 2, 2, 1, 2, 1, 2, 2, 2, 2, '14', ''),
(105, 0, 101, 13, 4, 1, '2025-10-07 17:10:00', 1, 2, 1, 1, 1, 1, 1, 1, 2, 1, 2, 2, 2, 2, 1, 1, '', ''),
(106, 0, 102, 2, 1, 1, '2025-10-20 15:35:00', 2, 1, 2, 2, 2, 1, 1, 2, 1, 2, 2, 1, 2, 2, 2, 2, '22,9,8,14,2', ''),
(107, 0, 0, 40, 1, 1, '2025-10-20 16:43:26', 2, 2, 1, 0, 2, 3, 3, 3, 2, 1, 0, 3, 2, 1, 2, 3, '5,23,11', ''),
(108, 0, 104, 21, 2, 1, '2025-10-20 17:10:00', 2, 2, 2, 3, 3, 3, 3, 3, 3, 3, 2, 2, 1, 1, 1, 1, '2', ''),
(109, 0, 105, 21, 2, 1, '2025-10-20 17:10:00', 2, 2, 2, 3, 3, 3, 3, 3, 3, 3, 2, 2, 1, 1, 1, 1, '2', ''),
(110, 0, 106, 20, 2, 1, '2025-10-20 17:10:00', 2, 2, 2, 2, 2, 1, 2, 2, 2, 2, 1, 1, 1, 1, 1, 1, '2', ''),
(111, 0, 107, 23, 2, 1, '2025-10-20 17:10:00', 2, 2, 2, 2, 2, 2, 2, 2, 2, 2, 1, 1, 2, 2, 2, 2, '1,23,4,8,13', ''),
(112, 0, 108, 3, 3, 1, '2025-10-21 15:35:00', 1, 1, 1, 2, 1, 1, 1, 1, 1, 1, 1, 1, 1, 1, 1, 1, '5,28,1,4,8,14,7,12,2,11', ''),
(113, 0, 109, 7, 4, 1, '2025-10-21 17:10:00', 1, 1, 3, 2, 2, 3, 3, 3, 2, 1, 1, 2, 3, 2, 2, 2, '23,4,25', ''),
(114, 0, 110, 8, 4, 1, '2025-10-21 17:10:00', 2, 2, 3, 3, 3, 3, 2, 2, 2, 2, 2, 2, 2, 2, 2, 3, '4', ''),
(115, 0, 111, 5, 4, 1, '2025-10-21 17:10:00', 1, 0, 3, 1, 1, 2, 2, 3, 3, 1, 2, 2, 2, 2, 1, 2, '5,1,6,10,23,4,8,13,7,24,2', ''),
(116, 0, 112, 6, 5, 1, '2025-10-22 15:35:00', 3, 2, 3, 3, 3, 3, 3, 3, 3, 3, 2, 2, 2, 2, 2, 2, '16', ''),
(117, 0, 113, 22, 6, 1, '2025-10-22 17:10:00', 2, 2, 1, 2, 2, 2, 3, 3, 2, 1, 1, 1, 1, 1, 2, 1, '5,1,23,4,8,13,7,2', ''),
(118, 0, 114, 7, 6, 1, '2025-10-22 17:10:00', 1, 1, 2, 2, 2, 2, 3, 3, 2, 2, 1, 1, 2, 1, 3, 2, '4', ''),
(119, 0, 115, 14, 6, 1, '2025-10-22 17:10:00', 3, 1, 3, 3, 3, 2, 1, 2, 2, 2, 2, 2, 2, 2, 1, 2, '22,23', ''),
(120, 0, 0, 10, 0, 1, '2025-10-23 15:31:28', 1, 1, 2, 1, 1, 1, 2, 1, 2, 1, 1, 1, 1, 1, 1, 1, '28,22,27,1,6,10,23,18,4,14,13,16', ''),
(121, 0, 116, 16, 7, 1, '2025-10-23 15:35:00', 1, 1, 2, 2, 1, 1, 1, 1, 2, 1, 1, 1, 1, 1, 1, 1, '28,22,27,1,15,6,10,23,18,4,14,13,16,26,25,2,11,20', ''),
(122, 0, 117, 15, 7, 1, '2025-10-23 15:35:00', 2, 3, 2, 2, 3, 2, 4, 2, 2, 2, 3, 2, 1, 2, 4, 4, '', ''),
(123, 0, 118, 18, 7, 1, '2025-10-23 15:35:00', 2, 2, 1, 3, 2, 2, 1, 2, 1, 2, 2, 2, 2, 1, 1, 1, '14', ''),
(124, 0, 119, 18, 8, 1, '2025-10-23 17:10:00', 3, 2, 4, 3, 3, 3, 3, 2, 3, 2, 1, 2, 2, 1, 2, 2, '22', ''),
(125, 0, 120, 16, 8, 1, '2025-10-23 17:10:00', 3, 1, 4, 3, 2, 3, 3, 2, 3, 1, 1, 1, 1, 2, 1, 1, '6', ''),
(126, 0, 121, 17, 8, 1, '2025-10-23 17:10:00', 3, 1, 4, 3, 2, 1, 3, 3, 3, 1, 3, 1, 2, 1, 1, 1, '1,6,10,13', ''),
(127, 0, 122, 20, 9, 1, '2025-10-24 15:35:00', 2, 2, 2, 2, 2, 2, 2, 2, 2, 2, 1, 1, 1, 1, 1, 1, '4,13', ''),
(128, 0, 123, 6, 9, 1, '2025-10-24 15:35:00', 2, 2, 3, 2, 2, 2, 2, 2, 3, 2, 2, 2, 2, 2, 2, 2, '3,10', ''),
(129, 0, 124, 4, 9, 1, '2025-10-24 15:35:00', 2, 2, 3, 3, 4, 2, 3, 4, 2, 4, 3, 4, 2, 3, 4, 2, '5,28,6', ''),
(130, 0, 0, 40, 1, 1, '2025-10-27 16:46:37', 2, 2, 3, 1, 2, 2, 2, 3, 4, 3, 2, 1, 2, 3, 2, 1, '15,23,14,25,11', ''),
(131, 0, 126, 4, 1, 1, '2025-10-27 15:35:00', 2, 2, 2, 2, 2, 2, 2, 3, 2, 2, 2, 2, 3, 2, 3, 3, '5,3,1', ''),
(132, 0, 127, 16, 2, 1, '2025-10-27 17:10:00', 2, 1, 3, 2, 2, 2, 3, 3, 3, 2, 1, 1, 1, 1, 1, 1, '22,23,9,25', ''),
(133, 0, 128, 21, 2, 1, '2025-10-27 17:10:00', 1, 2, 1, 1, 1, 2, 2, 2, 2, 1, 1, 1, 1, 1, 1, 1, '28', ''),
(135, 0, 130, 20, 2, 1, '2025-10-27 17:10:00', 2, 2, 2, 2, 2, 2, 2, 2, 2, 2, 1, 1, 1, 1, 1, 1, '4', ''),
(136, 0, 131, 23, 2, 1, '2025-10-27 17:10:00', 2, 2, 3, 2, 2, 2, 2, 2, 2, 2, 2, 2, 2, 2, 2, 2, '5,1,23,4', ''),
(138, 0, 132, 8, 4, 1, '2025-10-28 17:10:00', 2, 2, 2, 2, 3, 2, 3, 2, 3, 2, 1, 2, 2, 2, 2, 2, '6', ''),
(139, 0, 133, 9, 4, 1, '2025-10-28 17:10:00', 2, 2, 2, 3, 3, 3, 2, 2, 2, 2, 2, 2, 3, 3, 2, 2, '17,5,22,27,1,15,6,8,14,16,25,24,2,20', ''),
(140, 0, 134, 5, 4, 1, '2025-10-28 17:10:00', 2, 2, 0, 1, 1, 2, 0, 3, 3, 1, 0, 0, 0, 0, 1, 0, '5,1,6,10,23,4,8,14,13,7,12,2', ''),
(141, 0, 135, 2, 5, 1, '2025-10-29 15:35:00', 2, 1, 1, 2, 2, 1, 1, 2, 2, 1, 2, 2, 2, 2, 1, 2, '23,13,2', ''),
(143, 0, 0, 10, 5, 1, '2025-10-29 16:53:35', 1, 1, 2, 2, 1, 1, 2, 1, 2, 1, 1, 1, 1, 1, 1, 1, '5,3,28,22,27,1,6,10,23,18,4,9,19,8,14,13,7,26,25,12,24,2,20', ''),
(144, 0, 138, 11, 5, 1, '2025-10-29 15:35:00', 2, 2, 3, 3, 2, 3, 3, 2, 2, 3, 2, 2, 2, 2, 3, 3, '9,24', ''),
(145, 0, 139, 6, 5, 1, '2025-10-29 15:35:00', 3, 2, 2, 3, 3, 3, 2, 3, 3, 2, 3, 2, 2, 2, 2, 2, '17,18,24', ''),
(146, 0, 140, 7, 6, 1, '2025-10-29 17:10:00', 2, 2, 1, 1, 2, 2, 2, 1, 1, 1, 2, 2, 1, 2, 2, 2, '2', 'Die Aufgaben waren etwas zu leicht'),
(147, 0, 141, 22, 6, 1, '2025-10-29 17:10:00', 3, 2, 3, 3, 2, 3, 3, 3, 3, 2, 1, 1, 1, 1, 1, 1, '5,6,23,4,2', ''),
(148, 0, 142, 14, 6, 1, '2025-10-29 17:10:00', 1, 1, 1, 1, 1, 2, 1, 1, 2, 1, 1, 2, 1, 1, 1, 1, '5,3,28,1,10,23,4,8,14,13', ''),
(149, 0, 143, 9, 7, 1, '2025-10-30 15:35:00', 1, 1, 1, 1, 1, 1, 1, 1, 2, 2, 1, 2, 1, 2, 2, 1, '5,3,28,1,6,10,23,4,8,14,13,7,16,26,25,12,2', ''),
(150, 0, 0, 10, 7, 1, '2025-10-30 16:55:47', 1, 1, 1, 1, 1, 1, 1, 1, 1, 1, 1, 1, 1, 1, 1, 1, '5,3,28,1,6,10,23,4,9,8,14,13,7,26,12,24,2,11', ''),
(151, 0, 145, 18, 8, 1, '2025-10-30 17:10:00', 3, 3, 4, 3, 3, 3, 3, 3, 2, 2, 2, 2, 2, 2, 1, 2, '22,10,24', ''),
(152, 0, 146, 19, 8, 1, '2025-10-30 17:10:00', 3, 3, 2, 3, 4, 2, 3, 3, 3, 3, 2, 2, 3, 2, 2, 2, '5,28', ''),
(153, 0, 147, 16, 8, 1, '2025-10-30 17:10:00', 2, 1, 2, 1, 1, 2, 2, 2, 3, 1, 1, 1, 1, 1, 1, 1, '', ''),
(154, 0, 148, 17, 8, 1, '2025-10-30 17:10:00', 3, 2, 4, 3, 3, 3, 3, 3, 3, 1, 1, 1, 1, 1, 1, 1, '1,6,10,9,13,7', ''),
(155, 0, 172, 2, 1, 1, '2025-11-03 15:35:00', 2, 1, 3, 3, 2, 2, 3, 2, 1, 2, 1, 2, 1, 2, 1, 2, '23,8,13', ''),
(156, 0, 0, 43, 1, 1, '2025-11-03 16:55:09', 3, 2, 2, 2, 1, 3, 2, 2, 3, 2, 2, 2, 2, 2, 3, 2, '17,16,24', ''),
(157, 0, 0, 40, 1, 1, '2025-11-03 16:56:05', 1, 2, 1, 2, 1, 1, 3, 3, 2, 2, 3, 1, 2, 4, 1, 2, '11', 'war toll!'),
(158, 0, 0, 40, 1, 1, '2025-11-03 16:56:09', 1, 2, 1, 2, 1, 1, 3, 3, 2, 2, 3, 1, 2, 4, 1, 2, '11', 'war toll!'),
(159, 0, 176, 20, 2, 1, '2025-11-03 17:10:00', 2, 2, 2, 2, 2, 2, 2, 2, 2, 2, 1, 1, 1, 1, 1, 1, '2', ''),
(160, 0, 177, 21, 2, 1, '2025-11-03 17:10:00', 2, 2, 3, 2, 2, 3, 3, 3, 3, 2, 1, 1, 2, 1, 2, 1, '5', ''),
(161, 0, 178, 21, 2, 1, '2025-11-03 17:10:00', 2, 2, 3, 2, 2, 3, 3, 3, 3, 2, 1, 1, 2, 1, 2, 1, '5', ''),
(162, 0, 179, 16, 2, 1, '2025-11-03 17:10:00', 2, 1, 3, 2, 3, 2, 3, 2, 3, 1, 1, 1, 1, 1, 1, 1, '5,27,1,6,23,4,9', ''),
(163, 0, 180, 23, 2, 1, '2025-11-03 17:10:00', 2, 2, 2, 2, 2, 1, 2, 2, 2, 2, 2, 2, 2, 2, 2, 1, '23', ''),
(164, 0, 181, 3, 3, 1, '2025-11-04 15:35:00', 3, 2, 1, 3, 2, 1, 1, 1, 1, 1, 1, 1, 1, 1, 2, 1, '1,15,21,13,11', ''),
(165, 0, 182, 8, 4, 1, '2025-11-04 17:10:00', 3, 2, 3, 2, 3, 3, 3, 3, 3, 2, 2, 2, 3, 3, 2, 3, '2', ''),
(166, 0, 183, 5, 4, 1, '2025-11-04 17:10:00', 1, 1, 2, 1, 1, 2, 1, 0, 2, 1, 0, 4, 0, 4, 2, 0, '5,15,6,10,23,9,8,14,13,7,12,24', ''),
(167, 0, 184, 9, 4, 1, '2025-11-04 17:10:00', 1, 2, 1, 1, 1, 2, 1, 2, 1, 2, 2, 1, 1, 3, 2, 1, '5', ''),
(168, 0, 0, 10, 0, 1, '2025-11-06 15:34:11', 1, 1, 1, 1, 1, 1, 1, 1, 3, 1, 1, 1, 1, 1, 1, 1, '5,3,28,22,27,1,6,10,23,18,8,14,13,16,26,25,2,11,20', ''),
(169, 0, 0, 15, 0, 1, '2025-11-06 15:34:29', 1, 2, 2, 3, 2, 4, 2, 1, 5, 2, 2, 1, 2, 3, 2, 2, '1,6,14,2', ''),
(170, 0, 185, 9, 7, 1, '2025-11-06 15:35:00', 1, 2, 2, 2, 1, 2, 4, 1, 2, 2, 2, 2, 2, 1, 2, 2, '5,3,28,22,1,10,23,4,21,8,13,7', ''),
(171, 0, 0, 10, 7, 1, '2025-11-06 16:51:46', 1, 1, 1, 2, 1, 1, 1, 1, 2, 1, 1, 1, 1, 1, 1, 1, '5,3,28,22,27,1,6,10,23,18,9,13,16,26,24,2,11,20', ''),
(172, 0, 187, 15, 7, 1, '2025-11-06 15:35:00', 2, 3, 1, 6, 1, 4, 4, 4, 6, 3, 1, 2, 1, 1, 1, 1, '3,22,1,10,18', ''),
(174, 0, 189, 18, 8, 1, '2025-11-06 17:10:00', 3, 4, 5, 2, 3, 4, 4, 4, 2, 2, 3, 4, 3, 3, 3, 3, '15', ''),
(175, 0, 190, 16, 8, 1, '2025-11-06 17:10:00', 1, 1, 1, 1, 1, 1, 2, 1, 2, 1, 1, 1, 1, 1, 1, 1, '5,28,27,1,6,10,23,4,9,8,14,13,7,12,2', ''),
(176, 0, 191, 19, 8, 1, '2025-11-06 17:10:00', 2, 2, 2, 3, 2, 1, 2, 2, 2, 2, 1, 2, 2, 2, 2, 2, '14', ''),
(177, 0, 192, 17, 8, 1, '2025-11-06 17:10:00', 2, 2, 3, 2, 2, 3, 3, 3, 3, 2, 1, 2, 2, 2, 2, 2, '1,6,9,13,7', ''),
(178, 0, 193, 22, 8, 1, '2025-11-06 17:10:00', 1, 1, 2, 2, 2, 2, 2, 3, 2, 2, 1, 1, 1, 1, 2, 1, '1,23,8,7,2', ''),
(181, 0, 194, 6, 9, 1, '2025-11-07 15:35:00', 2, 2, 2, 2, 2, 2, 2, 2, 2, 2, 2, 2, 2, 2, 2, 2, '3,10,8,14,13,7', ''),
(182, 0, 195, 11, 9, 1, '2025-11-07 15:35:00', 2, 1, 2, 1, 2, 1, 2, 2, 2, 1, 1, 2, 2, 2, 1, 1, '13', ''),
(183, 0, 196, 24, 9, 1, '2025-11-07 15:35:00', 2, 2, 3, 2, 3, 3, 3, 2, 2, 3, 2, 2, 2, 2, 2, 2, '3,4,2', '');

-- --------------------------------------------------------

--
-- Tabellenstruktur für Tabelle `mtr_sozial`
--

CREATE TABLE `mtr_sozial` (
  `id` int(11) NOT NULL,
  `ue_zuweisung_teilnehmer_id` int(11) NOT NULL,
  `mitarbeit` int(11) DEFAULT NULL,
  `absprachen` int(11) DEFAULT NULL,
  `selbststaendigkeit` int(11) DEFAULT NULL,
  `konzentration` int(11) DEFAULT NULL,
  `fleiss` int(11) DEFAULT NULL
) ENGINE=InnoDB DEFAULT CHARSET=utf8mb4;

-- --------------------------------------------------------

--
-- Tabellenstruktur für Tabelle `mtr_soziale_beziehungen`
--

CREATE TABLE `mtr_soziale_beziehungen` (
  `id` int(11) NOT NULL,
  `from_tn` int(11) NOT NULL,
  `to_tn` int(11) NOT NULL,
  `wert` int(11) NOT NULL
) ENGINE=InnoDB DEFAULT CHARSET=utf8mb4;

-- --------------------------------------------------------

--
-- Tabellenstruktur für Tabelle `rooms`
--

CREATE TABLE `rooms` (
  `room_id` int(11) NOT NULL,
  `name` varchar(100) COLLATE latin1_german1_ci NOT NULL
) ENGINE=MyISAM DEFAULT CHARSET=latin1 COLLATE=latin1_german1_ci;

--
-- Daten für Tabelle `rooms`
--

INSERT INTO `rooms` (`room_id`, `name`) VALUES
(1, 'Rm. 3 SH Leipzig-Lausen');

-- --------------------------------------------------------

--
-- Tabellenstruktur für Tabelle `sessions`
--

CREATE TABLE `sessions` (
  `session_id` int(11) NOT NULL,
  `session_date` date NOT NULL,
  `start_time` time NOT NULL,
  `end_time` time NOT NULL,
  `subject_id` int(11) NOT NULL,
  `room_id` int(11) NOT NULL
) ENGINE=MyISAM DEFAULT CHARSET=latin1 COLLATE=latin1_german1_ci;

--
-- Daten für Tabelle `sessions`
--

INSERT INTO `sessions` (`session_id`, `session_date`, `start_time`, `end_time`, `subject_id`, `room_id`) VALUES
(1, '2025-09-01', '15:35:00', '17:05:00', 1, 1),
(2, '2025-09-01', '17:10:00', '18:40:00', 1, 1),
(3, '2025-09-02', '15:35:00', '17:05:00', 1, 1),
(4, '2025-09-02', '17:10:00', '18:40:00', 1, 1),
(5, '2025-09-03', '15:35:00', '17:05:00', 1, 1),
(6, '2025-09-03', '17:10:00', '18:40:00', 1, 1),
(7, '2025-09-04', '15:35:00', '17:05:00', 1, 1),
(8, '2025-09-04', '17:10:00', '18:40:00', 2, 1),
(9, '2025-09-05', '15:35:00', '17:05:00', 1, 1),
(1001, '2025-09-08', '15:35:00', '17:05:00', 1, 1),
(1002, '2025-09-08', '17:10:00', '18:40:00', 1, 1),
(1003, '2025-09-09', '15:35:00', '17:05:00', 1, 1),
(1004, '2025-09-09', '17:10:00', '18:40:00', 1, 1),
(1005, '2025-09-10', '15:35:00', '17:05:00', 1, 1),
(1006, '2025-09-10', '17:10:00', '18:40:00', 1, 1),
(1007, '2025-09-11', '15:35:00', '17:05:00', 1, 1),
(1008, '2025-09-11', '17:10:00', '18:40:00', 2, 1),
(1009, '2025-09-12', '15:35:00', '17:05:00', 1, 1),
(1010, '2025-09-15', '15:35:00', '17:05:00', 1, 1),
(1011, '2025-09-15', '17:10:00', '18:40:00', 1, 1),
(1012, '2025-09-16', '15:35:00', '17:05:00', 1, 1),
(1013, '2025-09-16', '17:10:00', '18:40:00', 1, 1),
(1014, '2025-09-17', '15:35:00', '17:05:00', 1, 1),
(1015, '2025-09-17', '17:10:00', '18:40:00', 1, 1),
(1016, '2025-09-18', '15:35:00', '17:05:00', 1, 1),
(1017, '2025-09-18', '17:10:00', '18:40:00', 2, 1),
(1018, '2025-09-19', '15:35:00', '17:05:00', 1, 1),
(1019, '2025-09-22', '15:35:00', '17:05:00', 1, 1),
(1020, '2025-09-22', '17:10:00', '18:40:00', 1, 1),
(1021, '2025-09-23', '15:35:00', '17:05:00', 1, 1),
(1022, '2025-09-23', '17:10:00', '18:40:00', 1, 1),
(1023, '2025-09-24', '15:35:00', '17:05:00', 1, 1),
(1024, '2025-09-24', '17:10:00', '18:40:00', 1, 1),
(1025, '2025-09-25', '15:35:00', '17:05:00', 1, 1),
(1026, '2025-09-25', '17:10:00', '18:40:00', 2, 1),
(1027, '2025-09-26', '15:35:00', '17:05:00', 1, 1),
(2001, '2025-09-29', '15:35:00', '17:05:00', 1, 1),
(2002, '2025-09-29', '17:10:00', '18:40:00', 1, 1),
(2003, '2025-09-30', '15:35:00', '17:05:00', 1, 1),
(2004, '2025-09-30', '17:10:00', '18:40:00', 1, 1),
(2005, '2025-10-01', '15:35:00', '17:05:00', 1, 1),
(2006, '2025-10-01', '17:10:00', '18:40:00', 1, 1),
(2007, '2025-10-02', '15:35:00', '17:05:00', 1, 1),
(2008, '2025-10-02', '17:10:00', '18:40:00', 2, 1),
(2009, '2025-10-06', '15:35:00', '17:05:00', 1, 1),
(2010, '2025-10-06', '17:10:00', '18:40:00', 1, 1),
(2011, '2025-10-07', '15:35:00', '17:05:00', 1, 1),
(2012, '2025-10-07', '17:10:00', '18:40:00', 1, 1),
(2013, '2025-10-08', '15:35:00', '17:05:00', 1, 1),
(2014, '2025-10-08', '17:10:00', '18:40:00', 1, 1),
(2015, '2025-10-09', '15:35:00', '17:05:00', 1, 1),
(2016, '2025-10-09', '17:10:00', '18:40:00', 2, 1),
(2017, '2025-10-10', '15:35:00', '17:05:00', 1, 1);

-- --------------------------------------------------------

--
-- Tabellenstruktur für Tabelle `session_students`
--

CREATE TABLE `session_students` (
  `session_id` int(11) NOT NULL,
  `student_id` int(11) NOT NULL
) ENGINE=MyISAM DEFAULT CHARSET=latin1 COLLATE=latin1_german1_ci;

--
-- Daten für Tabelle `session_students`
--

INSERT INTO `session_students` (`session_id`, `student_id`) VALUES
(1, 1),
(1, 2),
(1, 3),
(1, 4),
(1, 5),
(2, 6),
(2, 7),
(2, 8),
(2, 9),
(3, 10),
(3, 11),
(3, 12),
(3, 13),
(3, 14),
(4, 15),
(4, 16),
(4, 17),
(4, 18),
(4, 19),
(5, 3),
(5, 16),
(5, 20),
(5, 21),
(6, 17),
(6, 22),
(6, 23),
(6, 24),
(6, 25),
(6, 26),
(7, 2),
(7, 19),
(7, 20),
(7, 27),
(7, 28),
(8, 6),
(8, 29),
(8, 30),
(8, 31),
(8, 32),
(9, 8),
(9, 10),
(9, 16),
(9, 21),
(1001, 2),
(1001, 3),
(1001, 4),
(1001, 33),
(1002, 6),
(1002, 7),
(1002, 8),
(1002, 9),
(1002, 24),
(1002, 34),
(1003, 11),
(1003, 12),
(1003, 13),
(1003, 14),
(1004, 15),
(1004, 17),
(1004, 18),
(1004, 19),
(1004, 35),
(1005, 3),
(1005, 16),
(1005, 20),
(1005, 21),
(1006, 17),
(1006, 22),
(1006, 23),
(1006, 24),
(1006, 25),
(1006, 26),
(1007, 19),
(1007, 20),
(1007, 27),
(1008, 6),
(1008, 29),
(1008, 30),
(1008, 31),
(1008, 32),
(1009, 8),
(1009, 16),
(1009, 21),
(1010, 3),
(1011, 6),
(1011, 7),
(1011, 8),
(1011, 9),
(1012, 5),
(1012, 11),
(1012, 12),
(1012, 13),
(1012, 14),
(1013, 15),
(1013, 17),
(1013, 18),
(1013, 19),
(1014, 3),
(1014, 16),
(1014, 20),
(1014, 21),
(1015, 17),
(1015, 22),
(1015, 23),
(1015, 24),
(1015, 25),
(1015, 26),
(1016, 19),
(1016, 20),
(1016, 27),
(1017, 6),
(1017, 29),
(1017, 30),
(1017, 31),
(1017, 32),
(1018, 8),
(1018, 10),
(1018, 16),
(1018, 21),
(1018, 36),
(1019, 2),
(1019, 3),
(1019, 33),
(1020, 6),
(1020, 7),
(1020, 8),
(1020, 9),
(2001, 3),
(2002, 6),
(2002, 7),
(2002, 8),
(2002, 9),
(2003, 5),
(2003, 11),
(2003, 12),
(2003, 13),
(2003, 14),
(2004, 15),
(2004, 17),
(2004, 18),
(2004, 19),
(2004, 36),
(2005, 3),
(2005, 10),
(2005, 16),
(2005, 20),
(2005, 21),
(2006, 17),
(2006, 22),
(2006, 24),
(2006, 26),
(2007, 19),
(2007, 20),
(2007, 27),
(2007, 37),
(2008, 6),
(2008, 29),
(2008, 30),
(2008, 31),
(2009, 3),
(2009, 7),
(2009, 8),
(2009, 9),
(2009, 34),
(2010, 6),
(2010, 7),
(2010, 8),
(2010, 9),
(2010, 34),
(2011, 5),
(2011, 11),
(2011, 12),
(2011, 13),
(2011, 14),
(2011, 38),
(2011, 39),
(2012, 15),
(2012, 17),
(2012, 18),
(2012, 19),
(2012, 22),
(2012, 24),
(2012, 25),
(2012, 40),
(2012, 41),
(2013, 3),
(2013, 10),
(2013, 16),
(2013, 20),
(2013, 21),
(2014, 17),
(2014, 22),
(2014, 24),
(2014, 25),
(2014, 26),
(2014, 41),
(2015, 19),
(2015, 20),
(2015, 27),
(2016, 6),
(2016, 29),
(2016, 30),
(2016, 31),
(2017, 8),
(2017, 10),
(2017, 16),
(2017, 21);

-- --------------------------------------------------------

--
-- Tabellenstruktur für Tabelle `std_lehrkraft`
--

CREATE TABLE `std_lehrkraft` (
  `std_lehrkraft` int(11) NOT NULL,
  `Vorname` varchar(50) NOT NULL,
  `Nachname` varchar(50) NOT NULL
) ENGINE=InnoDB DEFAULT CHARSET=utf8mb4;

--
-- Daten für Tabelle `std_lehrkraft`
--

INSERT INTO `std_lehrkraft` (`std_lehrkraft`, `Vorname`, `Nachname`) VALUES
(1, 'Olaf', 'Thiele');

-- --------------------------------------------------------

--
-- Tabellenstruktur für Tabelle `std_lernthema`
--

CREATE TABLE `std_lernthema` (
  `id` int(11) NOT NULL,
  `quelle_id` int(11) NOT NULL,
  `fach_id` int(11) NOT NULL DEFAULT '1',
  `klassenstufe` int(11) DEFAULT NULL,
  `schulform` varchar(20) DEFAULT NULL,
  `lernthema` varchar(255) DEFAULT NULL
) ENGINE=InnoDB DEFAULT CHARSET=utf8mb4;

--
-- Daten für Tabelle `std_lernthema`
--

INSERT INTO `std_lernthema` (`id`, `quelle_id`, `fach_id`, `klassenstufe`, `schulform`, `lernthema`) VALUES
(1, 1, 1, 9, '', 'Kreis & Zylinder'),
(2, 1, 1, 9, '', 'Parabeln / Quadratfunktionen'),
(3, 1, 1, 9, '', 'Quadratische Gleichungen'),
(4, 1, 1, 9, '', 'Quadratwurzeln'),
(5, 1, 1, 9, '', 'Satz des Pythagoras'),
(6, 1, 1, 9, '', 'Wurzelfunktionen'),
(7, 1, 1, 9, '', 'Zinsen & Zinseszinsen'),
(8, 1, 1, 9, '', 'Ähnlichkeit & Strahlensatz'),
(9, 1, 1, 10, '', 'Daten'),
(10, 1, 1, 10, '', 'Exponentialfunktionen'),
(11, 1, 1, 10, '', 'Kombinatorik'),
(12, 1, 1, 10, '', 'Körper'),
(13, 1, 1, 10, '', 'Potenzen & Wurzeln'),
(14, 1, 1, 10, '', 'Trigonometrie im Dreieck'),
(15, 1, 1, 10, '', 'Trigonometrische Funktionen'),
(16, 2, 1, 9, 'RS', 'Zahlen und Rechnen'),
(17, 2, 1, 9, 'OS', 'Zahlen und Rechnen'),
(18, 2, 1, 9, 'GYM', 'Zahlen und Rechnen'),
(19, 2, 1, 9, 'RS', 'Geometrie'),
(20, 2, 1, 9, 'OS', 'Geometrie'),
(21, 2, 1, 9, 'GYM', 'Geometrie'),
(22, 2, 1, 9, 'RS', 'Größen und Messen'),
(23, 2, 1, 9, 'OS', 'Größen und Messen'),
(24, 2, 1, 9, 'GYM', 'Größen und Messen'),
(25, 2, 1, 9, 'OS', 'Funktionale Zusammenhänge'),
(26, 2, 1, 9, 'GYM', 'Funktionale Zusammenhänge'),
(27, 2, 1, 9, 'GYM', 'Algebra'),
(28, 2, 1, 9, 'GYM', 'Wahrscheinlichkeit'),
(29, 2, 1, 10, 'RS', 'Quadratische Funktionen und Gleichungen'),
(30, 2, 1, 10, 'OS', 'Quadratische Funktionen und Gleichungen'),
(31, 2, 1, 10, 'GYM', 'Quadratische Funktionen und Gleichungen'),
(32, 2, 1, 10, 'RS', 'Körperberechnung'),
(33, 2, 1, 10, 'OS', 'Körperberechnung'),
(34, 2, 1, 10, 'GYM', 'Körperberechnung'),
(35, 2, 1, 10, 'OS', 'Wahrscheinlichkeitsrechnung'),
(36, 2, 1, 10, 'GYM', 'Trigonometrie'),
(37, 2, 1, 10, 'GYM', 'Analytische Geometrie'),
(38, 2, 1, 4, 'RS', 'Zahlenraum bis 10000'),
(39, 2, 1, 4, 'OS', 'Zahlenraum bis 10000'),
(40, 2, 1, 4, 'GYM', 'Zahlenraum bis 10000'),
(41, 2, 1, 4, 'RS', 'Geometrische Formen'),
(42, 2, 1, 4, 'OS', 'Geometrische Formen'),
(43, 2, 1, 4, 'GYM', 'Geometrische Formen'),
(44, 2, 1, 4, 'RS', 'Größen und Sachrechnen'),
(45, 2, 1, 4, 'OS', 'Größen und Sachrechnen'),
(46, 2, 1, 4, 'GYM', 'Größen und Sachrechnen'),
(47, 0, 1, 0, 'frei', 'Vorbereitung BLF'),
(48, 1, 2, 7, 'GYM', 'Mechanik'),
(49, 1, 2, 8, 'GYM', 'Elektrizitätslehre'),
(50, 1, 2, 9, 'GYM', 'Wellen und Optik'),
(51, 1, 2, 10, 'GYM', 'Wärmelehre & Atomphysik'),
(52, 1, 2, 11, 'GYM', 'Vertiefte Mechanik & Thermodynamik'),
(53, 1, 2, 12, 'GYM', 'Elektrodynamik & Moderne Physik'),
(54, 1, 2, 7, 'RS', 'Mechanik'),
(55, 1, 2, 8, 'RS', 'Elektrizitätslehre'),
(56, 1, 2, 9, 'RS', 'Optik & Akustik'),
(57, 1, 2, 10, 'RS', 'Wärmelehre & Atomphysik'),
(58, 1, 2, 7, 'OS', 'Mechanik im Alltag'),
(59, 1, 2, 8, 'OS', 'Strom und Magnetismus'),
(60, 1, 2, 9, 'OS', 'Licht und Schall'),
(61, 1, 2, 10, 'OS', 'Wärme und Atomvorstellungen');

-- --------------------------------------------------------

--
-- Tabellenstruktur für Tabelle `std_teilnehmer`
--

CREATE TABLE `std_teilnehmer` (
  `id` int(11) NOT NULL,
  `einrichtung_id` int(11) NOT NULL DEFAULT '1',
  `teilnehmer_typ` int(1) NOT NULL DEFAULT '1' COMMENT '0 - Lehrkraft / 1 - Teilnehmer',
  `show_tn` int(1) NOT NULL DEFAULT '1',
  `Vorname` varchar(255) DEFAULT NULL,
  `Nachname` varchar(255) DEFAULT NULL,
  `geschlecht` char(1) NOT NULL,
  `geburtstag` date NOT NULL,
  `Nachstunde` tinyint(1) DEFAULT NULL,
  `Klassenstufe` int(11) DEFAULT NULL,
  `KlassentypID` int(11) DEFAULT NULL,
  `Bis` date DEFAULT NULL,
  `GruppenID` int(11) DEFAULT NULL
) ENGINE=InnoDB DEFAULT CHARSET=utf8mb4;

--
-- Daten für Tabelle `std_teilnehmer`
--

INSERT INTO `std_teilnehmer` (`id`, `einrichtung_id`, `teilnehmer_typ`, `show_tn`, `Vorname`, `Nachname`, `geschlecht`, `geburtstag`, `Nachstunde`, `Klassenstufe`, `KlassentypID`, `Bis`, `GruppenID`) VALUES
(1, 1, 0, 1, 'Olaf', 'Thiele', '1', '0000-00-00', NULL, 23, 4, NULL, NULL),
(2, 1, 1, 1, 'Lukas', 'Hilpert', '1', '0000-00-00', NULL, 9, 3, NULL, NULL),
(3, 1, 1, 1, 'Sarah', 'Kahle', '2', '0000-00-00', NULL, 6, 2, NULL, NULL),
(4, 1, 1, 1, 'Simos', 'Giannakidis', '1', '0000-00-00', NULL, 10, 2, NULL, NULL),
(5, 1, 1, 1, 'Paula', 'Juraschek', '2', '0000-00-00', NULL, 8, 2, NULL, NULL),
(6, 1, 1, 1, 'Karl', 'König', '1', '0000-00-00', NULL, 7, 2, NULL, NULL),
(7, 1, 1, 1, 'Carlotta', 'Körber', '2', '0000-00-00', NULL, 9, 2, NULL, NULL),
(8, 1, 1, 1, 'Selina', 'Möwes', '2', '0000-00-00', NULL, 9, 3, NULL, NULL),
(9, 1, 1, 1, 'Lia', 'Schubert', '2', '0000-00-00', NULL, 8, 2, NULL, NULL),
(10, 1, 1, 1, 'Noah', 'Freiberg', '1', '0000-00-00', NULL, 12, 2, NULL, NULL),
(11, 1, 1, 1, 'Zoey', 'Schönherr', '2', '0000-00-00', NULL, 7, 2, NULL, NULL),
(12, 1, 1, 1, 'Felix', 'Schölzel', '1', '0000-00-00', NULL, 8, 2, NULL, NULL),
(13, 1, 1, 1, 'Juni', 'Schölzel', '2', '0000-00-00', NULL, 7, 2, NULL, NULL),
(14, 1, 1, 1, 'Jalia', 'Wagner', '2', '0000-00-00', NULL, 10, 2, NULL, NULL),
(15, 1, 1, 1, 'Ida', 'Johnsen', '2', '0000-00-00', NULL, 9, 2, NULL, NULL),
(16, 1, 1, 1, 'Anna-Sophie', 'Canitz', '2', '0000-00-00', NULL, 10, 2, NULL, NULL),
(17, 1, 1, 1, 'Maja', 'Deutlich', '2', '0000-00-00', NULL, 7, 3, NULL, NULL),
(18, 1, 1, 1, 'Louis', 'Grobe', '1', '0000-00-00', NULL, 10, 2, NULL, NULL),
(19, 1, 1, 1, 'Pia', 'Ponader', '2', '0000-00-00', NULL, 7, 2, NULL, NULL),
(20, 1, 1, 1, 'Luise', 'Schaff', '2', '0000-00-00', NULL, 10, 2, NULL, NULL),
(21, 1, 1, 1, 'Gustav', 'Fleischer', '1', '0000-00-00', NULL, 11, 2, NULL, NULL),
(22, 1, 1, 1, 'Maruschka', 'Gottschlich', '2', '0000-00-00', NULL, 11, 2, NULL, NULL),
(23, 1, 1, 1, 'Lotte', 'Wicher', '2', '0000-00-00', NULL, 10, 2, NULL, NULL),
(24, 1, 1, 1, 'Elias', 'Schaller', '1', '0000-00-00', NULL, 11, 2, NULL, NULL),
(25, 1, 1, 0, 'Lena', 'Schmidt', '2', '0000-00-00', NULL, 8, 2, NULL, NULL),
(26, 1, 1, 0, 'Tim', 'Müller', '1', '0000-00-00', NULL, 9, 2, NULL, NULL),
(27, 1, 1, 0, 'Sophie', 'Weber', '2', '0000-00-00', NULL, 10, 2, NULL, NULL),
(28, 1, 1, 0, 'Jonas', 'Schneider', '1', '0000-00-00', NULL, 11, 2, NULL, NULL),
(29, 1, 1, 0, 'Emma', 'Fischer', '2', '0000-00-00', NULL, 9, 2, NULL, NULL),
(30, 1, 1, 0, 'Paul', 'Meyer', '1', '0000-00-00', NULL, 7, 2, NULL, NULL),
(31, 1, 1, 0, 'Lea', 'Wagner', '2', '0000-00-00', NULL, 7, 3, NULL, NULL),
(32, 1, 1, 0, 'Ben', 'Becker', '1', '0000-00-00', NULL, 9, 2, NULL, NULL),
(33, 1, 1, 0, 'Marie', 'Hofmann', '2', '0000-00-00', NULL, 10, 2, NULL, NULL),
(34, 1, 1, 0, 'Luca', 'Koch', '1', '0000-00-00', NULL, 10, 2, NULL, NULL),
(35, 1, 1, 0, 'Laura', 'Schulz', '2', '0000-00-00', NULL, 8, 2, NULL, NULL),
(36, 1, 1, 0, 'Finn', 'Richter', '1', '0000-00-00', NULL, 6, 2, NULL, NULL),
(37, 1, 1, 0, 'Mia', 'Klein', '2', '0000-00-00', NULL, 7, 2, NULL, NULL),
(38, 1, 1, 0, 'Tom', 'Wolf', '1', '0000-00-00', NULL, 7, 2, NULL, NULL),
(39, 1, 1, 0, 'Anna', 'Bauer', '2', '0000-00-00', NULL, 6, 2, NULL, NULL),
(40, 1, 1, 1, 'Dmytro', 'Filenkov', '1', '0000-00-00', NULL, 6, 2, NULL, NULL),
(42, 1, 1, 1, 'Christina', 'Avramidou', '2', '0000-00-00', NULL, 12, 2, NULL, NULL),
(43, 1, 1, 1, 'Soufia', 'Belebhim', '0', '0000-00-00', NULL, 5, 2, NULL, NULL);

-- --------------------------------------------------------

--
-- Tabellenstruktur für Tabelle `students`
--

CREATE TABLE `students` (
  `student_id` int(11) NOT NULL,
  `first_name` varchar(50) COLLATE latin1_german1_ci NOT NULL,
  `last_name` varchar(50) COLLATE latin1_german1_ci NOT NULL,
  `school_form` varchar(10) COLLATE latin1_german1_ci DEFAULT NULL,
  `grade` int(11) DEFAULT NULL,
  `valid_until` date DEFAULT NULL
) ENGINE=MyISAM DEFAULT CHARSET=latin1 COLLATE=latin1_german1_ci;

--
-- Daten für Tabelle `students`
--

INSERT INTO `students` (`student_id`, `first_name`, `last_name`, `school_form`, `grade`, `valid_until`) VALUES
(1, 'Romy', 'Domann', 'GR', 4, '2025-09-01'),
(2, 'Ari', 'Fischer', 'GR', 5, '2025-09-01'),
(3, 'Lukas', 'Hillpert', 'RS', 9, NULL),
(4, 'Anna', 'Lademann', 'GR', 5, '2025-09-01'),
(5, 'Sistine', 'Lauschke', 'GR', 4, '2025-09-01'),
(6, 'Anna-Sophie', 'Canitz', 'GYM', 10, NULL),
(7, 'Gustav', 'Fleischer', 'GYM', 11, NULL),
(8, 'Luise', 'Schaff', 'GYM', 10, NULL),
(9, 'Lotte Marie', 'Wicher', 'GYM', 10, NULL),
(10, 'Simos', 'Giannakidis', 'GYM', 10, '2025-09-02'),
(11, 'Sarah', 'Kahle', 'GYM', 6, NULL),
(12, 'Kiara', 'Kuznik', 'GR', 4, NULL),
(13, 'Mira', 'Moritz', 'GR', 5, '2025-11-30'),
(14, 'Laila', 'Stockmann', 'GR', 4, NULL),
(15, 'Paula', 'Juraschek', 'GYM', 8, NULL),
(16, 'Karl', 'König', 'GYM', 7, '2025-09-02'),
(17, 'Carlotta Erika', 'Körber', 'GYM', 9, '2025-10-31'),
(18, 'Selina', 'Möwes', 'RS', 9, NULL),
(19, 'Lia', 'Schubert', 'GYM', 8, NULL),
(20, 'Noah', 'Freiberg', 'GYM', 12, NULL),
(21, 'Zoey', 'Schönherr', 'GYM', 7, NULL),
(22, 'Maruschka', 'Gottschlich', 'GYM', 11, NULL),
(23, 'Helena', 'Mußdorf', 'GYM', 11, '2025-09-30'),
(24, 'Felix', 'Schölzel', 'GYM', 8, NULL),
(25, 'Juni Florentine', 'Schölzel', 'GYM', 7, NULL),
(26, 'Jalia', 'Wagner', 'GYM', 10, NULL),
(27, 'Ida', 'Johnsen', 'GYM', 9, NULL),
(28, 'Svea', 'Ziegler', 'GR', 3, '2025-09-04'),
(29, 'Maja', 'Deutlich', 'RS', 7, NULL),
(30, 'Louis', 'Grobe', 'GYM', 10, NULL),
(31, 'Pia', 'Ponader', 'GYM', 7, NULL),
(32, 'Felix', 'Scheithauer', 'GYM', 8, '2025-09-30'),
(33, 'Till', 'Herrlitz', 'GR', 5, '2025-09-08'),
(34, 'Leopold', 'Fleischer', 'GYM', 10, '2025-09-08'),
(35, 'Pauline', 'Römer', 'GYM', 9, '2025-09-09'),
(36, 'Elias', 'Schaller', 'GYM', 11, '2025-09-26'),
(37, 'Hannah V', 'Berghof', 'GR', 3, NULL),
(38, 'Marley', 'Findeisen', 'GR', 3, '2025-10-07'),
(39, 'Mathilda', 'Kind', 'GR', 4, '2025-10-07'),
(40, 'Christina', 'Avramidou', 'GYM', 12, '2025-12-31'),
(41, 'Lenny', 'Hilger', 'GYM', 10, '2025-10-07');

-- --------------------------------------------------------

--
-- Tabellenstruktur für Tabelle `subjects`
--

CREATE TABLE `subjects` (
  `subject_id` int(11) NOT NULL,
  `code` varchar(10) COLLATE latin1_german1_ci NOT NULL,
  `name` varchar(50) COLLATE latin1_german1_ci DEFAULT NULL
) ENGINE=MyISAM DEFAULT CHARSET=latin1 COLLATE=latin1_german1_ci;

--
-- Daten für Tabelle `subjects`
--

INSERT INTO `subjects` (`subject_id`, `code`, `name`) VALUES
(1, 'MAT', 'Mathematik'),
(2, 'PHY', 'Physik');

-- --------------------------------------------------------

--
-- Tabellenstruktur für Tabelle `tmp_teilnehmer`
--

CREATE TABLE `tmp_teilnehmer` (
  `id` int(11) NOT NULL,
  `vorname` varchar(255) DEFAULT NULL,
  `nachname` varchar(255) DEFAULT NULL,
  `klassenstufe` int(11) DEFAULT NULL,
  `schultyp` varchar(50) DEFAULT NULL,
  `status` text,
  `besondere_hinweise` text
) ENGINE=InnoDB DEFAULT CHARSET=utf8mb4;

-- --------------------------------------------------------

--
-- Tabellenstruktur für Tabelle `tmp_unterrichtseinheiten`
--

CREATE TABLE `tmp_unterrichtseinheiten` (
  `id` int(11) NOT NULL,
  `tn_id` int(11) NOT NULL,
  `datum` date DEFAULT NULL,
  `zeit` time DEFAULT NULL,
  `wochentag` int(11) NOT NULL,
  `dauer_min` int(11) DEFAULT NULL,
  `gruppen_id` int(11) DEFAULT NULL,
  `fach` varchar(255) DEFAULT NULL,
  `lehrkraft` varchar(255) DEFAULT NULL,
  `thema` varchar(255) DEFAULT NULL,
  `inhalt` varchar(512) NOT NULL,
  `absprachen` int(11) DEFAULT NULL,
  `mitarbeit` int(11) DEFAULT NULL,
  `fleissig` int(11) DEFAULT NULL,
  `selbststaendig` int(11) DEFAULT NULL,
  `vorbereitet` int(11) DEFAULT NULL,
  `konzentriert` int(11) DEFAULT NULL,
  `lernfortschritt` int(11) DEFAULT NULL,
  `beherrscht_thema` int(11) DEFAULT NULL,
  `transferdenken` int(11) DEFAULT NULL,
  `basiswissen` int(11) DEFAULT NULL,
  `freitext` text,
  `desinteressiert_gleichgueltig` int(1) DEFAULT NULL,
  `unkonzentriert` int(1) DEFAULT NULL,
  `unverstaendnis` int(1) DEFAULT NULL,
  `benoetigt_aufforderung` int(1) DEFAULT NULL,
  `stoerend_blockierend_resignierend` int(1) DEFAULT NULL,
  `absprachen_nicht_einhaltend` int(1) DEFAULT NULL,
  `materialien_fehlen` int(1) DEFAULT NULL,
  `unpuenktlich` int(1) DEFAULT NULL
) ENGINE=InnoDB DEFAULT CHARSET=utf8mb4;

-- --------------------------------------------------------

--
-- Tabellenstruktur für Tabelle `ue_gruppen`
--

CREATE TABLE `ue_gruppen` (
  `id` int(11) NOT NULL,
  `day_number` tinyint(1) NOT NULL,
  `tag` varchar(3) NOT NULL,
  `uhrzeit_start` time NOT NULL,
  `uhrzeit_ende` time NOT NULL,
  `fach` varchar(10) NOT NULL,
  `raum` varchar(10) DEFAULT NULL,
  `standort` varchar(30) DEFAULT NULL,
  `kommentar` text
) ENGINE=InnoDB DEFAULT CHARSET=utf8mb4;

--
-- Daten für Tabelle `ue_gruppen`
--

INSERT INTO `ue_gruppen` (`id`, `day_number`, `tag`, `uhrzeit_start`, `uhrzeit_ende`, `fach`, `raum`, `standort`, `kommentar`) VALUES
(1, 2, 'Mo.', '15:35:00', '17:05:00', 'MAT', 'Rm. 3', 'SH Leipzig-Lausen', 'bis 25.08.25'),
(2, 2, 'Mo.', '17:10:00', '18:40:00', 'MAT', 'Rm. 3', 'SH Leipzig-Lausen', 'bis 31.08.25'),
(3, 3, 'Di.', '15:35:00', '17:05:00', 'MAT', 'Rm. 3', 'SH Leipzig-Lausen', 'bis 30.09.25'),
(4, 3, 'Di.', '17:10:00', '18:40:00', 'MAT', 'Rm. 3', 'SH Leipzig-Lausen', 'bis 31.10.25'),
(5, 4, 'Mi.', '15:35:00', '17:05:00', 'MAT', 'Rm. 3', 'SH Leipzig-Lausen', 'bis 30.09.25'),
(6, 4, 'Mi.', '17:10:00', '18:40:00', 'MAT', 'Rm. 3', 'SH Leipzig-Lausen', 'bis 30.09.25'),
(7, 5, 'Do.', '15:35:00', '17:05:00', 'MAT', 'Rm. 3', 'SH Leipzig-Lausen', 'bis 31.08.25'),
(8, 5, 'Do.', '17:10:00', '18:40:00', 'PHY', 'Rm. 3', 'SH Leipzig-Lausen', 'bis 30.09.25'),
(9, 6, 'Fr.', '15:35:00', '17:05:00', 'MAT', 'Rm. 3', 'SH Leipzig-Lausen', 'bis 29.08.25'),
(10, 6, '', '06:30:00', '07:00:00', '', 'dummy', NULL, NULL),
(11, 4, 'Mit', '14:15:00', '15:00:00', 'MAT', NULL, '2', NULL);

-- --------------------------------------------------------

--
-- Tabellenstruktur für Tabelle `ue_unterrichtseinheit`
--

CREATE TABLE `ue_unterrichtseinheit` (
  `id` int(11) NOT NULL,
  `gruppe_id` int(11) DEFAULT NULL,
  `einrichtung_id` int(11) NOT NULL DEFAULT '1',
  `datum` date DEFAULT NULL,
  `zeit` time DEFAULT NULL,
  `dauer` int(2) NOT NULL DEFAULT '90',
  `beschreibung` text COMMENT 'Beschreibung'
) ENGINE=InnoDB DEFAULT CHARSET=utf8mb4;

--
-- Daten für Tabelle `ue_unterrichtseinheit`
--

INSERT INTO `ue_unterrichtseinheit` (`id`, `gruppe_id`, `einrichtung_id`, `datum`, `zeit`, `dauer`, `beschreibung`) VALUES
(1, 1, 1, NULL, NULL, 90, 'test'),
(2, 3, 1, '2025-09-09', '15:35:00', 90, 'Gruppenveranstaltung'),
(3, 4, 1, '2025-09-09', '17:10:00', 90, 'Gruppenveranstaltung'),
(4, 5, 1, '2025-09-10', '15:35:00', 90, 'Gruppenveranstaltung'),
(5, 6, 1, '2025-09-10', '17:10:00', 90, 'Gruppenveranstaltung'),
(6, 7, 1, '2025-09-11', '15:35:00', 90, 'Gruppenveranstaltung'),
(7, 8, 1, '2025-09-11', '17:10:00', 90, 'Gruppenveranstaltung'),
(10, 1, 1, '2025-09-15', '15:35:00', 90, 'Gruppenveranstaltung'),
(11, 2, 1, '2025-09-15', '17:10:00', 90, 'Gruppenveranstaltung'),
(12, 5, 1, '2025-09-17', '15:35:00', 90, 'Gruppenveranstaltung'),
(13, 6, 1, '2025-09-17', '17:10:00', 90, 'Gruppenveranstaltung'),
(14, 7, 1, '2025-09-18', '15:35:00', 90, 'Gruppenveranstaltung'),
(15, 8, 1, '2025-09-18', '17:10:00', 90, 'Gruppenveranstaltung'),
(16, 9, 1, '2025-09-19', '15:35:00', 90, 'Gruppenveranstaltung'),
(17, 1, 1, '2025-09-22', '15:35:00', 90, 'Gruppenveranstaltung'),
(18, 2, 1, '2025-09-22', '17:10:00', 90, 'Gruppenveranstaltung'),
(19, 3, 1, '2025-09-23', '15:35:00', 90, 'Gruppenveranstaltung'),
(20, 4, 1, '2025-09-23', '17:10:00', 90, 'Gruppenveranstaltung'),
(21, 5, 1, '2025-09-24', '15:35:00', 90, 'Gruppenveranstaltung'),
(22, 6, 1, '2025-09-24', '17:10:00', 90, 'Gruppenveranstaltung'),
(23, 7, 1, '2025-09-25', '15:35:00', 90, 'Gruppenveranstaltung'),
(24, 8, 1, '2025-09-25', '17:10:00', 90, 'Gruppenveranstaltung'),
(25, 9, 1, '2025-09-26', '15:35:00', 90, 'Gruppenveranstaltung'),
(26, 1, 1, '2025-09-29', '15:35:00', 90, 'Gruppenveranstaltung'),
(27, 2, 1, '2025-09-29', '17:10:00', 90, 'Gruppenveranstaltung'),
(28, 3, 1, '2025-09-30', '15:35:00', 90, 'Gruppenveranstaltung'),
(29, 4, 1, '2025-09-30', '17:10:00', 90, 'Gruppenveranstaltung'),
(30, 5, 1, '2025-10-01', '15:35:00', 90, 'Gruppenveranstaltung'),
(31, 6, 1, '2025-10-01', '17:10:00', 90, 'Gruppenveranstaltung'),
(32, 7, 1, '2025-10-02', '15:35:00', 90, 'Gruppenveranstaltung'),
(33, 8, 1, '2025-10-02', '17:10:00', 90, 'Gruppenveranstaltung'),
(34, 4, 1, '2025-10-07', '17:10:00', 90, 'Gruppenveranstaltung'),
(35, 1, 1, '2025-10-20', '15:35:00', 90, 'Gruppenveranstaltung'),
(36, 2, 1, '2025-10-20', '17:10:00', 90, 'Gruppenveranstaltung'),
(37, 3, 1, '2025-10-21', '15:35:00', 90, 'Gruppenveranstaltung'),
(38, 4, 1, '2025-10-21', '17:10:00', 90, 'Gruppenveranstaltung'),
(39, 5, 1, '2025-10-22', '15:35:00', 90, 'Gruppenveranstaltung'),
(40, 6, 1, '2025-10-22', '17:10:00', 90, 'Gruppenveranstaltung'),
(41, 7, 1, '2025-10-23', '15:35:00', 90, 'Gruppenveranstaltung'),
(42, 8, 1, '2025-10-23', '17:10:00', 90, 'Gruppenveranstaltung'),
(43, 9, 1, '2025-10-24', '15:35:00', 90, 'Gruppenveranstaltung'),
(44, 1, 1, '2025-10-27', '15:35:00', 90, 'Gruppenveranstaltung'),
(45, 2, 1, '2025-10-27', '17:10:00', 90, 'Gruppenveranstaltung'),
(46, 4, 1, '2025-10-28', '17:10:00', 90, 'Gruppenveranstaltung'),
(47, 5, 1, '2025-10-29', '15:35:00', 90, 'Gruppenveranstaltung'),
(48, 6, 1, '2025-10-29', '17:10:00', 90, 'Gruppenveranstaltung'),
(49, 7, 1, '2025-10-30', '15:35:00', 90, 'Gruppenveranstaltung'),
(50, 8, 1, '2025-10-30', '17:10:00', 90, 'Gruppenveranstaltung'),
(51, 1, 1, '2025-11-03', '15:35:00', 90, 'Gruppenveranstaltung'),
(52, 2, 1, '2025-11-03', '17:10:00', 90, 'Gruppenveranstaltung'),
(53, 3, 1, '2025-11-04', '15:35:00', 90, 'Gruppenveranstaltung'),
(54, 4, 1, '2025-11-04', '17:10:00', 90, 'Gruppenveranstaltung'),
(55, 7, 1, '2025-11-06', '15:35:00', 90, 'Gruppenveranstaltung'),
(56, 8, 1, '2025-11-06', '17:10:00', 90, 'Gruppenveranstaltung'),
(57, 10, 1, '2025-11-07', '06:30:00', 90, 'Gruppenveranstaltung'),
(58, 9, 1, '2025-11-07', '15:35:00', 90, 'Gruppenveranstaltung');

-- --------------------------------------------------------

--
-- Tabellenstruktur für Tabelle `ue_unterrichtseinheit_zw_thema`
--

CREATE TABLE `ue_unterrichtseinheit_zw_thema` (
  `id` int(11) NOT NULL,
  `ue_unterrichtseinheit_id` int(11) NOT NULL,
  `datum` datetime NOT NULL DEFAULT CURRENT_TIMESTAMP,
  `lehrkraft_id` int(11) NOT NULL DEFAULT '1',
  `schulform_id` int(11) NOT NULL,
  `fach_id` int(11) NOT NULL DEFAULT '1',
  `zieltyp_id` int(11) NOT NULL,
  `lernmethode_id` int(11) NOT NULL,
  `std_lernthema_id` varchar(100) NOT NULL,
  `thema` varchar(255) NOT NULL,
  `dauer` int(11) NOT NULL,
  `teilnehmer_id` varchar(100) NOT NULL,
  `beschreibung` text
) ENGINE=InnoDB DEFAULT CHARSET=utf8mb4;

--
-- Daten für Tabelle `ue_unterrichtseinheit_zw_thema`
--

INSERT INTO `ue_unterrichtseinheit_zw_thema` (`id`, `ue_unterrichtseinheit_id`, `datum`, `lehrkraft_id`, `schulform_id`, `fach_id`, `zieltyp_id`, `lernmethode_id`, `std_lernthema_id`, `thema`, `dauer`, `teilnehmer_id`, `beschreibung`) VALUES
(1, 1, '2025-09-19 18:56:24', 1, 2, 1, 3, 24, 'Vorbereitung BLF', 'Teil A', 15, '20', ''),
(2, 1, '2025-09-09 15:35:00', 1, 2, 1, 3, 24, 'Geometrie', 'Flächenberechnung', 30, '', ''),
(4, 3, '2025-09-09 17:10:00', 1, 0, 1, 1, 24, '', '', 15, '7,9,5,8', 'Gruppe 4'),
(5, 4, '2025-09-10 15:35:00', 1, 0, 1, 1, 24, '', '', 15, '6,11', 'Gruppe 5'),
(6, 5, '2025-09-10 17:10:00', 1, 0, 1, 1, 24, '', '', 15, '7,12,14,13,22', 'Gruppe 6'),
(7, 6, '2025-09-11 15:35:00', 1, 0, 1, 1, 24, '', '', 0, '10', 'Gruppe 7'),
(8, 7, '2025-09-11 17:10:00', 1, 0, 1, 3, 24, '', '', 90, '16,9,18,17,19', 'Gruppe 8'),
(9, 2, '2025-09-09 15:35:00', 1, 2, 1, 14, 24, 'Zahlen und Rechnen', 'Dezimalzahlen', 90, '3', ''),
(12, 10, '2025-09-15 15:35:00', 1, 0, 1, 1, 24, '', '', 90, '2', 'Gruppe 1'),
(13, 11, '2025-09-15 17:10:00', 1, 0, 1, 1, 24, '', '', 90, '23', 'Gruppe 2'),
(14, 12, '2025-09-17 15:35:00', 1, 0, 1, 1, 24, '', '', 90, '2', 'Gruppe 5'),
(15, 13, '2025-09-19 18:56:24', 1, 0, 1, 1, 24, '', '', 90, '14', 'Gruppe 6'),
(16, 14, '2025-09-19 17:10:00', 1, 0, 1, 1, 24, '', '', 90, '10', 'Gruppe 7'),
(17, 15, '2025-09-19 17:10:24', 1, 0, 1, 1, 24, '', '', 90, '17', 'Gruppe 8'),
(18, 16, '2025-09-19 15:35:00', 1, 0, 1, 1, 24, '', '', 90, '4', 'Gruppe 9'),
(19, 17, '2025-09-22 16:58:05', 1, 0, 1, 1, 24, '', '', 90, '2', 'Gruppe 1'),
(20, 18, '2025-09-22 18:25:20', 1, 0, 1, 1, 24, '', '', 90, '23', 'Gruppe 2'),
(21, 19, '2025-09-23 16:59:02', 1, 0, 1, 1, 24, '', '', 90, '16', 'Gruppe 3'),
(22, 20, '2025-09-23 18:32:13', 1, 0, 1, 1, 24, '', '', 90, '24', 'Gruppe 4'),
(23, 21, '2025-09-24 16:51:48', 1, 0, 1, 1, 24, '', '', 90, '4', 'Gruppe 5'),
(24, 22, '2025-09-24 18:30:32', 1, 0, 1, 1, 24, '', '', 90, '13', 'Gruppe 6'),
(25, 23, '2025-09-25 16:49:06', 1, 0, 1, 1, 24, '', '', 90, '10', 'Gruppe 7'),
(26, 24, '2025-09-25 18:21:42', 1, 0, 1, 1, 24, '', '', 90, '17', 'Gruppe 8'),
(27, 25, '2025-09-26 17:28:12', 1, 0, 1, 1, 24, '', '', 90, '24', 'Gruppe 9'),
(28, 26, '2025-09-29 17:02:45', 1, 0, 1, 1, 24, '', '', 90, '2', 'Gruppe 1'),
(29, 27, '2025-09-29 18:27:15', 1, 0, 1, 1, 24, '', '', 90, '23', 'Gruppe 2'),
(30, 28, '2025-09-30 16:52:03', 1, 0, 1, 1, 24, '', '', 90, '3', 'Gruppe 3'),
(31, 29, '2025-09-30 18:23:22', 1, 0, 1, 1, 24, '', '', 90, '5', 'Gruppe 4'),
(32, 30, '2025-10-01 16:49:23', 1, 0, 1, 1, 24, '', '', 90, '10', 'Gruppe 5'),
(33, 31, '2025-10-01 18:30:05', 1, 0, 1, 1, 24, '', '', 90, '22', 'Gruppe 6'),
(34, 32, '2025-10-02 16:52:28', 1, 0, 1, 1, 24, '', '', 90, '10', 'Gruppe 7'),
(35, 33, '2025-10-02 18:23:18', 1, 0, 1, 1, 24, '', '', 90, '17', 'Gruppe 8'),
(36, 34, '2025-10-07 18:22:34', 1, 0, 1, 1, 24, '', '', 90, '13', 'Gruppe 4'),
(37, 35, '2025-10-20 16:37:13', 1, 0, 1, 1, 24, '', '', 90, '40', 'Gruppe 1'),
(38, 36, '2025-10-20 18:18:30', 1, 0, 1, 1, 24, '', '', 90, '23', 'Gruppe 2'),
(39, 37, '2025-10-21 16:48:19', 1, 0, 1, 1, 24, '', '', 90, '3', 'Gruppe 3'),
(40, 38, '2025-10-21 18:30:36', 1, 0, 1, 1, 24, '', '', 90, '5', 'Gruppe 4'),
(41, 39, '2025-10-22 17:15:36', 1, 0, 1, 1, 24, '', '', 90, '6', 'Gruppe 5'),
(42, 40, '2025-10-22 18:28:38', 1, 0, 1, 1, 24, '', '', 90, '14', 'Gruppe 6'),
(43, 41, '2025-10-23 16:43:26', 1, 0, 1, 1, 24, '', '', 90, '18', 'Gruppe 7'),
(44, 42, '2025-10-23 18:28:24', 1, 0, 1, 1, 24, '', '', 90, '17', 'Gruppe 8'),
(45, 43, '2025-10-24 16:56:31', 1, 0, 1, 1, 24, '', '', 90, '4', 'Gruppe 9'),
(46, 44, '2025-10-27 16:46:37', 1, 0, 1, 1, 24, '', '', 90, '4', 'Gruppe 1'),
(47, 45, '2025-10-27 18:24:18', 1, 0, 1, 1, 24, '', '', 90, '23', 'Gruppe 2'),
(48, 46, '2025-10-28 18:21:07', 1, 0, 1, 1, 24, '', '', 90, '5', 'Gruppe 4'),
(49, 47, '2025-10-29 16:51:47', 1, 0, 1, 1, 24, '', '', 90, '6', 'Gruppe 5'),
(50, 48, '2025-10-29 18:27:58', 1, 0, 1, 1, 24, '', '', 90, '14', 'Gruppe 6'),
(51, 49, '2025-10-30 16:54:06', 1, 0, 1, 1, 24, '', '', 90, '10', 'Gruppe 7'),
(52, 50, '2025-10-30 18:23:30', 1, 0, 1, 1, 24, '', '', 90, '17', 'Gruppe 8'),
(53, 51, '2025-11-03 16:52:53', 1, 0, 1, 1, 24, '', '', 90, '40', 'Gruppe 1'),
(54, 52, '2025-11-03 18:27:11', 1, 0, 1, 1, 24, '', '', 90, '23', 'Gruppe 2'),
(55, 53, '2025-11-04 16:53:57', 1, 0, 1, 1, 24, '', '', 90, '3', 'Gruppe 3'),
(56, 54, '2025-11-04 18:32:05', 1, 0, 1, 1, 24, '', '', 90, '9', 'Gruppe 4'),
(57, 55, '2025-11-06 16:48:53', 1, 0, 1, 1, 24, '', '', 90, '42', 'Gruppe 7'),
(58, 56, '2025-11-06 18:30:46', 1, 0, 1, 1, 24, '', '', 90, '22', 'Gruppe 8'),
(59, 57, '2025-11-07 06:44:29', 1, 0, 1, 1, 24, '', '', 90, '1', 'Gruppe 10'),
(60, 58, '2025-11-07 16:45:31', 1, 0, 1, 1, 24, '', '', 90, '24', 'Gruppe 9');

-- --------------------------------------------------------

--
-- Tabellenstruktur für Tabelle `ue_zuweisung_teilnehmer`
--

CREATE TABLE `ue_zuweisung_teilnehmer` (
  `id` int(11) NOT NULL,
  `ue_unterrichtseinheit_zw_thema_id` int(11) NOT NULL,
  `datum` datetime NOT NULL DEFAULT CURRENT_TIMESTAMP,
  `gruppe_id` int(11) NOT NULL,
  `teilnehmer_id` int(11) NOT NULL
) ENGINE=InnoDB DEFAULT CHARSET=utf8mb4;

--
-- Daten für Tabelle `ue_zuweisung_teilnehmer`
--

INSERT INTO `ue_zuweisung_teilnehmer` (`id`, `ue_unterrichtseinheit_zw_thema_id`, `datum`, `gruppe_id`, `teilnehmer_id`) VALUES
(1, 1, '2025-09-16 19:26:45', 0, 20),
(3, 4, '2025-09-09 17:10:00', 0, 9),
(4, 4, '2025-09-09 17:10:00', 0, 7),
(5, 4, '2025-09-09 17:10:00', 0, 8),
(6, 4, '2025-09-09 17:10:00', 0, 5),
(11, 7, '2025-09-11 15:35:00', 0, 9),
(12, 7, '2025-09-11 15:35:00', 0, 15),
(13, 7, '2025-09-11 15:35:00', 0, 10),
(14, 8, '2025-09-11 17:10:00', 0, 16),
(15, 8, '2025-09-11 17:10:00', 0, 9),
(16, 8, '2025-09-11 17:10:00', 0, 18),
(17, 8, '2025-09-11 17:10:00', 0, 17),
(18, 8, '2025-09-11 17:10:00', 0, 19),
(19, 9, '2025-09-09 15:35:00', 0, 3),
(24, 5, '2025-09-10 15:35:00', 0, 6),
(25, 5, '2025-09-10 15:35:00', 0, 11),
(26, 6, '2025-09-10 17:10:00', 0, 7),
(27, 6, '2025-09-10 17:10:00', 0, 12),
(28, 6, '2025-09-10 17:10:00', 0, 14),
(29, 6, '2025-09-10 17:10:00', 0, 13),
(30, 6, '2025-09-10 17:10:00', 0, 22),
(33, 12, '2025-09-15 15:35:00', 0, 2),
(34, 13, '2025-09-15 17:10:00', 0, 21),
(35, 13, '2025-09-15 17:10:00', 0, 16),
(36, 13, '2025-09-15 17:10:00', 0, 20),
(37, 13, '2025-09-15 17:10:00', 0, 23),
(38, 14, '2025-09-17 15:35:00', 0, 10),
(39, 14, '2025-09-17 15:35:00', 0, 2),
(40, 6, '2025-09-10 17:10:00', 0, 12),
(41, 6, '2025-09-10 17:10:00', 0, 14),
(42, 18, '2025-09-19 15:35:00', 0, 6),
(43, 18, '2025-09-19 15:35:00', 0, 20),
(44, 18, '2025-09-19 15:35:00', 0, 11),
(45, 18, '2025-09-19 15:35:00', 0, 24),
(46, 18, '2025-09-19 15:35:00', 0, 4),
(47, 12, '2025-09-22 15:35:00', 0, 2),
(48, 20, '2025-09-22 17:10:00', 0, 16),
(49, 20, '2025-09-22 17:10:00', 0, 13),
(50, 20, '2025-09-22 17:10:00', 0, 21),
(51, 20, '2025-09-22 17:10:00', 0, 20),
(52, 13, '2025-09-22 17:10:00', 0, 23),
(53, 21, '2025-09-23 15:35:00', 0, 16),
(54, 4, '2025-09-23 17:10:00', 0, 9),
(55, 4, '2025-09-23 17:10:00', 0, 8),
(56, 22, '2025-09-23 17:10:00', 0, 24),
(57, 23, '2025-09-24 15:35:00', 0, 10),
(58, 5, '2025-09-24 15:35:00', 0, 6),
(59, 23, '2025-09-24 15:35:00', 0, 4),
(60, 6, '2025-09-24 17:10:00', 0, 7),
(61, 6, '2025-09-24 17:10:00', 0, 14),
(62, 6, '2025-09-24 17:10:00', 0, 22),
(63, 6, '2025-09-24 17:10:00', 0, 13),
(64, 25, '2025-09-25 15:35:00', 0, 9),
(65, 25, '2025-09-25 15:35:00', 0, 15),
(66, 7, '2025-09-25 15:35:00', 0, 10),
(67, 8, '2025-09-25 17:10:00', 0, 18),
(68, 8, '2025-09-25 17:10:00', 0, 16),
(69, 8, '2025-09-25 17:10:00', 0, 19),
(70, 8, '2025-09-25 17:10:00', 0, 17),
(71, 18, '2025-09-26 15:35:00', 0, 4),
(72, 27, '2025-09-26 15:35:00', 0, 20),
(73, 27, '2025-09-26 15:35:00', 0, 24),
(75, 12, '2025-09-29 15:35:00', 0, 2),
(76, 29, '2025-09-29 17:10:00', 0, 21),
(77, 29, '2025-09-29 17:10:00', 0, 20),
(78, 29, '2025-09-29 17:10:00', 0, 16),
(79, 13, '2025-09-29 17:10:00', 0, 23),
(80, 30, '2025-09-30 15:35:00', 0, 3),
(81, 4, '2025-09-30 17:10:00', 0, 7),
(82, 4, '2025-09-30 17:10:00', 0, 9),
(83, 4, '2025-09-30 17:10:00', 0, 8),
(84, 22, '2025-09-30 17:10:00', 0, 24),
(85, 4, '2025-09-30 17:10:00', 0, 5),
(86, 5, '2025-10-01 15:35:00', 0, 6),
(87, 5, '2025-10-01 15:35:00', 0, 11),
(88, 14, '2025-10-01 15:35:00', 0, 2),
(89, 32, '2025-10-01 15:35:00', 0, 10),
(90, 6, '2025-10-01 17:10:00', 0, 12),
(91, 6, '2025-10-01 17:10:00', 0, 14),
(92, 6, '2025-10-01 17:10:00', 0, 22),
(93, 34, '2025-10-02 15:35:00', 0, 9),
(94, 7, '2025-10-02 15:35:00', 0, 10),
(95, 8, '2025-10-02 17:10:00', 0, 18),
(96, 8, '2025-10-02 17:10:00', 0, 16),
(97, 8, '2025-10-02 17:10:00', 0, 19),
(98, 8, '2025-10-02 17:10:00', 0, 17),
(99, 36, '2025-10-07 17:10:00', 0, 22),
(100, 4, '2025-10-07 17:10:00', 0, 8),
(101, 36, '2025-10-07 17:10:00', 0, 13),
(102, 12, '2025-10-20 15:35:00', 0, 2),
(103, 37, '2025-10-20 15:35:00', 0, 40),
(104, 38, '2025-10-20 17:10:00', 0, 21),
(105, 38, '2025-10-20 17:10:00', 0, 21),
(106, 38, '2025-10-20 17:10:00', 0, 20),
(107, 13, '2025-10-20 17:10:00', 0, 23),
(108, 30, '2025-10-21 15:35:00', 0, 3),
(109, 4, '2025-10-21 17:10:00', 0, 7),
(110, 4, '2025-10-21 17:10:00', 0, 8),
(111, 4, '2025-10-21 17:10:00', 0, 5),
(112, 5, '2025-10-22 15:35:00', 0, 6),
(113, 6, '2025-10-22 17:10:00', 0, 22),
(114, 6, '2025-10-22 17:10:00', 0, 7),
(115, 6, '2025-10-22 17:10:00', 0, 14),
(116, 43, '2025-10-23 15:35:00', 0, 16),
(117, 43, '2025-10-23 15:35:00', 0, 15),
(118, 43, '2025-10-23 15:35:00', 0, 18),
(119, 8, '2025-10-23 17:10:00', 0, 18),
(120, 8, '2025-10-23 17:10:00', 0, 16),
(121, 8, '2025-10-23 17:10:00', 0, 17),
(122, 45, '2025-10-24 15:35:00', 0, 20),
(123, 45, '2025-10-24 15:35:00', 0, 6),
(124, 18, '2025-10-24 15:35:00', 0, 4),
(125, 37, '2025-10-27 15:35:00', 0, 40),
(126, 46, '2025-10-27 15:35:00', 0, 4),
(127, 47, '2025-10-27 17:10:00', 0, 16),
(128, 47, '2025-10-27 17:10:00', 0, 21),
(129, 47, '2025-10-27 17:10:00', 0, 16),
(130, 47, '2025-10-27 17:10:00', 0, 20),
(131, 13, '2025-10-27 17:10:00', 0, 23),
(132, 4, '2025-10-28 17:10:00', 0, 8),
(133, 4, '2025-10-28 17:10:00', 0, 9),
(134, 4, '2025-10-28 17:10:00', 0, 5),
(135, 14, '2025-10-29 15:35:00', 0, 2),
(136, 49, '2025-10-29 15:35:00', 0, 42),
(137, 32, '2025-10-29 15:35:00', 0, 10),
(138, 5, '2025-10-29 15:35:00', 0, 11),
(139, 5, '2025-10-29 15:35:00', 0, 6),
(140, 6, '2025-10-29 17:10:00', 0, 7),
(141, 6, '2025-10-29 17:10:00', 0, 22),
(142, 6, '2025-10-29 17:10:00', 0, 14),
(143, 51, '2025-10-30 15:35:00', 0, 9),
(144, 7, '2025-10-30 15:35:00', 0, 10),
(145, 8, '2025-10-30 17:10:00', 0, 18),
(146, 8, '2025-10-30 17:10:00', 0, 19),
(147, 8, '2025-10-30 17:10:00', 0, 16),
(148, 8, '2025-10-30 17:10:00', 0, 17),
(149, 1, '2025-10-31 05:23:20', 0, 21),
(150, 1, '2025-10-31 05:23:20', 0, 12),
(151, 1, '2025-10-31 05:23:20', 0, 16),
(152, 1, '2025-10-31 05:23:20', 0, 3),
(153, 1, '2025-10-31 05:23:20', 0, 9),
(154, 1, '2025-10-31 05:23:20', 0, 5),
(155, 1, '2025-10-31 05:23:20', 0, 11),
(156, 1, '2025-10-31 05:23:20', 0, 6),
(157, 1, '2025-10-31 05:23:20', 0, 7),
(158, 1, '2025-10-31 05:23:20', 0, 14),
(159, 1, '2025-10-31 05:23:20', 0, 22),
(160, 1, '2025-10-31 05:23:20', 0, 15),
(161, 1, '2025-10-31 05:23:20', 0, 10),
(162, 1, '2025-10-31 05:23:20', 0, 18),
(163, 1, '2025-10-31 05:23:20', 0, 17),
(164, 1, '2025-10-31 05:23:20', 0, 2),
(165, 1, '2025-10-31 05:23:20', 0, 23),
(166, 1, '2025-10-31 05:23:20', 0, 19),
(167, 1, '2025-10-31 05:23:20', 0, 24),
(168, 1, '2025-10-31 05:23:20', 0, 4),
(169, 1, '2025-10-31 05:23:20', 0, 13),
(170, 1, '2025-10-31 05:23:20', 0, 8),
(171, 1, '2025-10-31 05:23:20', 0, 40),
(172, 12, '2025-11-03 15:35:00', 0, 2),
(173, 53, '2025-11-03 15:35:00', 0, 43),
(174, 37, '2025-11-03 15:35:00', 0, 40),
(175, 37, '2025-11-03 15:35:00', 0, 40),
(176, 54, '2025-11-03 17:10:00', 0, 20),
(177, 54, '2025-11-03 17:10:00', 0, 21),
(178, 54, '2025-11-03 17:10:00', 0, 21),
(179, 54, '2025-11-03 17:10:00', 0, 16),
(180, 13, '2025-11-03 17:10:00', 0, 23),
(181, 30, '2025-11-04 15:35:00', 0, 3),
(182, 4, '2025-11-04 17:10:00', 0, 8),
(183, 4, '2025-11-04 17:10:00', 0, 5),
(184, 4, '2025-11-04 17:10:00', 0, 9),
(185, 57, '2025-11-06 15:35:00', 0, 9),
(186, 7, '2025-11-06 15:35:00', 0, 10),
(187, 57, '2025-11-06 15:35:00', 0, 15),
(188, 57, '2025-11-06 15:35:00', 0, 42),
(189, 8, '2025-11-06 17:10:00', 0, 18),
(190, 8, '2025-11-06 17:10:00', 0, 16),
(191, 8, '2025-11-06 17:10:00', 0, 19),
(192, 8, '2025-11-06 17:10:00', 0, 17),
(193, 58, '2025-11-06 17:10:00', 0, 22),
(194, 60, '2025-11-07 15:35:00', 9, 6),
(195, 60, '2025-11-07 15:35:00', 9, 11),
(196, 27, '2025-11-07 15:35:00', 9, 24);

-- --------------------------------------------------------

--
-- Tabellenstruktur für Tabelle `verhaltens_mapping`
--

CREATE TABLE `verhaltens_mapping` (
  `id` int(11) NOT NULL,
  `flag_typ` int(11) NOT NULL,
  `flag_text` varchar(255) NOT NULL,
  `spaltenname` varchar(255) NOT NULL
) ENGINE=InnoDB DEFAULT CHARSET=utf8mb4;

--
-- Daten für Tabelle `verhaltens_mapping`
--

INSERT INTO `verhaltens_mapping` (`id`, `flag_typ`, `flag_text`, `spaltenname`) VALUES
(1, 1, 'Absprachen einhaltend', 'absprachen'),
(2, 6, 'Absprachen nicht einhaltend', 'absprachen_nicht_einhaltend'),
(3, 1, 'beteiligt sich / gute Mitarbeit', 'mitarbeit'),
(4, 6, 'störend / blockierend / resignierend', 'stoerend_blockierend_resignierend'),
(5, 1, 'fleißig / bemüht', 'fleissig'),
(6, 6, 'desinteressiert / gleichgültig', 'desinteressiert_gleichgueltig'),
(7, 1, 'arbeitet selbstständig', 'selbststaendig'),
(8, 6, 'benötigt Aufforderung', 'benoetigt_aufforderung'),
(9, 1, 'konzentriert', 'konzentriert'),
(10, 6, 'unkonzentriert', 'unkonzentriert'),
(11, 1, 'vorbereitet', 'vorbereitet'),
(12, 6, 'Materialien fehlen', 'materialien_fehlen');

-- --------------------------------------------------------

--
-- Tabellenstruktur für Tabelle `_frzk_hubs`
--

CREATE TABLE `_frzk_hubs` (
  `id` int(11) NOT NULL,
  `name` varchar(100) NOT NULL,
  `typ` varchar(50) NOT NULL
) ENGINE=InnoDB DEFAULT CHARSET=utf8mb4 COMMENT='_frzk_hubs';

--
-- Daten für Tabelle `_frzk_hubs`
--

INSERT INTO `_frzk_hubs` (`id`, `name`, `typ`) VALUES
(1, 'Schlüsselfrage', 'kognitiv'),
(2, 'Kernbegriff-Einführung', 'kognitiv'),
(3, 'Konzeptuelle Brücke', 'kognitiv'),
(4, 'Fehleranalyse', 'kognitiv'),
(5, 'Peer-Erklärung', 'sozial'),
(6, 'Diskussionsrunde', 'sozial'),
(7, 'Gruppenentscheidung', 'sozial'),
(8, 'Kooperationscheck', 'sozial'),
(9, 'Aha-Erlebnis', 'affektiv'),
(10, 'Resonanzmoment', 'affektiv'),
(11, 'Frustrationsauflösung', 'affektiv'),
(12, 'Erfolgserfahrung', 'affektiv'),
(13, 'Zwischenreflexion', 'metakognitiv'),
(14, 'Lernweg-Skizze', 'metakognitiv'),
(15, 'Selbsteinschätzung', 'metakognitiv'),
(16, 'Transferfrage', 'metakognitiv'),
(17, 'Methodenbruch', 'methodisch'),
(18, 'Material-Peak', 'methodisch'),
(19, 'Aufgabenwende', 'methodisch'),
(20, 'Projektgipfel', 'methodisch'),
(21, 'σ-Hub', 'datenbankgestützt'),
(22, 'M-Hub', 'datenbankgestützt'),
(23, 'R-Hub', 'datenbankgestützt'),
(24, 'E-Hub', 'datenbankgestützt');

-- --------------------------------------------------------

--
-- Tabellenstruktur für Tabelle `_mtr_definition_lernmethode`
--

CREATE TABLE `_mtr_definition_lernmethode` (
  `id` int(11) NOT NULL,
  `bezeichnung` varchar(255) COLLATE utf8mb4_unicode_ci NOT NULL,
  `beschreibung` text COLLATE utf8mb4_unicode_ci NOT NULL,
  `kategorie` varchar(100) COLLATE utf8mb4_unicode_ci DEFAULT NULL,
  `baut_auf_auf` int(11) DEFAULT NULL,
  `kurzbezeichnung` varchar(100) COLLATE utf8mb4_unicode_ci NOT NULL,
  `schwerpunkt` varchar(100) COLLATE utf8mb4_unicode_ci DEFAULT NULL
) ENGINE=InnoDB DEFAULT CHARSET=utf8mb4 COLLATE=utf8mb4_unicode_ci;

--
-- Daten für Tabelle `_mtr_definition_lernmethode`
--

INSERT INTO `_mtr_definition_lernmethode` (`id`, `bezeichnung`, `beschreibung`, `kategorie`, `baut_auf_auf`, `kurzbezeichnung`, `schwerpunkt`) VALUES
(1, 'Lehrerzentrierte Methoden (Kategorie)', 'Methoden, bei denen die Lehrperson die Hauptrolle in der Wissensvermittlung und Steuerung des Lernprozesses spielt.', 'Lehrerzentriert', NULL, 'Lehrerzentriert', 'Wissensvermittlung'),
(2, 'Frontalunterricht', 'Die Lehrperson präsentiert Inhalte vor der gesamten Klasse, oft in Form eines Vortrags oder einer Demonstration.', 'Lehrerzentriert', 1, 'Frontal', 'Wissensvermittlung'),
(3, 'Vortrag/Vorlesung', 'Ausführliche, strukturierte mündliche Darstellung von Lehrinhalten, primär zur Informationsvermittlung.', 'Lehrerzentriert', 2, 'Vortrag', 'Wissensvermittlung'),
(4, 'Demonstration', 'Vorführung eines Vorgangs, Experiments oder einer Fertigkeit durch die Lehrperson.', 'Lehrerzentriert', 2, 'Demonstration', 'Wissensvermittlung, Fertigkeit'),
(5, 'Lehrgespräch', 'Gelenktes Gespräch, bei dem die Lehrperson durch Fragen die Erkenntnisentwicklung der Lernenden steuert.', 'Lehrerzentriert', 2, 'Lehrgespräch', 'Wissensvermittlung, Verständnis'),
(6, 'Schülerzentrierte Methoden (Kategorie)', 'Methoden, bei denen die Lernenden aktiv, selbstgesteuert und eigenverantwortlich lernen.', 'Schülerzentriert', NULL, 'Schülerzentriert', 'Kompetenzerwerb, Selbstständigkeit'),
(7, 'Gruppenarbeit', 'Lernende arbeiten in kleinen Teams an einer gemeinsamen Aufgabe, fördern Kooperation und Kommunikation.', 'Schülerzentriert', 6, 'Gruppenarbeit', 'Kooperation, Problemlösung'),
(8, 'Partnerarbeit', 'Zwei Lernende arbeiten zusammen, um eine Aufgabe zu lösen oder sich gegenseitig zu unterrichten.', 'Schülerzentriert', 6, 'Partnerarbeit', 'Interaktion, Übung'),
(9, 'Projektarbeit', 'Lernende planen, realisieren und präsentieren ein komplexes Projekt über einen längeren Zeitraum.', 'Schülerzentriert', 6, 'Projektarbeit', 'Kompetenzerwerb, Anwendung'),
(10, 'Stationenlernen', 'Lernende bearbeiten Aufgaben an verschiedenen Stationen in ihrem eigenen Tempo.', 'Schülerzentriert', 6, 'Stationenlernen', 'Individualisierung, Aktivierung'),
(11, 'Lernen durch Lehren (LdL)', 'Lernende bereiten Inhalte auf, um sie ihren Mitschülern zu vermitteln, vertieftes Verständnis.', 'Schülerzentriert', 6, 'Lernen durch Lehren', 'Vertiefung, Präsentation'),
(12, 'Fallstudienarbeit', 'Analyse realer oder fiktiver Fälle zur Problemlösung und Entscheidungsfindung.', 'Schülerzentriert', 6, 'Fallstudie', 'Analyse, Problemlösung'),
(13, 'Rollenspiel/Simulation', 'Nachstellung von Situationen zur Einübung von Verhaltensweisen oder zur Perspektivübernahme.', 'Schülerzentriert', 6, 'Rollenspiel', 'Sozialkompetenz, Empathie'),
(14, 'Digitale & Blended-Learning Methoden (Kategorie)', 'Methoden, die digitale Medien und Technologien zur Unterstützung des Lernprozesses nutzen.', 'Digital/Blended', NULL, 'Digital', 'Flexibilität, Medienkompetenz'),
(15, 'E-Learning (asynchron)', 'Selbstgesteuertes Lernen über Online-Plattformen und digitale Materialien, zeitlich und räumlich flexibel.', 'Digital/Blended', 14, 'E-Learning', 'Selbstlernen, Flexibilität'),
(16, 'WebQuest', 'Geführte Internetrecherche zur Lösung einer komplexen Aufgabe.', 'Digital/Blended', 14, 'WebQuest', 'Recherche, Problemlösung'),
(17, 'Blended Learning', 'Kombination aus Präsenzunterricht und Online-Lernphasen.', 'Digital/Blended', 14, 'Blended Learning', 'Flexibilität, Interaktion'),
(18, 'Flipped Classroom', 'Inhalte werden zu Hause digital erarbeitet, die Präsenzzeit für Vertiefung und Anwendung genutzt.', 'Digital/Blended', 17, 'Flipped Classroom', 'Anwendung, Vertiefung'),
(19, 'Offene & Experimentelle Methoden (Kategorie)', 'Methoden, die Raum für individuelle Entdeckungen, kreatives Lernen und eigenständiges Forschen lassen.', 'Offen/Experimentell', NULL, 'Offen/Experimentell', 'Entdeckung, Forschung'),
(20, 'Werkstattunterricht', 'Angebot verschiedener Aufgaben, aus denen Lernende selbst wählen und in eigenem Tempo arbeiten.', 'Offen/Experimentell', 19, 'Werkstatt', 'Selbststeuerung, Individualisierung'),
(21, 'Experiment', 'Lernende führen Versuche durch, um Hypothesen zu überprüfen oder Phänomene zu beobachten.', 'Offen/Experimentell', 19, 'Experiment', 'Forschung, Erkenntnisgewinn'),
(22, 'Freie Arbeit', 'Lernende wählen Thema, Methode und Tempo selbst, oft mit individuellem Coaching durch die Lehrperson.', 'Offen/Experimentell', 19, 'Freie Arbeit', 'Autonomie, Vertiefung'),
(23, 'Grundlegende Lern- und Übungsformen (Kategorie)', 'Methoden, die auf die Festigung von Wissen und Fähigkeiten sowie auf die Automatisierung von Prozessen abzielen.', 'Grundlagen', NULL, 'GrundlagenLernen', 'Festigung, Automatisierung'),
(24, 'Üben', 'Systematisches Wiederholen von Aufgaben, Inhalten oder Bewegungsabläufen zur Festigung und Automatisierung von Kenntnissen und Fertigkeiten.', 'Grundlagen', 23, 'Üben', 'Festigung, Fertigkeit'),
(25, 'Wiederholen', 'Erneutes Durchgehen von Lerninhalten zur Verankerung im Langzeitgedächtnis und zur Überprüfung des Verständnisses.', 'Grundlagen', 23, 'Wiederholen', 'Gedächtnis, Verständnis'),
(26, 'Drill & Practice', 'Intensives, oft repetitives Training von grundlegenden Fertigkeiten oder Fakten, um Geschwindigkeit und Genauigkeit zu erhöhen.', 'Grundlagen', 24, 'Drill', 'Automatisierung, Genauigkeit'),
(27, 'Merkübungen', 'Gezielte Übungen zur Unterstützung des Auswendiglernens und des Abrufs von Fakten oder Definitionen.', 'Grundlagen', 25, 'Merkübungen', 'Gedächtnis, Abruf'),
(28, 'Anwendungsaufgaben lösen', 'Bearbeitung von Aufgaben, die die Anwendung erlernter Regeln, Formeln oder Konzepte in vorgegebenen Kontexten erfordern.', 'Grundlagen', 24, 'Anwendungsaufgaben', 'Anwendung, Transfer'),
(29, 'Fehleranalyse', 'Systematisches Untersuchen eigener Fehler, um Ursachen zu identifizieren und das Verständnis zu vertiefen.', 'Grundlagen', 24, 'Fehleranalyse', 'Metakognition, Verständnis');

-- --------------------------------------------------------

--
-- Tabellenstruktur für Tabelle `_mtr_definition_zieltyp`
--

CREATE TABLE `_mtr_definition_zieltyp` (
  `id` int(11) NOT NULL,
  `bezeichnung` varchar(255) COLLATE utf8mb4_unicode_ci NOT NULL,
  `beschreibung` text COLLATE utf8mb4_unicode_ci NOT NULL,
  `baut_auf_auf` int(11) DEFAULT NULL,
  `kurzbezeichnung` varchar(100) COLLATE utf8mb4_unicode_ci NOT NULL,
  `ebene` varchar(50) COLLATE utf8mb4_unicode_ci DEFAULT NULL
) ENGINE=InnoDB DEFAULT CHARSET=utf8mb4 COLLATE=utf8mb4_unicode_ci;

--
-- Daten für Tabelle `_mtr_definition_zieltyp`
--

INSERT INTO `_mtr_definition_zieltyp` (`id`, `bezeichnung`, `beschreibung`, `baut_auf_auf`, `kurzbezeichnung`, `ebene`) VALUES
(1, 'Remembering (Kategorie)', 'Die Lernenden können relevantes Wissen aus dem Langzeitgedächtnis abrufen.', NULL, 'Erinnern', 'Remembering'),
(2, 'Wiedererkennen', 'Die Lernenden können Informationen aus einer Liste identifizieren.', 1, 'Wiedererkennen', 'Remembering'),
(3, 'Abrufen', 'Die Lernenden können Informationen ohne Hinweise reproduzieren.', 1, 'Abrufen', 'Remembering'),
(4, 'Benennen', 'Die Lernenden können Namen, Begriffe oder Daten korrekt zuordnen.', 1, 'Benennen', 'Remembering'),
(5, 'Auflisten', 'Die Lernenden können Elemente einer Gruppe systematisch aufzählen.', 1, 'Auflisten', 'Remembering'),
(6, 'Understanding (Kategorie)', 'Die Lernenden können die Bedeutung von Anweisungen oder Botschaften konstruieren, indem sie interpretieren, illustrieren, klassifizieren, zusammenfassen, schlussfolgern, vergleichen oder erklären.', NULL, 'Verstehen', 'Understanding'),
(7, 'Interpretieren', 'Die Lernenden können Bedeutungen von einem Format ins andere umwandeln (z.B. Wörter in Zahlen).', 6, 'Interpretieren', 'Understanding'),
(8, 'Illustrieren (Beispiele geben)', 'Die Lernenden können konkrete Beispiele für Konzepte oder Prinzipien liefern.', 6, 'Illustrieren', 'Understanding'),
(9, 'Klassifizieren', 'Die Lernenden können Objekte oder Ideen in Kategorien einordnen.', 6, 'Klassifizieren', 'Understanding'),
(10, 'Zusammenfassen', 'Die Lernenden können die Hauptgedanken eines Textes oder einer Präsentation in kondensierter Form wiedergeben.', 6, 'Zusammenfassen', 'Understanding'),
(11, 'Schlussfolgern', 'Die Lernenden können Muster oder Bedeutungen über das Gegebene hinaus erkennen.', 6, 'Schlussfolgern', 'Understanding'),
(12, 'Vergleichen', 'Die Lernenden können Ähnlichkeiten und Unterschiede zwischen zwei oder mehr Objekten oder Ideen aufzeigen.', 6, 'Vergleichen', 'Understanding'),
(13, 'Erklären', 'Die Lernenden können eine Ursache-Wirkungs-Beziehung oder ein Prinzip darstellen.', 6, 'Erklären', 'Understanding'),
(14, 'Applying (Kategorie)', 'Die Lernenden können ein Verfahren ausführen oder verwenden.', NULL, 'Anwenden', 'Applying'),
(15, 'Ausführen', 'Die Lernenden können ein Verfahren oder eine Methode in einer Standardaufgabe anwenden.', 14, 'Ausführen', 'Applying'),
(16, 'Implementieren', 'Die Lernenden können ein Verfahren auf eine neuartige oder unvertraute Situation übertragen.', 14, 'Implementieren', 'Applying'),
(17, 'Probleme anwenden', 'Die Lernenden können passende Konzepte und Prinzipien zur Problemlösung nutzen.', 14, 'Probleme Anwenden', 'Applying'),
(18, 'Analyzing (Kategorie)', 'Die Lernenden können Material in seine Einzelteile zerlegen und deren Beziehungen zueinander oder zur Gesamtstruktur bestimmen.', NULL, 'Analysieren', 'Analyzing'),
(19, 'Differenzieren', 'Die Lernenden können relevante von irrelevanten Informationen unterscheiden.', 18, 'Differenzieren', 'Analyzing'),
(20, 'Organisieren', 'Die Lernenden können Elemente in eine zusammenhängende Struktur oder Form bringen.', 18, 'Organisieren', 'Analyzing'),
(21, 'Attribuieren (Zuschreiben)', 'Die Lernenden können die Perspektive, den Bias, die Werte oder die Absichten hinter dem Material bestimmen.', 18, 'Attribuieren', 'Analyzing'),
(22, 'Strukturieren', 'Die Lernenden können die interne Konsistenz oder die logische Organisation eines Materials bewerten.', 18, 'Strukturieren', 'Analyzing'),
(23, 'Evaluating (Kategorie)', 'Die Lernenden können Urteile auf der Grundlage von Kriterien und Standards treffen.', NULL, 'Evaluieren', 'Evaluating'),
(24, 'Überprüfen (Konsistenz)', 'Die Lernenden können die Konsistenz oder die logische Stimmigkeit eines Materials bewerten.', 23, 'Überprüfen', 'Evaluating'),
(25, 'Kritisieren (Effektivität)', 'Die Lernenden können die Effektivität eines Produktes oder Prozesses basierend auf externen Kriterien beurteilen.', 23, 'Kritisieren', 'Evaluating'),
(26, 'Beurteilen', 'Die Lernenden können die Qualität, den Wert oder die Bedeutung von Ideen oder Lösungen einschätzen.', 23, 'Beurteilen', 'Evaluating'),
(27, 'Creating (Kategorie)', 'Die Lernenden können Elemente zusammenfügen, um ein kohärentes oder funktionales Ganzes zu bilden; ein neues Produkt oder eine neue Perspektive reorganisieren.', NULL, 'Kreieren', 'Creating'),
(28, 'Generieren', 'Die Lernenden können Hypothesen oder alternative Lösungen entwickeln.', 27, 'Generieren', 'Creating'),
(29, 'Planen', 'Die Lernenden können Vorgehensweisen oder Methoden zur Lösung einer Aufgabe entwerfen.', 27, 'Planen', 'Creating'),
(30, 'Produzieren', 'Die Lernenden können ein materielles oder immaterielles Produkt erstellen.', 27, 'Produzieren', 'Creating'),
(31, 'Entwerfen', 'Die Lernenden können ein Konzept oder Modell neu gestalten oder anpassen.', 27, 'Entwerfen', 'Creating');

-- --------------------------------------------------------

--
-- Tabellenstruktur für Tabelle `_mtr_einrichtung`
--

CREATE TABLE `_mtr_einrichtung` (
  `id` int(11) NOT NULL,
  `einrichtung` varchar(50) NOT NULL
) ENGINE=InnoDB DEFAULT CHARSET=utf8mb4;

--
-- Daten für Tabelle `_mtr_einrichtung`
--

INSERT INTO `_mtr_einrichtung` (`id`, `einrichtung`) VALUES
(1, 'Schülerhilfe'),
(2, 'Studienkreis');

-- --------------------------------------------------------

--
-- Tabellenstruktur für Tabelle `_mtr_emotionen`
--

CREATE TABLE `_mtr_emotionen` (
  `id` int(11) NOT NULL,
  `type_name` varchar(50) DEFAULT NULL,
  `fine_label` varchar(100) DEFAULT NULL,
  `show_emotion` tinyint(1) NOT NULL DEFAULT '1',
  `emotion` varchar(50) NOT NULL,
  `map_field` varchar(50) NOT NULL,
  `valenz` decimal(4,2) NOT NULL,
  `aktivierung` decimal(4,2) NOT NULL
) ENGINE=InnoDB DEFAULT CHARSET=utf8mb4;

--
-- Daten für Tabelle `_mtr_emotionen`
--

INSERT INTO `_mtr_emotionen` (`id`, `type_name`, `fine_label`, `show_emotion`, `emotion`, `map_field`, `valenz`, `aktivierung`) VALUES
(1, 'positiv', 'Glücksgefühl', 1, 'Freude', 'freude', '0.90', '0.60'),
(2, 'positiv', 'Glücksgefühl', 1, 'Zufriedenheit', 'zufriedenheit', '0.70', '0.30'),
(3, 'positiv', 'Glücksgefühl', 1, 'Erfüllung', 'erfuellung', '0.92', '0.50'),
(4, 'positiv', 'Aktivierendes positives Gefühl', 1, 'Motivation', 'motivation', '0.85', '0.75'),
(5, 'positiv', 'Soziales positives Gefühl', 1, 'Dankbarkeit', 'dankbarkeit', '0.80', '0.40'),
(6, 'positiv', 'Zukunftsorientiertes positives Gefühl', 1, 'Hoffnung', 'hoffnung', '0.85', '0.50'),
(7, 'positiv', 'Soziales positives Gefühl', 1, 'Stolz', 'stolz', '0.80', '0.55'),
(8, 'positiv', 'Soziales positives Gefühl', 1, 'Selbstvertrauen', 'selbstvertrauen', '0.82', '0.50'),
(9, 'positiv', 'Aktivierendes positives Gefühl', 1, 'Neugier', 'neugier', '0.80', '0.70'),
(10, 'positiv', 'Aktivierendes positives Gefühl', 1, 'Inspiration', 'inspiration', '0.88', '0.80'),
(11, 'positiv', 'Soziales positives Gefühl', 1, 'Zugehörigkeit', 'zugehoerigkeit', '0.78', '0.45'),
(12, 'positiv', 'Soziales positives Gefühl', 1, 'Vertrauen', 'vertrauen', '0.82', '0.50'),
(13, 'positiv', 'Glücksgefühl', 1, 'Spaß', 'spass', '0.88', '0.65'),
(14, 'positiv', 'Soziales positives Gefühl', 1, 'Sicherheit', 'sicherheit', '0.75', '0.40'),
(15, 'negativ', 'Stress-/Überforderungsgefühl', 1, 'Frustration', 'frustration', '-0.85', '0.55'),
(16, 'negativ', 'Stress-/Überforderungsgefühl', 1, 'Überforderung', 'ueberforderung', '-0.90', '0.85'),
(17, 'negativ', 'Ängstlich-vermeidendes Gefühl', 1, 'Angst', 'angst', '-0.95', '0.90'),
(18, 'negativ', 'Niedergeschlagenheit/Rückzug', 1, 'Langeweile', 'langeweile', '-0.50', '0.20'),
(19, 'negativ', 'Niedergeschlagenheit/Rückzug', 1, 'Scham', 'scham', '-0.75', '0.25'),
(20, 'negativ', 'Ängstlich-vermeidendes Gefühl', 1, 'Zweifel', 'zweifel', '-0.60', '0.50'),
(21, 'negativ', 'Niedergeschlagenheit/Rückzug', 1, 'Resignation', 'resignation', '-0.80', '0.30'),
(22, 'negativ', 'Stress-/Überforderungsgefühl', 1, 'Erschöpfung', 'erschoepfung', '-0.70', '0.10'),
(23, 'kognitiv', 'Erkenntnis-/Bewertungsgefühl', 1, 'Interesse', 'interesse', '0.75', '0.60'),
(24, 'kognitiv', 'Erkenntnis-/Bewertungsgefühl', 1, 'Verwirrung', 'verwirrung', '-0.45', '0.80'),
(25, 'kognitiv', 'Ängstlich-vermeidendes Gefühl', 1, 'Unsicherheit', 'unsicherheit', '-0.60', '0.70'),
(26, 'kognitiv', 'Erwartungsbezogenes Gefühl', 1, 'Überraschung', 'ueberraschung', '0.65', '0.75'),
(27, 'kognitiv', 'Erwartungsbezogenes Gefühl', 1, 'Erwartung', 'erwartung', '0.40', '0.60'),
(28, 'kognitiv', 'Erwartungsbezogenes Gefühl', 1, 'Erleichterung', 'erleichterung', '0.60', '0.35');

-- --------------------------------------------------------

--
-- Tabellenstruktur für Tabelle `_mtr_persoenlichkeitsmerkmal_definition`
--

CREATE TABLE `_mtr_persoenlichkeitsmerkmal_definition` (
  `merkmal_id` int(11) NOT NULL,
  `merkmal_name` varchar(255) NOT NULL,
  `beschreibung_allgemein` text,
  `theoretischer_hintergrund` text
) ENGINE=InnoDB DEFAULT CHARSET=utf8mb4;

--
-- Daten für Tabelle `_mtr_persoenlichkeitsmerkmal_definition`
--

INSERT INTO `_mtr_persoenlichkeitsmerkmal_definition` (`merkmal_id`, `merkmal_name`, `beschreibung_allgemein`, `theoretischer_hintergrund`) VALUES
(1, 'offenheit_erfahrungen', 'Offenheit für neue Erfahrungen, Lerninhalte und Situationen.', 'Könnte sich in der Dynamik der Akteur-Funktion A(Ψ,x,y,z,t) äußern, die exploratives Verhalten in Bezug auf das "Feld" (Ψ) anregt. Verbunden mit der Fähigkeit zur Reflexion (Meta-Funktion) über neue Bedeutungsfelder und der Bereitschaft, etablierte semantische Attraktoren zu verlassen. Kann sich in der Offenheit für die Transformation symbolischer Meta-Strukturen zeigen.'),
(2, 'gewissenhaftigkeit', 'Gewissenhaftigkeit und Leistungsbereitschaft.', 'Könnte sich in der Dynamik der Akteur-Funktion A(Ψ,x,y,z,t) äußern, die exploratives Verhalten in Bezug auf das "Feld" (Ψ) anregt. Verbunden mit der Fähigkeit zur Reflexion (Meta-Funktion) über neue Bedeutungsfelder und der Bereitschaft, etablierte semantische Attraktoren zu verlassen. Kann sich in der Offenheit für die Transformation symbolischer Meta-Strukturen zeigen. Hohe Ausprägung könnte mit der Stabilität der Akteur-Funktion und der Fähigkeit zur Aufrechterhaltung von Zielen korrelieren.'),
(3, 'extraversion', 'Extraversion und soziale Interaktion.', 'Könnte sich in der Interaktion der Akteur-Funktion A(Ψ,x,y,z,t) mit sozialen "Feldern" (Ψ) manifestieren. Hohe Ausprägung ist verbunden mit der Fähigkeit, sich in soziale Interaktionen zu begeben und diese aktiv zu gestalten. Könnte auch mit der energetischen Komponente der Meta-Funktion M(A,Ψ,x,y,z,t) zusammenhängen, die die Bereitschaft zur Exploration und Einflussnahme auf die Umgebung fördert.'),
(4, 'vertraeglichkeit', 'Verträglichkeit und Kooperationsbereitschaft.', 'Zeigt sich in der Fähigkeit der Akteur-Funktion A(Ψ,x,y,z,t), sich an gemeinsame "Feldzustände" anzupassen und kooperatives Verhalten zu zeigen. Könnte auch mit der Resonanz der Meta-Funktion M(A,Ψ,x,y,z,t) auf die emotionalen und sozialen Signale anderer Akteure zusammenhängen. Hohe Ausprägung fördert die Bildung stabiler semantischer Attraktoren im sozialen Kontext.'),
(5, 'zielorientierung', 'Zielorientierung und Fokus.', 'Spiegelt die Fähigkeit der Akteur-Funktion A(Ψ,x,y,z,t) wider, spezifische "Feldzustände" als Ziele zu definieren und darauf hinzuarbeiten. Verbunden mit der Kohärenz der Meta-Funktion M(A,Ψ,x,y,z,t) in Bezug auf die Planung und Durchführung von Handlungen. Hohe Ausprägung könnte mit der Stärke der semantischen Attraktoren für bestimmte Ziele zusammenhängen.'),
(6, 'lernfaehigkeit', 'Lernfähigkeit und Adaptivität.', 'Beschreibt die Plastizität der Akteur-Funktion A(Ψ,x,y,z,t) und ihre Fähigkeit, neue "Feldzustände" und Verhaltensweisen zu internalisieren. Verbunden mit der Agilität der Meta-Funktion M(A,Ψ,x,y,z,t) bei der Neubildung und Transformation von Wissensstrukturen. Hohe Ausprägung ist essentiell für die Anpassung an sich ändernde Umgebungen und die effektive Nutzung neuer Informationen.'),
(7, 'anpassungsfaehigkeit', 'Anpassungsfähigkeit an neue Situationen und Anforderungen.', 'Zeigt sich in der Flexibilität der Akteur-Funktion A(Ψ,x,y,z,t) und ihrer Fähigkeit, sich an unvorhergesehene "Feldzustände" anzupassen. Könnte auch mit der Robustheit der Meta-Funktion M(A,Ψ,x,y,z,t) unter Stressbedingungen und ihrer Fähigkeit zur Reorganisation von Handlungsplänen zusammenhängen. Hohe Ausprägung ermöglicht die effiziente Navigation in dynamischen Umgebungen.'),
(8, 'soziale_interaktion', 'Fähigkeit zur sozialen Interaktion und Kommunikation.', 'Betont die bidirektionale Kopplung der Akteur-Funktion A(Ψ,x,y,z,t) mit den sozialen "Feldern" (Ψ) und die Fähigkeit zur gemeinsamen Konstruktion von Bedeutung. Verbunden mit der Kommunikationsfähigkeit der Meta-Funktion M(A,Ψ,x,y,z,t) in der Koordination mit anderen Akteuren. Hohe Ausprägung ist entscheidend für effektive Zusammenarbeit und den Aufbau sozialer Netzwerke.'),
(9, 'metakognition', 'Metakognitive Fähigkeiten und Selbstreflexion.', 'Beschreibt die Fähigkeit der Meta-Funktion M(A,Ψ,x,y,z,t), die eigene Akteur-Funktion A(Ψ,x,y,z,t) und die Interaktion mit dem "Feld" (Ψ) zu beobachten, zu bewerten und zu regulieren. Dies beinhaltet das Verständnis der eigenen Lernprozesse und der Wirksamkeit der angewandten Strategien. Hohe Ausprägung ermöglicht eine bewusste Steuerung von Lern- und Handlungsprozessen.'),
(10, 'stressbewaeltigung', 'Stressbewältigungsstrategien und emotionale Regulation.', 'Bezieht sich auf die Resilienz der Akteur-Funktion A(Ψ,x,y,z,t) und ihre Fähigkeit, unter Druck effektive Handlungen aufrechtzuerhalten. Verbunden mit der Regulationsfähigkeit der Meta-Funktion M(A,Ψ,x,y,z,t) bei der Verarbeitung von emotionalen "Feldzuständen". Hohe Ausprägung ermöglicht es, Herausforderungen konstruktiv zu begegnen und psychische Belastungen zu reduzieren.'),
(11, 'bedeutungsbildung', 'Bedeutungsbildung und Sinnstiftung.', 'Umfasst die Fähigkeit der Akteur-Funktion A(Ψ,x,y,z,t), kohärente "Feldzustände" zu schaffen und diesen eine persönliche oder kollektive Bedeutung zu verleihen. Verbunden mit der integrativen Funktion der Meta-Funktion M(A,Ψ,x,y,z,t) bei der Synthese von Erfahrungen und der Konstruktion von Weltbildern. Hohe Ausprägung ist fundamental für die persönliche Entwicklung und das Gefühl der Kohärenz.');

-- --------------------------------------------------------

--
-- Tabellenstruktur für Tabelle `_mtr_soziale_beziehung_type`
--

CREATE TABLE `_mtr_soziale_beziehung_type` (
  `id` int(11) NOT NULL,
  `name` varchar(50) NOT NULL
) ENGINE=InnoDB DEFAULT CHARSET=utf8mb4;

--
-- Daten für Tabelle `_mtr_soziale_beziehung_type`
--

INSERT INTO `_mtr_soziale_beziehung_type` (`id`, `name`) VALUES
(1, 'Persönlich'),
(2, 'Familiär'),
(3, 'Beruflich'),
(4, 'Gesellschaftlich'),
(5, 'Digital');

-- --------------------------------------------------------

--
-- Tabellenstruktur für Tabelle `_mtr_soziale_beziehung_werte`
--

CREATE TABLE `_mtr_soziale_beziehung_werte` (
  `id` int(11) NOT NULL,
  `type_id` int(11) NOT NULL,
  `anzeigen` tinyint(1) NOT NULL,
  `bezeichnung` varchar(100) NOT NULL
) ENGINE=InnoDB DEFAULT CHARSET=utf8mb4;

--
-- Daten für Tabelle `_mtr_soziale_beziehung_werte`
--

INSERT INTO `_mtr_soziale_beziehung_werte` (`id`, `type_id`, `anzeigen`, `bezeichnung`) VALUES
(1, 1, 1, 'Freundschaft'),
(2, 1, 0, 'Beste Freundschaft'),
(3, 1, 0, 'Bekanntschaft'),
(4, 1, 0, 'Liebesbeziehung / Partnerschaft'),
(5, 1, 0, 'Ehe / Lebensgemeinschaft'),
(6, 1, 0, 'Ex-Partner/in'),
(7, 1, 0, 'Affäre'),
(8, 1, 0, 'Mitbewohner/in'),
(9, 2, 0, 'Eltern-Kind'),
(10, 2, 0, 'Geschwister'),
(11, 2, 0, 'Großeltern-Enkel'),
(12, 2, 0, 'Tante/Onkel – Nichte/Neffe'),
(13, 2, 0, 'Cousin/Cousine'),
(14, 2, 0, 'Schwiegerbeziehungen'),
(15, 2, 0, 'Pflege-/Adoptivverhältnis'),
(16, 2, 0, 'Patchwork-Familie'),
(17, 3, 0, 'Kollege/Kollegin'),
(18, 3, 0, 'Vorgesetzter'),
(19, 3, 0, 'Mitarbeiter'),
(20, 3, 0, 'Geschäftspartner'),
(21, 3, 0, 'Kunde – Dienstleister'),
(22, 3, 0, 'Mentor – Mentee'),
(23, 3, 0, 'Teammitglied'),
(24, 3, 0, 'Netzwerkkontakt'),
(25, 3, 0, 'Lehrer – Schüler'),
(26, 3, 0, 'Erzieher – Kind'),
(27, 3, 0, 'Trainer – Schützling'),
(28, 3, 0, 'Mitschüler / Kommilitonen'),
(29, 4, 0, 'Nachbar'),
(30, 4, 0, 'Vereinsmitglied'),
(31, 4, 0, 'Therapeut – Klient'),
(32, 4, 0, 'Arzt – Patient'),
(33, 4, 0, 'Seelsorger – Ratsuchender'),
(34, 4, 0, 'Sozialarbeiter – Klient'),
(35, 4, 0, 'Polizist – Bürger'),
(36, 4, 0, 'Beamter – Antragsteller'),
(37, 5, 0, 'Online-Freund'),
(38, 5, 0, 'Follower – Influencer'),
(39, 5, 0, 'Gaming-Bekanntschaft'),
(40, 5, 0, 'Online-Dating-Kontakt'),
(41, 5, 0, 'Community-Mitglied');

-- --------------------------------------------------------

--
-- Tabellenstruktur für Tabelle `_std_lernthema_inhalt`
--

CREATE TABLE `_std_lernthema_inhalt` (
  `id` int(11) NOT NULL,
  `std_lernthema_id` int(11) DEFAULT NULL,
  `inhalt` varchar(255) DEFAULT NULL
) ENGINE=InnoDB DEFAULT CHARSET=utf8mb4;

--
-- Daten für Tabelle `_std_lernthema_inhalt`
--

INSERT INTO `_std_lernthema_inhalt` (`id`, `std_lernthema_id`, `inhalt`) VALUES
(1, 1, 'Alle Werte des Kreises berechnen'),
(2, 1, 'Kreisausschnitt/Kreisbogen & Kreisring'),
(3, 1, 'Sachaufgaben zu Zylinder'),
(4, 1, 'Textaufgaben zu Kreisen'),
(5, 1, 'Umfang & Flächeninhalt berechnen'),
(6, 1, 'Zylindermantel'),
(7, 1, 'Zylinderoberfläche'),
(8, 1, 'Zylindervolumen'),
(9, 2, 'Allgemeine Form in Scheitelpunktform umwandeln'),
(10, 2, 'Beliebig Verschieben: f(x) = (x - d)² + e'),
(11, 2, 'Horizontal Verschieben: f(x) = (x - d)²'),
(12, 2, 'Normalparabel: f(x) = x²'),
(13, 2, 'Sachaufgaben'),
(14, 2, 'Scheitelpunktform in Allgemeine Form umwandeln'),
(15, 2, 'Scheitelpunktform: f(x) = a(x - d)² + e'),
(16, 2, 'Strecken'),
(17, 2, 'Stauchen'),
(18, 2, 'Spiegeln: f(x) = ax²'),
(19, 2, 'Vertikal Verschieben: f(x) = x² + c'),
(20, 3, 'Biquadratische Gleichungen (Substitution, Resubstitution)'),
(21, 3, 'Diskriminante'),
(22, 3, 'Grafisches Lösen'),
(23, 3, 'Mitternachtsformel'),
(24, 3, 'Quadratische Ungleichungen'),
(25, 3, 'Rechnerisches Lösen I: Reinquadratisch'),
(26, 3, 'Rechnerisches Lösen II: (x + d)² - Form'),
(27, 3, 'Rechnerisches Lösen III: Quadratische Ergänzung'),
(28, 3, 'Rechnerisches Lösen IV: P-Q-Formel'),
(29, 3, 'Rechnerisches Lösen V: I-IV vermischt'),
(30, 3, 'Satz von Vieta'),
(31, 3, 'Textaufgaben'),
(32, 3, 'Zerlegung in Linearfaktoren'),
(33, 3, 'abc-Formel'),
(34, 4, 'Näherungsweise Wurzelziehen'),
(35, 4, 'Potenzdarstellung von Wurzeln'),
(36, 4, 'Quadrieren & Wurzelziehen'),
(37, 4, 'Reelle Zahlenbereiche'),
(38, 4, 'Wurzelgleichungen'),
(39, 5, 'Anwendung'),
(40, 5, 'Grundlagen'),
(41, 5, 'Höhen- & Kathetensatz'),
(42, 6, 'Grundlagen'),
(43, 7, 'Zinseszinsen'),
(44, 8, 'Maßstab / Längenverhältnisse'),
(45, 8, 'Strahlensatz I'),
(46, 8, 'Strahlensatz II'),
(47, 8, 'Strahlensatz I & II'),
(48, 8, 'Zentrische Streckung'),
(49, 8, 'Ähnlichkeit'),
(50, 8, 'Ähnlichkeit bei Dreiecken'),
(51, 9, 'Boxplots (Begriffe, Zeichnung, Ablesen)'),
(52, 10, 'Anwendung bei Zinseszinsrechnung'),
(53, 10, 'Beschränktes & Logistisches Wachstum'),
(54, 10, 'Grundlagen'),
(55, 10, 'Logarithmen'),
(56, 10, 'Logarithmen - Exponentialgleichungen'),
(57, 10, 'Logarithmengesetze'),
(58, 11, 'Binomialkoeffizient'),
(59, 11, 'Kombinatorik'),
(60, 12, 'Kegel'),
(61, 12, 'Kegelstumpf'),
(62, 12, 'Kugel'),
(63, 12, 'Pyramide'),
(64, 12, 'Pyramidenstumpf'),
(65, 12, 'Sachaufgaben'),
(66, 12, 'Textaufgaben'),
(67, 12, 'Zusammengesetzte Körper'),
(68, 13, '10er Potenzen'),
(69, 13, 'Grundlagen'),
(70, 13, 'Potenzen mit ganzzahligen / rationalen Exponenten'),
(71, 13, 'Potenzfunktionen'),
(72, 13, 'Potenzgesetze'),
(73, 13, 'Wurzelgesetze'),
(74, 13, 'Wurzeln'),
(75, 14, 'Anwendung im Körper'),
(76, 14, 'Anwendung im beliebigen Dreieck'),
(77, 14, 'Anwendung im gleichschenkligen Dreieck'),
(78, 14, 'Anwendung im rechtwinkl. Dreieck'),
(79, 14, 'Anwendung in Textaufgaben'),
(80, 14, 'Anwendung in beliebigen Figuren'),
(81, 14, 'Sinus'),
(82, 14, 'Kosinus'),
(83, 14, 'Tangens im Einheitskreis'),
(84, 15, 'Anwendung im Sachaufgaben'),
(85, 15, 'Einheitskreis'),
(86, 15, 'Funktionen verändern'),
(87, 15, 'Grundlagen'),
(128, 16, 'Rationale Zahlen'),
(129, 16, 'Rechnen mit rationalen Zahlen'),
(130, 17, 'Rationale Zahlen'),
(131, 17, 'Rechnen mit rationalen Zahlen'),
(132, 18, 'Rationale Zahlen'),
(133, 18, 'Rechnen mit rationalen Zahlen'),
(134, 18, 'Irrationale Zahlen'),
(135, 19, 'Grundbegriffe der Geometrie'),
(136, 19, 'Flächenberechnung'),
(137, 20, 'Grundbegriffe der Geometrie'),
(138, 20, 'Flächenberechnung'),
(139, 21, 'Grundbegriffe der Geometrie'),
(140, 21, 'Flächenberechnung'),
(141, 21, 'Körperberechnung'),
(142, 22, 'Umfang und Flächeninhalt'),
(143, 22, 'Volumen'),
(144, 23, 'Umfang und Flächeninhalt'),
(145, 23, 'Volumen'),
(146, 24, 'Umfang und Flächeninhalt'),
(147, 24, 'Volumen'),
(148, 24, 'Masse und Gewicht'),
(149, 25, 'Proportionale und antiproportionale Zuordnungen'),
(150, 26, 'Proportionale und antiproportionale Zuordnungen'),
(151, 26, 'Lineare Funktionen'),
(152, 27, 'Terme und Gleichungen'),
(153, 27, 'Lineare Gleichungssysteme'),
(154, 28, 'Zufallsexperimente'),
(155, 28, 'Wahrscheinlichkeiten'),
(156, 29, 'Quadratische Funktionen darstellen'),
(157, 29, 'Quadratische Gleichungen lösen'),
(158, 30, 'Quadratische Funktionen darstellen'),
(159, 30, 'Quadratische Gleichungen lösen'),
(160, 31, 'Quadratische Funktionen darstellen'),
(161, 31, 'Quadratische Gleichungen lösen'),
(162, 31, 'Anwendungen quadratischer Funktionen'),
(163, 32, 'Volumen und Oberfläche von Pyramiden'),
(164, 32, 'Volumen und Oberfläche von Kegeln'),
(165, 33, 'Volumen und Oberfläche von Pyramiden'),
(166, 33, 'Volumen und Oberfläche von Kegeln'),
(167, 34, 'Volumen und Oberfläche von Pyramiden'),
(168, 34, 'Volumen und Oberfläche von Kegeln'),
(169, 34, 'Volumen und Oberfläche von Kugeln'),
(170, 35, 'Zufallsexperimente und Wahrscheinlichkeiten'),
(171, 35, 'Mehrstufige Zufallsexperimente'),
(172, 36, 'Sinus, Kosinus und Tangens im rechtwinkligen Dreieck'),
(173, 36, 'Sinussatz und Kosinussatz'),
(174, 37, 'Geraden und ihre Gleichungen'),
(175, 37, 'Kreise und ihre Gleichungen'),
(176, 38, 'Zahlen lesen und schreiben'),
(177, 38, 'Zahlen ordnen und vergleichen'),
(178, 39, 'Zahlen lesen und schreiben'),
(179, 39, 'Zahlen ordnen und vergleichen'),
(180, 40, 'Zahlen lesen und schreiben'),
(181, 40, 'Zahlen ordnen und vergleichen'),
(182, 40, 'Runden von Zahlen'),
(183, 41, 'Einfache geometrische Formen erkennen und benennen'),
(184, 41, 'Zeichnen von Linien und einfachen Formen'),
(185, 42, 'Einfache geometrische Formen erkennen und benennen'),
(186, 42, 'Zeichnen von Linien und einfachen Formen'),
(187, 43, 'Einfache geometrische Formen erkennen und benennen'),
(188, 43, 'Zeichnen von Linien und einfachen Formen'),
(189, 43, 'Symmetrie erkennen'),
(190, 44, 'Umgang mit Geld'),
(191, 44, 'Umgang mit Längen'),
(192, 45, 'Umgang mit Geld'),
(193, 45, 'Umgang mit Längen'),
(194, 46, 'Umgang mit Geld'),
(195, 46, 'Umgang mit Längen'),
(196, 46, 'Einfache Sachaufgaben lösen'),
(197, 47, 'Teil A'),
(198, 47, 'Teil B'),
(199, 47, 'komplexe Übung'),
(200, 48, 'Größen: Strecke, Zeit, Geschwindigkeit'),
(201, 48, 'Kräfte: Grundbegriffe, Kraftpfeile'),
(202, 48, 'Arbeit und Energie: Energieerhaltung, einfache Maschinen'),
(203, 49, 'Stromkreisaufbau: Quelle, Verbraucher, Leiter'),
(204, 49, 'Elektrische Größen: Spannung, Stromstärke, Widerstand'),
(205, 49, 'Ohmsches Gesetz, Messung'),
(206, 49, 'Magnetismus: Magnetfeld, Elektromagnet'),
(207, 50, 'Schall: Ausbreitung, Frequenz, Lautstärke'),
(208, 50, 'Wellenmodell: Überlagerung, Interferenz'),
(209, 50, 'Licht: Reflexion, Brechung, Totalreflexion'),
(210, 50, 'Linsen: Sammel-/Zerstreuung, Bildkonstruktion'),
(211, 51, 'Temperatur und Wärme: Temperaturbegriffe, Wärmekapazität, Wärmeleitung'),
(212, 51, 'Zustandsgrößen idealer Gase (p, V, T)'),
(213, 51, 'Teilchenmodell: Diffusion, Brownsche Bewegung'),
(214, 51, 'Atom- & Kernphysik: Radioaktivität, Zerfallsgesetz, Kernreaktionen'),
(215, 52, 'Impuls und Drehimpuls, Stoßprozesse'),
(216, 52, 'Energieerhaltung in geschlossenen Systemen'),
(217, 52, 'Hauptsätze der Thermodynamik'),
(218, 52, 'Kreisprozesse, Wirkungsgrad'),
(219, 53, 'Maxwell’sche Gleichungen, elektromagnetische Wellen'),
(220, 53, 'Wechselstrom, Induktion, Transformator'),
(221, 53, 'Quantenphysik: Photoeffekt, Wellen-Teilchen-Dualismus'),
(222, 53, 'Spezielle Relativitätstheorie, Zeitdilatation'),
(223, 53, 'Kern- und Teilchenphysik: Standardmodell (Grundzüge)'),
(224, 54, 'Bewegung: gleichförmig und beschleunigt'),
(225, 54, 'Kraftbegriff, Reibungskräfte'),
(226, 54, 'Einfache Maschinen: Hebel, Flaschenzug'),
(227, 55, 'Einfache Stromkreise: Quelle, Verbraucher, Leiter'),
(228, 55, 'Elektrische Größen: Spannung, Strom, Widerstand'),
(229, 55, 'Ohmsches Gesetz in Anwendungen'),
(230, 55, 'Magnetismus und Elektromagnet'),
(231, 56, 'Licht: Reflexion, Brechung, Spiegelbilder'),
(232, 56, 'Linsen und einfache optische Geräte'),
(233, 56, 'Schall: Ausbreitung, Tonhöhe, Lautstärke'),
(234, 57, 'Teilchenmodell: Aggregatzustände, Diffusion'),
(235, 57, 'Temperatur, Wärmeleitung, Wärmeströmung'),
(236, 57, 'Energieerhaltung und Wirkungsgrad'),
(237, 57, 'Atommodell, Radioaktivität, Anwendungen'),
(238, 58, 'Bewegungen beobachten: gleichförmig, beschleunigt'),
(239, 58, 'Kräfte erkennen: Schieben, Ziehen, Reibung'),
(240, 58, 'Einfache Maschinen: Hebel, Flaschenzug, schiefe Ebene'),
(241, 59, 'Stromkreis mit Batterie und Lampe'),
(242, 59, 'Spannung und Stromstärke messen'),
(243, 59, 'Ohmsches Gesetz in einfachen Beispielen'),
(244, 59, 'Magnete und elektromagnetische Anwendungen'),
(245, 60, 'Lichtstrahlen: Spiegel und Linsen'),
(246, 60, 'Sehen und optische Geräte im Alltag'),
(247, 60, 'Schall: Tonhöhe, Lautstärke, Ausbreitung'),
(248, 61, 'Teilchenmodell: Aggregatzustände und Diffusion'),
(249, 61, 'Temperatur und Wärmeleitung im Alltag'),
(250, 61, 'Energieerhaltung bei Wärmeprozessen'),
(251, 61, 'Einfache Atomvorstellungen, Radioaktivität im Alltag');

-- --------------------------------------------------------

--
-- Tabellenstruktur für Tabelle `_std_lernthema_quelle`
--

CREATE TABLE `_std_lernthema_quelle` (
  `id` int(11) NOT NULL,
  `quelle` varchar(255) NOT NULL
) ENGINE=InnoDB DEFAULT CHARSET=utf8mb4;

--
-- Daten für Tabelle `_std_lernthema_quelle`
--

INSERT INTO `_std_lernthema_quelle` (`id`, `quelle`) VALUES
(1, 'Schülerserver'),
(2, 'Lehrplan Sachsen'),
(3, 'freie Quelle');

-- --------------------------------------------------------

--
-- Tabellenstruktur für Tabelle `_std_schulform`
--

CREATE TABLE `_std_schulform` (
  `id` int(11) NOT NULL,
  `schulform` varchar(20) DEFAULT NULL,
  `beschreibung` varchar(255) DEFAULT NULL COMMENT 'Erweiterte Bezeichnung, z.B. Gymnasium G8, Oberschule mit Teilschwerpunkt etc.'
) ENGINE=InnoDB DEFAULT CHARSET=utf8mb4;

--
-- Daten für Tabelle `_std_schulform`
--

INSERT INTO `_std_schulform` (`id`, `schulform`, `beschreibung`) VALUES
(1, 'GR', 'Grundschule'),
(2, 'GYM', 'Gymnasium'),
(3, 'RS', 'Realschule'),
(4, 'HoS', 'Hochschule'),
(5, 'OS', 'Oberschule'),
(6, 'UNI', 'Universität'),
(7, 'BS', 'Berufsschule'),
(8, 'frei', NULL),
(9, 'HS', 'Hauptschule');

-- --------------------------------------------------------

--
-- Tabellenstruktur für Tabelle `_ue_fach`
--

CREATE TABLE `_ue_fach` (
  `id` int(11) NOT NULL,
  `fach` varchar(3) NOT NULL
) ENGINE=InnoDB DEFAULT CHARSET=utf8mb4;

--
-- Daten für Tabelle `_ue_fach`
--

INSERT INTO `_ue_fach` (`id`, `fach`) VALUES
(1, 'MAT'),
(2, 'PHY');

--
-- Indizes der exportierten Tabellen
--

--
-- Indizes für die Tabelle `frzk_group_hubs`
--
ALTER TABLE `frzk_group_hubs`
  ADD PRIMARY KEY (`id`);

--
-- Indizes für die Tabelle `frzk_group_interdependenz`
--
ALTER TABLE `frzk_group_interdependenz`
  ADD PRIMARY KEY (`id`);

--
-- Indizes für die Tabelle `frzk_group_loops`
--
ALTER TABLE `frzk_group_loops`
  ADD PRIMARY KEY (`id`);

--
-- Indizes für die Tabelle `frzk_group_operatoren`
--
ALTER TABLE `frzk_group_operatoren`
  ADD PRIMARY KEY (`id`);

--
-- Indizes für die Tabelle `frzk_group_reflexion`
--
ALTER TABLE `frzk_group_reflexion`
  ADD PRIMARY KEY (`id`);

--
-- Indizes für die Tabelle `frzk_group_semantische_dichte`
--
ALTER TABLE `frzk_group_semantische_dichte`
  ADD PRIMARY KEY (`id`);

--
-- Indizes für die Tabelle `frzk_gruppen_transitions`
--
ALTER TABLE `frzk_gruppen_transitions`
  ADD PRIMARY KEY (`id`);

--
-- Indizes für die Tabelle `frzk_hubs`
--
ALTER TABLE `frzk_hubs`
  ADD PRIMARY KEY (`id`);

--
-- Indizes für die Tabelle `frzk_interdependenz`
--
ALTER TABLE `frzk_interdependenz`
  ADD PRIMARY KEY (`id`),
  ADD KEY `teilnehmer_id` (`teilnehmer_id`);

--
-- Indizes für die Tabelle `frzk_loops`
--
ALTER TABLE `frzk_loops`
  ADD PRIMARY KEY (`id`),
  ADD KEY `teilnehmer_id` (`teilnehmer_id`);

--
-- Indizes für die Tabelle `frzk_operatoren`
--
ALTER TABLE `frzk_operatoren`
  ADD PRIMARY KEY (`id`),
  ADD KEY `teilnehmer_id` (`teilnehmer_id`);

--
-- Indizes für die Tabelle `frzk_reflexion`
--
ALTER TABLE `frzk_reflexion`
  ADD PRIMARY KEY (`id`),
  ADD KEY `teilnehmer_id` (`teilnehmer_id`);

--
-- Indizes für die Tabelle `frzk_semantische_dichte`
--
ALTER TABLE `frzk_semantische_dichte`
  ADD PRIMARY KEY (`id`);

--
-- Indizes für die Tabelle `frzk_transitions`
--
ALTER TABLE `frzk_transitions`
  ADD PRIMARY KEY (`id`),
  ADD KEY `teilnehmer_id` (`teilnehmer_id`);

--
-- Indizes für die Tabelle `mtr_didaktik`
--
ALTER TABLE `mtr_didaktik`
  ADD PRIMARY KEY (`id`),
  ADD KEY `fk_didaktik_themenauswahl` (`themenauswahl`),
  ADD KEY `fk_didaktik_methodenvielfalt` (`methodenvielfalt`),
  ADD KEY `fk_didaktik_individualisierung` (`individualisierung`),
  ADD KEY `fk_didaktik_aufforderung` (`aufforderung`),
  ADD KEY `fk_mtr_didaktik_materialien_id` (`materialien`),
  ADD KEY `fk_mtr_didaktik_zielgruppen` (`zielgruppen`),
  ADD KEY `ue_zuweisung_schüler_id` (`ue_zuweisung_teilnehmer_id`);

--
-- Indizes für die Tabelle `mtr_emotions`
--
ALTER TABLE `mtr_emotions`
  ADD PRIMARY KEY (`id`),
  ADD KEY `ue_zuweisung_teilnehmer_id` (`ue_zuweisung_teilnehmer_id`);

--
-- Indizes für die Tabelle `mtr_leistung`
--
ALTER TABLE `mtr_leistung`
  ADD PRIMARY KEY (`id`),
  ADD UNIQUE KEY `idx_zuwTn_TnId` (`ue_zuweisung_teilnehmer_id`,`teilnehmer_id`),
  ADD KEY `ue_zuweisung_schüler_id` (`ue_zuweisung_teilnehmer_id`),
  ADD KEY `fk_mtr_leistung_lernfortschritt` (`lernfortschritt`),
  ADD KEY `fk_mtr_leistung_beherrscht_thema` (`beherrscht_thema`),
  ADD KEY `fk_mtr_leistung_transferdenken` (`transferdenken`),
  ADD KEY `fk_mtr_leistung_basiswissen` (`basiswissen`),
  ADD KEY `fk_mtr_leistung_vorbereitet` (`vorbereitet`);

--
-- Indizes für die Tabelle `mtr_persoenlichkeit`
--
ALTER TABLE `mtr_persoenlichkeit`
  ADD PRIMARY KEY (`id`),
  ADD KEY `offenheit_erfahrungen` (`offenheit_erfahrungen`),
  ADD KEY `gewissenhaftigkeit` (`gewissenhaftigkeit`),
  ADD KEY `Extraversion` (`Extraversion`),
  ADD KEY `vertraeglichkeit` (`vertraeglichkeit`),
  ADD KEY `lernfaehigkeit` (`lernfaehigkeit`),
  ADD KEY `soziale_interaktion` (`soziale_interaktion`),
  ADD KEY `metakognition` (`metakognition`),
  ADD KEY `stressbewaeltigung` (`stressbewaeltigung`),
  ADD KEY `bedeutungsbildung` (`bedeutungsbildung`),
  ADD KEY `teilnehmer_id` (`teilnehmer_id`);

--
-- Indizes für die Tabelle `mtr_rueckkopplung_datenmaske`
--
ALTER TABLE `mtr_rueckkopplung_datenmaske`
  ADD PRIMARY KEY (`id`),
  ADD UNIQUE KEY `idx_tn_datum` (`teilnehmer_id`,`datum`);

--
-- Indizes für die Tabelle `mtr_rueckkopplung_lehrkraft_lesson`
--
ALTER TABLE `mtr_rueckkopplung_lehrkraft_lesson`
  ADD PRIMARY KEY (`id`),
  ADD KEY `idx_ue_zuweisung_schueler_id` (`ue_unterrichtseinheit_id`),
  ADD KEY `idx_mitarbeit` (`mitarbeit`),
  ADD KEY `idx_absprachen` (`absprachen`),
  ADD KEY `idx_selbststaendigkeit` (`selbststaendigkeit`),
  ADD KEY `idx_konzentration` (`konzentration`),
  ADD KEY `idx_fleiss` (`fleiss`),
  ADD KEY `idx_lernfortschritt` (`lernfortschritt`),
  ADD KEY `idx_beherrscht_thema` (`beherrscht_thema`),
  ADD KEY `idx_transferdenken` (`transferdenken`),
  ADD KEY `idx_basiswissen` (`basiswissen`),
  ADD KEY `idx_vorbereitet` (`vorbereitet`),
  ADD KEY `idx_themenauswahl` (`themenauswahl`),
  ADD KEY `idx_materialien` (`materialien`),
  ADD KEY `idx_methodenvielfalt` (`methodenvielfalt`),
  ADD KEY `idx_individualisierung` (`individualisierung`),
  ADD KEY `idx_aufforderung` (`aufforderung`);

--
-- Indizes für die Tabelle `mtr_rueckkopplung_lehrkraft_tn`
--
ALTER TABLE `mtr_rueckkopplung_lehrkraft_tn`
  ADD PRIMARY KEY (`id`),
  ADD UNIQUE KEY `idx_tn_datum_fach` (`teilnehmer_id`,`datum`,`fach`),
  ADD KEY `ue_zuweisung_teilnehmer_id` (`ue_zuweisung_teilnehmer_id`),
  ADD KEY `teilnehmer_id` (`teilnehmer_id`),
  ADD KEY `datum` (`datum`);

--
-- Indizes für die Tabelle `mtr_rueckkopplung_teilnehmer`
--
ALTER TABLE `mtr_rueckkopplung_teilnehmer`
  ADD PRIMARY KEY (`id`),
  ADD KEY `idx_ue_zuweisung_schueler_id` (`teilnehmer_id`),
  ADD KEY `idx_mitarbeit` (`mitarbeit`),
  ADD KEY `idx_absprachen` (`absprachen`),
  ADD KEY `idx_selbststaendigkeit` (`selbststaendigkeit`),
  ADD KEY `idx_konzentration` (`konzentration`),
  ADD KEY `idx_fleiss` (`fleiss`),
  ADD KEY `idx_lernfortschritt` (`lernfortschritt`),
  ADD KEY `idx_beherrscht_thema` (`beherrscht_thema`),
  ADD KEY `idx_transferdenken` (`transferdenken`),
  ADD KEY `idx_basiswissen` (`basiswissen`),
  ADD KEY `idx_vorbereitet` (`vorbereitet`),
  ADD KEY `idx_themenauswahl` (`themenauswahl`),
  ADD KEY `idx_materialien` (`materialien`),
  ADD KEY `idx_methodenvielfalt` (`methodenvielfalt`),
  ADD KEY `idx_individualisierung` (`individualisierung`),
  ADD KEY `idx_aufforderung` (`aufforderung`),
  ADD KEY `gruppe_id` (`gruppe_id`),
  ADD KEY `einrichtung_id` (`einrichtung_id`),
  ADD KEY `idx_m_teiln_erfasst` (`teilnehmer_id`,`erfasst_am`),
  ADD KEY `ue_id` (`ue_id`),
  ADD KEY `ue_zuweisung_teilnehmer_id` (`ue_zuweisung_teilnehmer_id`),
  ADD KEY `teilnehmer_id` (`teilnehmer_id`),
  ADD KEY `gruppe_id_2` (`gruppe_id`),
  ADD KEY `erfasst_am` (`erfasst_am`);

--
-- Indizes für die Tabelle `mtr_sozial`
--
ALTER TABLE `mtr_sozial`
  ADD PRIMARY KEY (`id`),
  ADD KEY `mtr_sozial_ue_teilnehmer_zuweisung_FK` (`ue_zuweisung_teilnehmer_id`);

--
-- Indizes für die Tabelle `mtr_soziale_beziehungen`
--
ALTER TABLE `mtr_soziale_beziehungen`
  ADD PRIMARY KEY (`id`),
  ADD KEY `fk_mtrsoziale_from` (`from_tn`),
  ADD KEY `fk_mtrsoziale_to` (`to_tn`);

--
-- Indizes für die Tabelle `rooms`
--
ALTER TABLE `rooms`
  ADD PRIMARY KEY (`room_id`),
  ADD UNIQUE KEY `unique_room` (`name`);

--
-- Indizes für die Tabelle `sessions`
--
ALTER TABLE `sessions`
  ADD PRIMARY KEY (`session_id`),
  ADD UNIQUE KEY `unique_session` (`session_date`,`start_time`,`room_id`,`subject_id`),
  ADD KEY `subject_id` (`subject_id`),
  ADD KEY `room_id` (`room_id`);

--
-- Indizes für die Tabelle `session_students`
--
ALTER TABLE `session_students`
  ADD PRIMARY KEY (`session_id`,`student_id`),
  ADD KEY `student_id` (`student_id`);

--
-- Indizes für die Tabelle `std_lehrkraft`
--
ALTER TABLE `std_lehrkraft`
  ADD PRIMARY KEY (`std_lehrkraft`);

--
-- Indizes für die Tabelle `std_lernthema`
--
ALTER TABLE `std_lernthema`
  ADD PRIMARY KEY (`id`);

--
-- Indizes für die Tabelle `std_teilnehmer`
--
ALTER TABLE `std_teilnehmer`
  ADD PRIMARY KEY (`id`),
  ADD UNIQUE KEY `idx_std_teilnehmer` (`Nachname`,`Vorname`,`Klassenstufe`),
  ADD KEY `std_teilnehmer__std_klassentyp_FK` (`KlassentypID`),
  ADD KEY `einrichtung_id` (`einrichtung_id`);

--
-- Indizes für die Tabelle `students`
--
ALTER TABLE `students`
  ADD PRIMARY KEY (`student_id`),
  ADD UNIQUE KEY `idx_name_students` (`first_name`,`last_name`),
  ADD UNIQUE KEY `unique_student` (`first_name`,`last_name`,`school_form`,`grade`),
  ADD KEY `first_name` (`first_name`);

--
-- Indizes für die Tabelle `subjects`
--
ALTER TABLE `subjects`
  ADD PRIMARY KEY (`subject_id`),
  ADD UNIQUE KEY `unique_subject` (`code`);

--
-- Indizes für die Tabelle `tmp_teilnehmer`
--
ALTER TABLE `tmp_teilnehmer`
  ADD PRIMARY KEY (`id`);

--
-- Indizes für die Tabelle `tmp_unterrichtseinheiten`
--
ALTER TABLE `tmp_unterrichtseinheiten`
  ADD PRIMARY KEY (`id`);

--
-- Indizes für die Tabelle `ue_gruppen`
--
ALTER TABLE `ue_gruppen`
  ADD PRIMARY KEY (`id`),
  ADD KEY `tag` (`tag`);

--
-- Indizes für die Tabelle `ue_unterrichtseinheit`
--
ALTER TABLE `ue_unterrichtseinheit`
  ADD PRIMARY KEY (`id`),
  ADD KEY `gruppe_id` (`gruppe_id`);

--
-- Indizes für die Tabelle `ue_unterrichtseinheit_zw_thema`
--
ALTER TABLE `ue_unterrichtseinheit_zw_thema`
  ADD PRIMARY KEY (`id`),
  ADD KEY `unterrichtseinheit_id` (`ue_unterrichtseinheit_id`),
  ADD KEY `std_lernthema_id` (`std_lernthema_id`),
  ADD KEY `zieltyp_id` (`zieltyp_id`),
  ADD KEY `lernmethode_id` (`lernmethode_id`);

--
-- Indizes für die Tabelle `ue_zuweisung_teilnehmer`
--
ALTER TABLE `ue_zuweisung_teilnehmer`
  ADD PRIMARY KEY (`id`),
  ADD KEY `ue_zuweisung_lernthema_id` (`ue_unterrichtseinheit_zw_thema_id`),
  ADD KEY `teilnehmer_id` (`teilnehmer_id`),
  ADD KEY `idx_u_teiln_datum` (`teilnehmer_id`,`datum`);

--
-- Indizes für die Tabelle `verhaltens_mapping`
--
ALTER TABLE `verhaltens_mapping`
  ADD PRIMARY KEY (`id`);

--
-- Indizes für die Tabelle `_frzk_hubs`
--
ALTER TABLE `_frzk_hubs`
  ADD PRIMARY KEY (`id`);

--
-- Indizes für die Tabelle `_mtr_definition_lernmethode`
--
ALTER TABLE `_mtr_definition_lernmethode`
  ADD PRIMARY KEY (`id`),
  ADD UNIQUE KEY `bezeichnung` (`bezeichnung`),
  ADD UNIQUE KEY `kurzbezeichnung` (`kurzbezeichnung`);

--
-- Indizes für die Tabelle `_mtr_definition_zieltyp`
--
ALTER TABLE `_mtr_definition_zieltyp`
  ADD PRIMARY KEY (`id`),
  ADD UNIQUE KEY `bezeichnung` (`bezeichnung`),
  ADD UNIQUE KEY `kurzbezeichnung` (`kurzbezeichnung`);

--
-- Indizes für die Tabelle `_mtr_einrichtung`
--
ALTER TABLE `_mtr_einrichtung`
  ADD PRIMARY KEY (`id`);

--
-- Indizes für die Tabelle `_mtr_emotionen`
--
ALTER TABLE `_mtr_emotionen`
  ADD PRIMARY KEY (`id`),
  ADD UNIQUE KEY `emotion` (`emotion`),
  ADD KEY `idx_map_field` (`map_field`);

--
-- Indizes für die Tabelle `_mtr_persoenlichkeitsmerkmal_definition`
--
ALTER TABLE `_mtr_persoenlichkeitsmerkmal_definition`
  ADD PRIMARY KEY (`merkmal_id`),
  ADD UNIQUE KEY `merkmal_name` (`merkmal_name`);

--
-- Indizes für die Tabelle `_mtr_soziale_beziehung_type`
--
ALTER TABLE `_mtr_soziale_beziehung_type`
  ADD PRIMARY KEY (`id`);

--
-- Indizes für die Tabelle `_mtr_soziale_beziehung_werte`
--
ALTER TABLE `_mtr_soziale_beziehung_werte`
  ADD PRIMARY KEY (`id`),
  ADD KEY `type_id` (`type_id`);

--
-- Indizes für die Tabelle `_std_lernthema_inhalt`
--
ALTER TABLE `_std_lernthema_inhalt`
  ADD PRIMARY KEY (`id`),
  ADD KEY `lernthema_id` (`std_lernthema_id`);

--
-- Indizes für die Tabelle `_std_lernthema_quelle`
--
ALTER TABLE `_std_lernthema_quelle`
  ADD PRIMARY KEY (`id`);

--
-- Indizes für die Tabelle `_std_schulform`
--
ALTER TABLE `_std_schulform`
  ADD PRIMARY KEY (`id`);

--
-- Indizes für die Tabelle `_ue_fach`
--
ALTER TABLE `_ue_fach`
  ADD PRIMARY KEY (`id`);

--
-- AUTO_INCREMENT für exportierte Tabellen
--

--
-- AUTO_INCREMENT für Tabelle `frzk_group_hubs`
--
ALTER TABLE `frzk_group_hubs`
  MODIFY `id` int(11) NOT NULL AUTO_INCREMENT;
--
-- AUTO_INCREMENT für Tabelle `frzk_group_interdependenz`
--
ALTER TABLE `frzk_group_interdependenz`
  MODIFY `id` int(11) NOT NULL AUTO_INCREMENT, AUTO_INCREMENT=133;
--
-- AUTO_INCREMENT für Tabelle `frzk_group_loops`
--
ALTER TABLE `frzk_group_loops`
  MODIFY `id` int(11) NOT NULL AUTO_INCREMENT, AUTO_INCREMENT=67;
--
-- AUTO_INCREMENT für Tabelle `frzk_group_operatoren`
--
ALTER TABLE `frzk_group_operatoren`
  MODIFY `id` int(11) NOT NULL AUTO_INCREMENT;
--
-- AUTO_INCREMENT für Tabelle `frzk_group_reflexion`
--
ALTER TABLE `frzk_group_reflexion`
  MODIFY `id` int(11) NOT NULL AUTO_INCREMENT;
--
-- AUTO_INCREMENT für Tabelle `frzk_group_semantische_dichte`
--
ALTER TABLE `frzk_group_semantische_dichte`
  MODIFY `id` int(11) NOT NULL AUTO_INCREMENT, AUTO_INCREMENT=64;
--
-- AUTO_INCREMENT für Tabelle `frzk_gruppen_transitions`
--
ALTER TABLE `frzk_gruppen_transitions`
  MODIFY `id` int(11) NOT NULL AUTO_INCREMENT;
--
-- AUTO_INCREMENT für Tabelle `frzk_hubs`
--
ALTER TABLE `frzk_hubs`
  MODIFY `id` int(11) NOT NULL AUTO_INCREMENT, AUTO_INCREMENT=95;
--
-- AUTO_INCREMENT für Tabelle `frzk_interdependenz`
--
ALTER TABLE `frzk_interdependenz`
  MODIFY `id` int(11) NOT NULL AUTO_INCREMENT, AUTO_INCREMENT=168;
--
-- AUTO_INCREMENT für Tabelle `frzk_loops`
--
ALTER TABLE `frzk_loops`
  MODIFY `id` int(11) NOT NULL AUTO_INCREMENT, AUTO_INCREMENT=26;
--
-- AUTO_INCREMENT für Tabelle `frzk_operatoren`
--
ALTER TABLE `frzk_operatoren`
  MODIFY `id` int(11) NOT NULL AUTO_INCREMENT, AUTO_INCREMENT=168;
--
-- AUTO_INCREMENT für Tabelle `frzk_reflexion`
--
ALTER TABLE `frzk_reflexion`
  MODIFY `id` int(11) NOT NULL AUTO_INCREMENT, AUTO_INCREMENT=27;
--
-- AUTO_INCREMENT für Tabelle `frzk_semantische_dichte`
--
ALTER TABLE `frzk_semantische_dichte`
  MODIFY `id` int(11) NOT NULL AUTO_INCREMENT, AUTO_INCREMENT=168;
--
-- AUTO_INCREMENT für Tabelle `frzk_transitions`
--
ALTER TABLE `frzk_transitions`
  MODIFY `id` int(11) NOT NULL AUTO_INCREMENT, AUTO_INCREMENT=142;
--
-- AUTO_INCREMENT für Tabelle `mtr_didaktik`
--
ALTER TABLE `mtr_didaktik`
  MODIFY `id` int(11) NOT NULL AUTO_INCREMENT, AUTO_INCREMENT=104;
--
-- AUTO_INCREMENT für Tabelle `mtr_emotions`
--
ALTER TABLE `mtr_emotions`
  MODIFY `id` int(11) NOT NULL AUTO_INCREMENT, AUTO_INCREMENT=142;
--
-- AUTO_INCREMENT für Tabelle `mtr_leistung`
--
ALTER TABLE `mtr_leistung`
  MODIFY `id` int(11) NOT NULL AUTO_INCREMENT, AUTO_INCREMENT=174;
--
-- AUTO_INCREMENT für Tabelle `mtr_persoenlichkeit`
--
ALTER TABLE `mtr_persoenlichkeit`
  MODIFY `id` int(11) NOT NULL AUTO_INCREMENT, AUTO_INCREMENT=34;
--
-- AUTO_INCREMENT für Tabelle `mtr_rueckkopplung_datenmaske`
--
ALTER TABLE `mtr_rueckkopplung_datenmaske`
  MODIFY `id` int(11) NOT NULL AUTO_INCREMENT, AUTO_INCREMENT=50;
--
-- AUTO_INCREMENT für Tabelle `mtr_rueckkopplung_lehrkraft_lesson`
--
ALTER TABLE `mtr_rueckkopplung_lehrkraft_lesson`
  MODIFY `id` int(11) NOT NULL AUTO_INCREMENT, AUTO_INCREMENT=13;
--
-- AUTO_INCREMENT für Tabelle `mtr_rueckkopplung_lehrkraft_tn`
--
ALTER TABLE `mtr_rueckkopplung_lehrkraft_tn`
  MODIFY `id` int(11) NOT NULL AUTO_INCREMENT, AUTO_INCREMENT=10;
--
-- AUTO_INCREMENT für Tabelle `mtr_rueckkopplung_teilnehmer`
--
ALTER TABLE `mtr_rueckkopplung_teilnehmer`
  MODIFY `id` int(11) NOT NULL AUTO_INCREMENT COMMENT 'neu', AUTO_INCREMENT=184;
--
-- AUTO_INCREMENT für Tabelle `mtr_sozial`
--
ALTER TABLE `mtr_sozial`
  MODIFY `id` int(11) NOT NULL AUTO_INCREMENT;
--
-- AUTO_INCREMENT für Tabelle `mtr_soziale_beziehungen`
--
ALTER TABLE `mtr_soziale_beziehungen`
  MODIFY `id` int(11) NOT NULL AUTO_INCREMENT;
--
-- AUTO_INCREMENT für Tabelle `rooms`
--
ALTER TABLE `rooms`
  MODIFY `room_id` int(11) NOT NULL AUTO_INCREMENT, AUTO_INCREMENT=2;
--
-- AUTO_INCREMENT für Tabelle `sessions`
--
ALTER TABLE `sessions`
  MODIFY `session_id` int(11) NOT NULL AUTO_INCREMENT, AUTO_INCREMENT=2018;
--
-- AUTO_INCREMENT für Tabelle `std_lehrkraft`
--
ALTER TABLE `std_lehrkraft`
  MODIFY `std_lehrkraft` int(11) NOT NULL AUTO_INCREMENT, AUTO_INCREMENT=2;
--
-- AUTO_INCREMENT für Tabelle `std_lernthema`
--
ALTER TABLE `std_lernthema`
  MODIFY `id` int(11) NOT NULL AUTO_INCREMENT, AUTO_INCREMENT=62;
--
-- AUTO_INCREMENT für Tabelle `std_teilnehmer`
--
ALTER TABLE `std_teilnehmer`
  MODIFY `id` int(11) NOT NULL AUTO_INCREMENT, AUTO_INCREMENT=44;
--
-- AUTO_INCREMENT für Tabelle `students`
--
ALTER TABLE `students`
  MODIFY `student_id` int(11) NOT NULL AUTO_INCREMENT, AUTO_INCREMENT=42;
--
-- AUTO_INCREMENT für Tabelle `subjects`
--
ALTER TABLE `subjects`
  MODIFY `subject_id` int(11) NOT NULL AUTO_INCREMENT, AUTO_INCREMENT=3;
--
-- AUTO_INCREMENT für Tabelle `tmp_teilnehmer`
--
ALTER TABLE `tmp_teilnehmer`
  MODIFY `id` int(11) NOT NULL AUTO_INCREMENT;
--
-- AUTO_INCREMENT für Tabelle `tmp_unterrichtseinheiten`
--
ALTER TABLE `tmp_unterrichtseinheiten`
  MODIFY `id` int(11) NOT NULL AUTO_INCREMENT;
--
-- AUTO_INCREMENT für Tabelle `ue_gruppen`
--
ALTER TABLE `ue_gruppen`
  MODIFY `id` int(11) NOT NULL AUTO_INCREMENT, AUTO_INCREMENT=12;
--
-- AUTO_INCREMENT für Tabelle `ue_unterrichtseinheit`
--
ALTER TABLE `ue_unterrichtseinheit`
  MODIFY `id` int(11) NOT NULL AUTO_INCREMENT, AUTO_INCREMENT=59;
--
-- AUTO_INCREMENT für Tabelle `ue_unterrichtseinheit_zw_thema`
--
ALTER TABLE `ue_unterrichtseinheit_zw_thema`
  MODIFY `id` int(11) NOT NULL AUTO_INCREMENT, AUTO_INCREMENT=61;
--
-- AUTO_INCREMENT für Tabelle `ue_zuweisung_teilnehmer`
--
ALTER TABLE `ue_zuweisung_teilnehmer`
  MODIFY `id` int(11) NOT NULL AUTO_INCREMENT, AUTO_INCREMENT=197;
--
-- AUTO_INCREMENT für Tabelle `verhaltens_mapping`
--
ALTER TABLE `verhaltens_mapping`
  MODIFY `id` int(11) NOT NULL AUTO_INCREMENT, AUTO_INCREMENT=13;
--
-- AUTO_INCREMENT für Tabelle `_frzk_hubs`
--
ALTER TABLE `_frzk_hubs`
  MODIFY `id` int(11) NOT NULL AUTO_INCREMENT, AUTO_INCREMENT=25;
--
-- AUTO_INCREMENT für Tabelle `_mtr_definition_lernmethode`
--
ALTER TABLE `_mtr_definition_lernmethode`
  MODIFY `id` int(11) NOT NULL AUTO_INCREMENT, AUTO_INCREMENT=30;
--
-- AUTO_INCREMENT für Tabelle `_mtr_definition_zieltyp`
--
ALTER TABLE `_mtr_definition_zieltyp`
  MODIFY `id` int(11) NOT NULL AUTO_INCREMENT, AUTO_INCREMENT=32;
--
-- AUTO_INCREMENT für Tabelle `_mtr_einrichtung`
--
ALTER TABLE `_mtr_einrichtung`
  MODIFY `id` int(11) NOT NULL AUTO_INCREMENT, AUTO_INCREMENT=3;
--
-- AUTO_INCREMENT für Tabelle `_mtr_emotionen`
--
ALTER TABLE `_mtr_emotionen`
  MODIFY `id` int(11) NOT NULL AUTO_INCREMENT, AUTO_INCREMENT=29;
--
-- AUTO_INCREMENT für Tabelle `_mtr_persoenlichkeitsmerkmal_definition`
--
ALTER TABLE `_mtr_persoenlichkeitsmerkmal_definition`
  MODIFY `merkmal_id` int(11) NOT NULL AUTO_INCREMENT, AUTO_INCREMENT=12;
--
-- AUTO_INCREMENT für Tabelle `_mtr_soziale_beziehung_type`
--
ALTER TABLE `_mtr_soziale_beziehung_type`
  MODIFY `id` int(11) NOT NULL AUTO_INCREMENT, AUTO_INCREMENT=6;
--
-- AUTO_INCREMENT für Tabelle `_mtr_soziale_beziehung_werte`
--
ALTER TABLE `_mtr_soziale_beziehung_werte`
  MODIFY `id` int(11) NOT NULL AUTO_INCREMENT, AUTO_INCREMENT=42;
--
-- AUTO_INCREMENT für Tabelle `_std_lernthema_inhalt`
--
ALTER TABLE `_std_lernthema_inhalt`
  MODIFY `id` int(11) NOT NULL AUTO_INCREMENT, AUTO_INCREMENT=252;
--
-- AUTO_INCREMENT für Tabelle `_std_lernthema_quelle`
--
ALTER TABLE `_std_lernthema_quelle`
  MODIFY `id` int(11) NOT NULL AUTO_INCREMENT, AUTO_INCREMENT=4;
--
-- AUTO_INCREMENT für Tabelle `_std_schulform`
--
ALTER TABLE `_std_schulform`
  MODIFY `id` int(11) NOT NULL AUTO_INCREMENT, AUTO_INCREMENT=10;
--
-- AUTO_INCREMENT für Tabelle `_ue_fach`
--
ALTER TABLE `_ue_fach`
  MODIFY `id` int(11) NOT NULL AUTO_INCREMENT, AUTO_INCREMENT=3;
--
-- Constraints der exportierten Tabellen
--

--
-- Constraints der Tabelle `mtr_didaktik`
--
ALTER TABLE `mtr_didaktik`
  ADD CONSTRAINT `fk_mtr_didaktik_uezt` FOREIGN KEY (`ue_zuweisung_teilnehmer_id`) REFERENCES `ue_zuweisung_teilnehmer` (`id`) ON DELETE CASCADE ON UPDATE CASCADE;

--
-- Constraints der Tabelle `mtr_leistung`
--
ALTER TABLE `mtr_leistung`
  ADD CONSTRAINT `fk_leistung_zuweisung` FOREIGN KEY (`ue_zuweisung_teilnehmer_id`) REFERENCES `ue_zuweisung_teilnehmer` (`id`) ON DELETE CASCADE ON UPDATE CASCADE;

--
-- Constraints der Tabelle `mtr_persoenlichkeit`
--
ALTER TABLE `mtr_persoenlichkeit`
  ADD CONSTRAINT `fk_persoenlichkeit_teilnehmer` FOREIGN KEY (`teilnehmer_id`) REFERENCES `std_teilnehmer` (`id`) ON DELETE CASCADE ON UPDATE CASCADE;

--
-- Constraints der Tabelle `mtr_rueckkopplung_datenmaske`
--
ALTER TABLE `mtr_rueckkopplung_datenmaske`
  ADD CONSTRAINT `mtr_rueckkopplung_datenmaske_ibfk_1` FOREIGN KEY (`teilnehmer_id`) REFERENCES `std_teilnehmer` (`id`);

--
-- Constraints der Tabelle `mtr_rueckkopplung_lehrkraft_lesson`
--
ALTER TABLE `mtr_rueckkopplung_lehrkraft_lesson`
  ADD CONSTRAINT `fk_rkl_unterrichtseinheit` FOREIGN KEY (`ue_unterrichtseinheit_id`) REFERENCES `ue_unterrichtseinheit` (`id`) ON DELETE CASCADE ON UPDATE CASCADE;

--
-- Constraints der Tabelle `ue_zuweisung_teilnehmer`
--
ALTER TABLE `ue_zuweisung_teilnehmer`
  ADD CONSTRAINT `fk_zuweisung_zw_thema` FOREIGN KEY (`ue_unterrichtseinheit_zw_thema_id`) REFERENCES `ue_unterrichtseinheit_zw_thema` (`id`) ON DELETE CASCADE ON UPDATE CASCADE;

--
-- Constraints der Tabelle `_mtr_soziale_beziehung_werte`
--
ALTER TABLE `_mtr_soziale_beziehung_werte`
  ADD CONSTRAINT `_mtr_soziale_beziehung_werte_ibfk_1` FOREIGN KEY (`type_id`) REFERENCES `_mtr_soziale_beziehung_type` (`id`) ON DELETE CASCADE;

/*!40101 SET CHARACTER_SET_CLIENT=@OLD_CHARACTER_SET_CLIENT */;
/*!40101 SET CHARACTER_SET_RESULTS=@OLD_CHARACTER_SET_RESULTS */;
/*!40101 SET COLLATION_CONNECTION=@OLD_COLLATION_CONNECTION */;
