lehrkraft_id,n_records,mean_semantic_density,std_semantic_density,mean_polarity,mean_operator_count,mean_modulator_count,mean_drift,std_drift,dominance_change_rate,primary_dominant_dimension,mean_x_kognition,std_x_kognition,mean_x_sozial,std_x_sozial,mean_x_affektiv,std_x_affektiv,mean_x_motivation,std_x_motivation,mean_x_methodik,std_x_methodik,mean_x_performanz,std_x_performanz,mean_x_regulation,std_x_regulation,lehrkrafttyp,cluster,pca_1,pca_2,tsne_1,tsne_2
1,1948,3.4048028221878863,0.9091525923533821,0.9481519507186859,0.5462012320328542,0.07084188911704312,0.15334764159999428,0.37714908834641775,0.6646026831785345,kognition,0.47351751038468826,0.16108446386682884,0.1115715984930166,0.12128598814825074,0.16915013934560935,0.12449062266437873,0.342332633437101,0.1471589208428134,0.3882124404800493,0.12914361863408028,0.4242298387113673,0.1855588970811337,0.3535176801354856,0.1683030013466956,kognitiv verdichtend,0,0.9429692935157353,-0.18610064047846622,2.7864947,-23.15622
6,2,1.6502181043323652,0.658799423854735,1.0,0.5,0.0,0.2403397281454086,0.0,1.0,performanz,0.639858786146945,0.178152651255995,0.0,0.0,0.231121116616345,0.05259087688722501,0.14226768455113,0.14226768455113,0.4013877648555,0.08377068322195,0.47748789396576996,0.22532653841616,0.087374445534825,0.087374445534825,kognitiv verdichtend,3,-0.5779781332943599,2.1447180771392444,-19.807302,85.768684
7,7,1.7829261239855043,1.072118633056795,0.8571428571428571,0.14285714285714285,0.0,0.0893473770980708,0.12458712024787451,0.6,kognition,0.43325288284805713,0.24479642301865817,0.032985838602635716,0.03741622407893384,0.116738819834494,0.06665217082068953,0.25177157128956856,0.16580893958609919,0.33047318232948714,0.1487138866138157,0.37181193752133285,0.18852852102754458,0.3576428262541343,0.25502114082480737,kognitiv verdichtend,3,-0.38900032235148235,1.2031362024976904,-35.602352,112.18455
8,9,2.0840039879171766,1.1512662798108892,0.3333333333333333,1.7777777777777777,0.3333333333333333,0.7385113120547144,0.5222813337074489,0.875,kognition,0.09148640394428889,0.5625880739705702,0.06249463346534723,0.22281676774212175,0.038494141096552,0.20252269686185104,0.1250161577609878,0.3182640989394901,0.10837003351749679,0.37372269843753997,0.13014425540143887,0.4905093761014283,0.061450207379332246,0.22229380200493046,performanzzentriert,1,-6.578867086109947,-1.3524647412140274,-2.8976305,175.33055
10,4,2.0625489646991824,1.2899928904529958,1.0,0.25,0.25,0.11722233314693908,0.13901980473185022,0.3333333333333333,regulation,0.479349111139115,0.1983831347867895,0.03831542682787825,0.030927908411284274,0.1363868800847815,0.05699767224399685,0.30722194443289497,0.17890401394567038,0.381760138173845,0.06743471890322392,0.383417707989845,0.07673477226517395,0.44989872953588,0.27311992093223586,kognitiv verdichtend,0,0.6886198215052255,0.8485612247109129,95.7156,-46.9406
12,166,3.402845069363663,0.9793883594443155,0.9518072289156626,0.3192771084337349,0.030120481927710843,0.15354587801445466,0.38144102704236094,0.6242424242424243,kognition,0.4644583339113169,0.16426911132305108,0.1199416117598433,0.12061685968141488,0.16269090834863176,0.12124196944157035,0.3456100313214516,0.14846174276298382,0.3780456886628238,0.130261205985663,0.4362299031294842,0.1903649507591063,0.36529905880914865,0.1607248401018118,kognitiv verdichtend,0,1.0918708684682208,-0.15825302861328813,-19.852394,1.8074474
14,19,3.631942242142821,1.1841929226536627,1.0,0.42105263157894735,0.10526315789473684,0.11983099497292582,0.197550036332531,0.6111111111111112,motivation,0.4353040917354421,0.15252218725267463,0.1157918364027892,0.13099206698094212,0.2523340406748939,0.09448715988153032,0.4138984914381984,0.12698854066190554,0.34146172626090787,0.09759189270026393,0.45838805834906315,0.08155411352473053,0.37160441480097317,0.1251205360907031,performanzzentriert,0,1.6722165956422306,-1.2671636478415065,-46.91368,-67.57714
15,4,2.52418843147645,1.6428788537468788,0.75,0.5,0.0,0.3376824340412552,0.2408795870499369,0.5,kognition,0.4631179176012725,0.28819942377618996,-0.0139731818227465,0.07095521067503782,0.06917885662619801,0.057645348297754494,0.1373522141843625,0.21861860291433757,0.3209395574588175,0.18559145613904132,0.2717304344042075,0.19215375451879924,0.134741581389015,0.32572628751104615,kognitiv verdichtend,3,-2.41285426791949,2.0502533684563713,-7.4699006,125.805855
18,188,3.4156124849998712,0.8409851673669061,0.925531914893617,0.3723404255319149,0.0425531914893617,0.19593746061888667,0.45146429113255776,0.6470588235294118,kognition,0.4590367138778274,0.18289714212758743,0.10396617949382955,0.12739828919368193,0.17364951135777157,0.1310497617578301,0.337081222108561,0.1555848716393504,0.3744820496469023,0.14904083196301354,0.4331478432573765,0.19268811497715999,0.3416064100851884,0.19934647860377663,kognitiv verdichtend,0,0.8189419894431524,-0.19833094017920075,-6.0156345,17.700897
19,238,3.3235287079082965,0.9275979635125685,0.9663865546218487,0.5882352941176471,0.1092436974789916,0.15446185880468813,0.31909978995405097,0.6582278481012658,kognition,0.4787373363650719,0.1634683950030424,0.11799036774702941,0.1336072772263801,0.1613619174622363,0.11580232812423238,0.3346097684057029,0.1423660997761608,0.3886814811162785,0.1160802145840207,0.4250564848749015,0.19054397321427874,0.3678480956821905,0.15423748812870378,kognitiv verdichtend,0,0.9472077536907686,-0.1739654532369757,17.713951,-38.90954
20,12,3.531926126942348,0.9697071958695084,0.8333333333333334,0.5,0.08333333333333333,0.2373943193692887,0.3920399948942026,0.7272727272727273,kognition,0.4871633921830037,0.1708030179684838,0.05359877501532017,0.1673839642395577,0.182329554367169,0.1223584520496723,0.2856457916500937,0.14225951015547805,0.3771407554873483,0.1728695742684272,0.45710120088475914,0.05143618846933538,0.2503693961310614,0.32582692500676064,kognitiv verdichtend,0,0.10271204979189234,0.12354292989254893,-12.112741,46.74814
21,55,3.291413176233928,0.8068313081267836,0.8909090909090909,0.7818181818181819,0.18181818181818182,0.2532368372405873,0.5523551946341262,0.7407407407407407,kognition,0.4413250827843382,0.21170887185290224,0.11865019169272996,0.14915249900104344,0.13780930171852093,0.13541308355489362,0.31323918199437184,0.2141930028921336,0.3692970939584218,0.1860714276146379,0.40028911244661347,0.2044880837199845,0.34080964788816875,0.23141680942387158,kognitiv verdichtend,0,0.07085286959189925,-0.4577842561892484,55.832607,-70.649025
22,16,2.9736924847804276,0.9708641881507655,0.875,0.9375,0.1875,0.3256556661609788,0.6345314879288035,0.5333333333333333,kognition,0.44961491809521437,0.3352543320189226,0.05950873812449514,0.09944992253984439,0.163766464813964,0.13219774633397216,0.3145205380483775,0.16279970035469193,0.36198296390456686,0.19450339841257216,0.39433690397977,0.1900401162735994,0.31867508559875624,0.20063605336912213,kognitiv verdichtend,0,-0.22132652604494832,-0.016194658665933732,79.92891,-70.7125
23,301,3.4028106992251197,0.8647925897522019,0.946843853820598,0.42524916943521596,0.0664451827242525,0.1613360491633999,0.4035146752991971,0.7,kognition,0.45321830766918353,0.18613006037025612,0.11153395861410591,0.1251454113547723,0.16049985687801777,0.10919715734907927,0.33984251911513347,0.14122795168246882,0.373467429186423,0.14041044749813675,0.44666392072665956,0.1747364511020205,0.3736584462191491,0.17281065317226682,kognitiv verdichtend,0,0.9424895859198654,-0.31642922104187765,3.7449727,-3.4995356
24,17,3.6573081940407293,0.8945268951653123,1.0,0.47058823529411764,0.11764705882352941,0.06691756314590631,0.04771909766448534,0.6875,kognition,0.47148365833157707,0.12282159060485348,0.12056285623371482,0.10026656925605229,0.1835138652968628,0.08952269214795062,0.3680113573402112,0.08414775860299857,0.38731652944475686,0.09988692120827719,0.46641204421711,0.06265357564505909,0.40153080847994355,0.10551891268189673,kognitiv verdichtend,0,1.6204423207992424,-0.6060068837778341,-18.798424,-61.19488
25,9,3.3543020159703887,1.0838459966282796,1.0,1.0,0.1111111111111111,0.16345817348124547,0.15471541967676514,0.875,kognition,0.4696081083076489,0.16147608200376556,0.06835546067924633,0.07280996652101354,0.18138818941546644,0.09251247497233424,0.3303906492607791,0.10899307386791973,0.3976848484799222,0.1087800399410999,0.48573795139993226,0.1886516300297839,0.34174322240118343,0.15036564137091124,performanzzentriert,0,0.7777810548367444,-0.2501332101122722,43.495625,-28.432919
26,22,3.363735665459188,0.984959254072631,1.0,0.4090909090909091,0.13636363636363635,0.08096009293323109,0.08073429961091012,0.7619047619047619,performanz,0.4705014036950296,0.11780160679411271,0.14450320698739372,0.129487481312568,0.19517603251722696,0.11130358532788298,0.3705543032783136,0.10028141940113669,0.38939463909380456,0.07544647238300821,0.45906085839955907,0.07462240403930377,0.37541215055804955,0.12119035463190975,kognitiv verdichtend,0,1.5284386136820345,-0.749611432295064,-8.638411,-76.8843
28,40,3.374499369183923,1.0255685210742207,0.95,0.375,0.175,0.15269914571368814,0.3937704335829912,0.7692307692307693,kognition,0.47362905830950575,0.14911691516020373,0.10573560392987467,0.09638280473965788,0.16031697697113131,0.11001524702066603,0.33462616813615575,0.14551873958370104,0.386238106714652,0.1221468406333434,0.43846070211409277,0.18379221693301806,0.36160438179583876,0.202784969197052,kognitiv verdichtend,0,0.8539787312379454,-0.4198945693969648,19.651972,-72.70208
29,5,3.29049250864098,1.0740688719887095,1.0,0.6,0.2,0.11064082640028283,0.08209861989539984,0.75,regulation,0.374458257955902,0.07580501770392813,0.180272623272286,0.10534296367666433,0.1902556718362722,0.1241146507234034,0.40045301482948,0.031829882881568655,0.341580760778608,0.0852491723579307,0.518442678345,0.14829621632755227,0.41343439919160996,0.10865972347970684,performanzzentriert,0,1.507922432641448,-1.6364206979976943,-17.656778,-102.998276
30,6,3.5080272828608168,0.45425747513999076,1.0,0.3333333333333333,0.0,0.08111953518140494,0.04142185890228108,0.8,kognition,0.4863714284398533,0.09565670424929923,0.16614830130462183,0.13256570311291335,0.21695784054971184,0.10679975381794914,0.4058617137593783,0.08273504487494435,0.37708510011749835,0.048428865204563805,0.45235775551582835,0.05236635149460856,0.33572304694680816,0.12018290540268617,kognitiv verdichtend,0,1.7403395029680777,-0.8682032180194168,25.762005,23.973166
34,4,2.971386734970075,1.4419758160486182,0.0,0.5,0.0,1.295734569217558,0.5144297725276936,1.0,regulation,0.041641967843487504,0.3169352236877963,-0.1969188746361335,0.35862518047428416,0.049306266967294746,0.17710145101108268,0.12581223441856723,0.4336379194352331,0.09463289452647125,0.32389879434310176,-0.08301737897615251,0.41583646145575137,0.12944468371591925,0.4269895109898058,regulatorisch stabilisierend,1,-8.604450530575823,-0.9078568434029574,-21.08635,175.75093
36,5,2.34338835630204,1.1446004773726137,1.0,0.2,0.0,0.14996187101809483,0.14219223306928072,0.5,motivation,0.124842319149536,0.17183590292229223,0.390957583213958,0.1541490511956053,0.385925742902484,0.12063940351670344,0.571727030782372,0.0902298090593962,0.113761532838098,0.15460021530788295,0.366709967241794,0.0684772872766721,0.287714634416476,0.1448213796927975,motivational aktivierend,2,1.531816469319071,-4.688528275149556,-74.24164,-72.70776
37,17,2.3373482357960635,1.2373200317702109,0.7647058823529411,0.23529411764705882,0.0,0.49947289133894834,0.6270697354983094,0.75,performanz,0.3628455503206882,0.33372405927784277,0.048467749252895986,0.09406820674779634,0.1409745685784016,0.21881042674305112,0.3025958946968853,0.2317705240686839,0.29265838140579753,0.2103996468225812,0.33524540053161705,0.36041655467048517,0.3398758087753075,0.21214593410758498,kognitiv verdichtend,3,-1.2901086147709462,-0.175785987080319,-44.644176,125.65052
38,1,2.359810786534,0.0,1.0,0.0,0.0,0.0,0.0,0.0,kognition,0.78108793300561,0.0,0.018432213851836,0.0,0.086879610359002,0.0,0.11348578136332,0.0,0.48890229627607,0.0,0.27009925920707,0.0,0.23905494098143,0.0,regulatorisch stabilisierend,3,0.4819248908984546,4.427225551501284,17.599482,117.93952
41,1,1.881159988326,0.0,1.0,2.0,0.0,0.0,0.0,0.0,performanz,0.56819532922291,0.0,0.010365889377893,0.0,0.21380976872848,0.0,0.27546199709883,0.0,0.3693415489259,0.0,0.60215001148114,0.0,0.23757996421077,0.0,regulatorisch stabilisierend,4,0.8975044396494172,2.277051606124567,102.39943,-91.00917
44,1,3.1414420380169,0.0,1.0,0.0,0.0,0.0,0.0,0.0,regulation,0.51169352786904,0.0,0.14016983318797,0.0,0.17502700982456,0.0,0.32722230156675,0.0,0.42043549326924,0.0,0.37596977100218,0.0,0.51253060729062,0.0,regulatorisch stabilisierend,0,2.3835635030150386,0.9005309845820747,-46.668423,4.0358214
45,11,3.1155521315114134,1.2113738605508266,0.8181818181818182,0.9090909090909091,0.09090909090909091,0.2214549880301422,0.41012550419300453,0.6,kognition,0.48312026330050634,0.1552502432102196,0.08518742918311964,0.1630080106272978,0.09534208714390027,0.17818107384536447,0.2887069510813575,0.31560282347578705,0.35000219112303543,0.15815908123442263,0.35146817343625725,0.2860727527417547,0.3057346019786655,0.19621469357639673,kognitiv verdichtend,0,-0.5270073055494687,0.4541077597879057,66.759895,-94.24725
