pair_id,strategies,teilnehmer_id,gruppe_id,lehrer_datum,teilnehmer_datum,day_delta_tn_minus_lk,abs_day_delta,recursive_lag_rank,ue_match,dominance_match,polarity_match,cosine_similarity,cosine_klasse,match_score,lehrer_dichte,teilnehmer_dichte,dichte_delta_lk_minus_tn,lk_dominante_dimension,tn_dominante_dimension,emotion_valenz,emotion_aktivierung,lk_kognition,tn_kognition,delta_kognition,lk_sozial,tn_sozial,delta_sozial,lk_affektiv,tn_affektiv,delta_affektiv,lk_motivation,tn_motivation,delta_motivation,lk_methodik,tn_methodik,delta_methodik,lk_performanz,tn_performanz,delta_performanz,lk_regulation,tn_regulation,delta_regulation
LK00001__TN00044,recursive_lag_2;semantic_neighborhood,2,1,2025-09-01,2025-09-22,21,21,2.0,False,False,True,0.9254827161084525,hoch,0.6296901233229354,3.51701978511588,1.7119970175957,1.8050227675201802,regulation,performanz,0.8025,0.53125,0.41854915928882397,0.34052554827604,0.07802361101278399,0.19358705479895122,0.40721032196347,-0.2136232671645188,0.16367336862075338,0.41034401598141,-0.24667064736065664,0.40585893265774403,0.36254652589155,0.04331240676619402,0.360363039237032,0.39350781760059,-0.033144778363558,0.419631292273118,0.41567123029248,0.00396006198063803,0.47334668344048597,0.30127883164279,0.17206785179769596
LK00002__TN00004,recursive_lag_1;semantic_neighborhood,16,2,2025-09-01,2025-09-08,7,7,1.0,False,False,True,0.8663975374146423,hoch,0.6326537163619076,4.01059824775386,1.9266454054326,2.08395284232126,kognition,methodik,0.75,0.6,0.507263992056734,0.25841410088398,0.24884989117275402,0.0875976102990112,0.42069304143011,-0.3330954311310988,0.1909250077717944,0.41234595727475,-0.22142094950295557,0.359585776852958,0.44365294304186,-0.08406716618890198,0.424556587710482,0.4644014093709,-0.03984482166041803,0.47457715764563996,0.31142212157813,0.16315503606750997,0.34257325657822,0.27700178182476,0.06557147475346004
LK00003__TN00003,recursive_lag_1;semantic_neighborhood,20,2,2025-09-01,2025-09-08,7,7,1.0,False,False,True,0.9156172718407101,hoch,0.6461891433290763,3.9331111432773405,1.9604465177275,1.9726646255498406,performanz,methodik,0.76666666666667,0.46666666666667,0.473548628041114,0.3494644594658,0.12408416857531396,0.11718783922468781,0.34900749384375,-0.2318196546190622,0.10932007486973261,0.35757702727483,-0.24825695240509738,0.37637029498152397,0.35621136647309,0.020158928508433982,0.400138900918866,0.51008787561778,-0.10994897469891401,0.48424437501766393,0.3629927673001,0.12125160771756394,0.41996831278109203,0.3307069726922,0.08926134008889203
LK00004__TN00001,recursive_lag_1;semantic_neighborhood,21,2,2025-09-01,2025-09-08,7,7,1.0,False,False,True,0.9061482278101799,hoch,0.6435851562206805,3.765158256325625,1.9295280949248,1.8356301614008252,regulation,methodik,0.80666666666667,0.48333333333333,0.4977814909409575,0.36829642407033,0.12948506687062755,0.11159661065052023,0.40915376452818,-0.29755715387765974,0.15931901496172302,0.35467827785097,-0.195359262889247,0.3747252787561975,0.28082091833555,0.09390436042064748,0.40819871343004255,0.51826143506903,-0.11006272163898745,0.44308749083850996,0.32059893425201,0.12248855658649993,0.4212664322957125,0.34772874381537,0.07353768848034248
LK00005__TN00049,recursive_lag_2;semantic_neighborhood,23,2,2025-09-01,2025-09-22,21,21,2.0,False,False,True,0.8953359082744087,hoch,0.6213997511685734,3.7475714984215,1.4987736504456,2.2487978479759,performanz,affektiv,0.78833333333333,0.51666666666667,0.4414490803645925,0.394648892534,0.04680018783059253,0.09628173852327224,0.42063375080062,-0.3243520122773478,0.192105653694673,0.43029335152798,-0.23818769783330698,0.40740134922187254,0.33858236888798,0.06881898033389255,0.3734918698670725,0.40032729386542,-0.026835423998347485,0.502388251243845,0.3382610467545,0.16412720448934498,0.39844140486085244,0.30470745169527,0.09373395316558242
LK00012__TN00223,recursive_lag_2,15,4,2025-09-02,2025-11-25,84,84,2.0,False,False,True,0.8013144797388866,hoch,0.5953614819283322,3.5787744637396,1.2131734735068,2.3656009902328003,kognition,methodik,,,0.514729261703918,0.066644272668964,0.448084989034954,0.129224439671633,0.026030034477352,0.103194405194281,0.2133204057952224,0.49457065506968,-0.28125024927445763,0.3411972506871,0.49457065506968,-0.15337340438258001,0.392564668176438,0.58133743666086,-0.18877276848442204,0.41565594402017203,0.35655093737582,0.05910500664435203,0.366255653848628,0.20149174836172,0.164763905486908
LK00016__TN00077,recursive_lag_1;semantic_neighborhood,7,4,2025-09-03,2025-09-30,27,27,1.0,False,False,True,0.9560534994363129,hoch,0.6379393943058034,3.3585269337129398,1.382420184349,1.9761067493639397,kognition,methodik,0.36,0.45,0.5060469492413959,0.52021009515905,-0.014163145917654107,0.12087079299088119,0.28173321565917,-0.1608624226682888,0.230685479822556,0.27806614761061,-0.047380667788054,0.346709001768448,0.31951479614151,0.027194205626937973,0.42951363859539005,0.57108084255237,-0.14156720395697997,0.440164112087808,0.33308622165613,0.10707789043167798,0.3429988697906614,0.18307813483424,0.15992073495642142
LK00018__TN00097,recursive_lag_1;semantic_neighborhood,13,4,2025-09-03,2025-10-07,34,34,1.0,False,False,True,0.8556078830263506,hoch,0.6102945612905577,4.098171634194225,2.3166081162212,1.7815635179730247,kognition,performanz,,,0.5336236996037624,0.38758058980755,0.14604310979621243,-0.002336778902035,0.38168325481671,-0.384020033718745,0.10450873572134026,0.38088139923937,-0.2763726635180297,0.3318722759854475,0.38849902722415,-0.05662675123870248,0.4512241373322275,0.25899935148277,0.1922247858494575,0.4502663997684625,0.43166558580462,0.0186008139638425,0.4093009952143425,0.39329531151087,0.016005683703472495
LK00030__TN00004,exact_sync;temporal_window;recursive_lag_1;semantic_neighborhood,16,2,2025-09-08,2025-09-08,0,0,1.0,False,False,True,0.8835510821251505,hoch,0.8179765475844164,3.865718572828225,1.9266454054326,1.939073167395625,kognition,methodik,0.75,0.6,0.49188389727464,0.25841410088398,0.23346979639066,0.15333254098600352,0.42069304143011,-0.2673605004441065,0.141250285723174,0.41234595727475,-0.271095671551576,0.3690423372703925,0.44365294304186,-0.0746106057714675,0.45026204084418,0.4644014093709,-0.014139368526720042,0.42913926739266,0.31142212157813,0.11771714581453002,0.36530979621347254,0.27700178182476,0.08830801438871255
LK00031__TN00003,exact_sync;temporal_window;recursive_lag_1;semantic_neighborhood,20,2,2025-09-08,2025-09-08,0,0,1.0,False,False,True,0.9484270420635115,hoch,0.8358174365674657,3.8023831622578994,1.9604465177275,1.8419366445303995,kognition,methodik,0.76666666666667,0.46666666666667,0.5320080773069661,0.3494644594658,0.18254361784116607,0.1551809495430666,0.34900749384375,-0.1938265443006834,0.20902246131950802,0.35757702727483,-0.14855456595532196,0.34973749840019797,0.35621136647309,-0.0064738680728920195,0.4409568892422421,0.51008787561778,-0.06913098637553794,0.413121251401628,0.3629927673001,0.05012848410152798,0.3082654408384146,0.3307069726922,-0.02244153185378539
LK00032__TN00001,exact_sync;temporal_window;recursive_lag_1;semantic_neighborhood,21,2,2025-09-08,2025-09-08,0,0,1.0,False,False,True,0.9061286838631631,hoch,0.8241853880623699,3.449797199504475,1.9295280949248,1.520269104579675,performanz,methodik,0.80666666666667,0.48333333333333,0.47635842523196,0.36829642407033,0.10806200116163,0.13605753003213775,0.40915376452818,-0.27309623449604226,0.23573257471564749,0.35467827785097,-0.11894570313532252,0.40523047767610754,0.28082091833555,0.12440955934055753,0.3374153645443775,0.51826143506903,-0.1808460705246525,0.5061058321779874,0.32059893425201,0.1855068979259774,0.3311824100625125,0.34772874381537,-0.016546333752857523
LK00038__TN00223,recursive_lag_2,15,4,2025-09-09,2025-11-25,77,77,2.0,False,False,True,0.8215246379658973,hoch,0.6009192754420478,3.2994347133316198,1.2131734735068,2.08626123982482,performanz,methodik,,,0.29010198185488,0.066644272668964,0.223457709185916,0.1265909524588966,0.026030034477352,0.1005609179815446,0.1289570597593872,0.49457065506968,-0.3656135953102928,0.26531944018438003,0.49457065506968,-0.22925121488529998,0.243692565463724,0.58133743666086,-0.33764487119713604,0.22926548433637803,0.35655093737582,-0.12728545303944197,0.22944221842422802,0.20149174836172,0.027950470062508004
LK00041__TN00077,recursive_lag_1;semantic_neighborhood,7,4,2025-09-10,2025-09-30,20,20,1.0,False,False,True,0.9473191384153423,hoch,0.635767289824487,3.6030945057142,1.382420184349,2.2206743213652,kognition,methodik,0.36,0.45,0.36401992751605594,0.52021009515905,-0.1561901676429941,0.025841714391665205,0.28173321565917,-0.25589150126750476,0.08066477677481801,0.27806614761061,-0.19740137083579198,0.172177284510952,0.31951479614151,-0.14733751163055803,0.347472272454628,0.57108084255237,-0.22360857009774204,0.235189542834848,0.33308622165613,-0.097896678821282,0.19487731941453998,0.18307813483424,0.011799184580299993
LK00043__TN00097,recursive_lag_1;semantic_neighborhood,13,4,2025-09-10,2025-10-07,27,27,1.0,False,False,True,0.9711675190746377,hoch,0.6420957497063428,3.75692665078426,2.3166081162212,1.4403185345630596,kognition,performanz,,,0.44786847774802807,0.38758058980755,0.06028788794047807,0.233300982292706,0.38168325481671,-0.14838227252400402,0.264032699297156,0.38088139923937,-0.11684869994221397,0.420176867238082,0.38849902722415,0.031677840013932035,0.388249515413936,0.25899935148277,0.129250163931166,0.424639402453474,0.43166558580462,-0.00702618335114602,0.38305441845377397,0.39329531151087,-0.010240893057096023
LK00045__TN00224,recursive_lag_2,22,4,2025-09-10,2025-11-25,76,76,2.0,False,False,True,0.9080489010251284,hoch,0.6247134477839005,3.70865001692052,1.8531269407679,1.85552307615262,kognition,methodik,0.7825,0.525,0.4941149496577079,0.32377706377071,0.1703378858869979,0.1618335052239048,0.38544888544132,-0.2236153802174152,0.12296948347491432,0.36351075782467,-0.2405412743497557,0.38070904357257607,0.3168698197436,0.06383922382897605,0.39778747431899,0.53962843961784,-0.14184096529885004,0.42904101200407807,0.36393545927715,0.06510555272692808,0.4215044894658121,0.30067115512889,0.12083333433692212
LK00047__TN00030,recursive_lag_1;semantic_neighborhood,10,5,2025-09-11,2025-09-17,6,6,1.0,False,False,True,0.8827886460746154,hoch,0.6448339343178418,3.18469568995076,1.7253116045855,1.4593840853652602,performanz,sozial,0.31133333333333,0.49,0.332209784963376,0.39709138961377,-0.064881604650394,0.1308849482257442,0.54397044306672,-0.41308549484097584,0.0814182060995502,0.19549449563995,-0.1140762895403998,0.244378499463178,0.23635482017599,0.008023679287188001,0.314120718536926,0.51249323510793,-0.19837251657100397,0.212609153147106,0.38550501655267,-0.172895863405564,0.3151697128515834,0.20265599310302,0.11251371974856342
LK00055__TN00025,exact_sync;temporal_window;recursive_lag_1;semantic_neighborhood,2,1,2025-09-15,2025-09-15,0,0,1.0,False,False,True,0.7806379813628087,hoch,0.7896754448747725,3.76502857314224,0.95914367859819,2.8058848945440498,kognition,methodik,-0.125,0.50833333333333,0.47403068864816394,0.40372892069248,0.07030176795568394,0.1514091362629702,0.5439634765183,-0.3925543402553298,0.14765424006864122,0.015754041789359,0.13190019827928223,0.39271353078555,0.2094750462734,0.18323848451215,0.42221294011534605,0.62555799799604,-0.2033450578806939,0.44547294462210196,0.32490221601345,0.12057072860865198,0.39475134295153,-0.0097184903260099,0.40446983327753994
LK00056__TN00027,exact_sync;temporal_window;recursive_lag_1;semantic_neighborhood,16,2,2025-09-15,2025-09-15,0,0,1.0,False,False,True,0.8777057583330966,hoch,0.8163690835416016,2.9043367798229798,1.6168957220315,1.2874410577914799,kognition,sozial,0.66666666666667,0.56666666666667,0.4380433424021216,0.24475584616495,0.19328749623717162,0.1276787540365894,0.49477525891409,-0.3670965048775006,0.19552636635409656,0.38295736629115,-0.18743099993705345,0.328294541116978,0.40189036655776,-0.07359582544078203,0.383584751338196,0.48175485736372,-0.098170106025524,0.285923227227676,0.29628983527995,-0.010366608052274018,0.351958088536152,0.25931524730587,0.09264284123028199
LK00057__TN00028,exact_sync;temporal_window;recursive_lag_1;semantic_neighborhood,20,2,2025-09-15,2025-09-15,0,0,1.0,False,False,True,0.8960580046489008,hoch,0.8214159512784477,4.08776761866818,1.7498328045174,2.3379348141507803,performanz,methodik,0.2,0.775,0.47049610738854397,0.34288990245704,0.12760620493150399,0.11184877013722638,0.44515531196177,-0.3333065418245436,0.1519085304159284,0.24359470153719,-0.09168617112126162,0.39580175865643596,0.31985198713571,0.07594977152072596,0.4030315364245641,0.57148317076173,-0.16845163433716598,0.492115872103294,0.34288990245704,0.149225969646254,0.394738779064422,0.28009478738405,0.11464399168037198
LK00058__TN00026,exact_sync;temporal_window;recursive_lag_1;semantic_neighborhood,21,2,2025-09-15,2025-09-15,0,0,1.0,False,False,True,0.8800957986742626,hoch,0.8170263446354223,2.6289961377841724,1.9949766814554,0.6340194563287724,kognition,methodik,0.7,0.3,0.4522197751055825,0.35194780257296,0.10027197253262249,0.10463132292301475,0.44849488717032,-0.34386356424730524,0.10039764866528751,0.32461160989388,-0.2242139612285925,0.39880932878413755,0.2394108421514,0.15939848663273756,0.39999706648584177,0.5012589915433,-0.10126192505745824,0.4715741568725475,0.36137276134517,0.11020139552737751,0.3191860936359475,0.36117029443304,-0.041984200797092475
LK00059__TN00029,exact_sync;temporal_window;recursive_lag_1;semantic_neighborhood,23,2,2025-09-15,2025-09-15,0,0,1.0,False,False,True,0.9270145698493347,hoch,0.8299290067085671,3.0585259545856998,1.4014426935427,1.6570832610429997,motivation,sozial,0.506,0.53,0.41801609214167995,0.27631100726494,0.14170508487673994,0.23109808275659577,0.48929170517245,-0.25819362241585425,0.2839004114391198,0.3472647463119,-0.0633643348727802,0.46604759800038204,0.34587734098213,0.12017025701825201,0.329148591186,0.48070764016943,-0.15155904898343003,0.410685036059932,0.3086520349489,0.10203300111103203,0.2947839215786102,0.34303935642325,-0.04825543484463979
LK00065__TN00223,recursive_lag_2,15,4,2025-09-16,2025-11-25,70,70,2.0,False,False,True,0.8070353793191363,hoch,0.5969347293274684,3.7932383646249335,1.2131734735068,2.580064891118133,kognition,methodik,,,0.47638736751513,0.066644272668964,0.409743094846166,0.20750797625809667,0.026030034477352,0.18147794178074467,0.19555965479297668,0.49457065506968,-0.29901100027670335,0.3789872163494266,0.49457065506968,-0.1155834387202534,0.4046928315612633,0.58133743666086,-0.17664460509959673,0.44557357140112,0.35655093737582,0.08902263402530003,0.3958136350083266,0.20149174836172,0.1943218866466066
LK00071__TN00030,temporal_window;semantic_neighborhood,10,5,2025-09-18,2025-09-17,-1,1,,False,False,True,0.8523025408401119,hoch,0.7526894608457886,4.31709168933226,1.7253116045855,2.5917800847467602,kognition,sozial,0.31133333333333,0.49,0.512127012074882,0.39709138961377,0.11503562246111199,0.0792794417363826,0.54397044306672,-0.46469100133033747,0.15291107926544698,0.19549449563995,-0.042583416374503025,0.36553490623856594,0.23635482017599,0.12918008606257594,0.43900415772192,0.51249323510793,-0.07348907738601002,0.458043373721276,0.38550501655267,0.07253835716860602,0.38666655958392404,0.20265599310302,0.18401056648090405
LK00074__TN00236,recursive_lag_1,4,7,2025-09-19,2025-11-27,69,69,1.0,False,False,True,0.7875229082962132,hoch,0.5915687998019824,2.86315510156418,1.271647519905,1.5915075816591802,kognition,affektiv,0.85,0.5,0.15228573507831392,0.32459148518849,-0.1723057501101761,-0.013263737839942596,0.38077416764922,-0.3940379054891626,0.018351829963885995,0.44306768712525,-0.424715857161364,0.08487013871602059,0.39974389520421,-0.3148737564881894,0.151931408392936,0.38905186694594,-0.237120458553004,0.158492213520872,0.28894945684604,-0.130457243325168,0.18250574466027197,0.39836427865475,-0.21585853399447802
LK00080__TN00044,exact_sync;temporal_window;recursive_lag_1;semantic_neighborhood,2,1,2025-09-22,2025-09-22,0,0,1.0,False,False,True,0.8889580847909911,hoch,0.8194634733175227,3.6104835920823,1.7119970175957,1.8984865744866,kognition,performanz,0.8025,0.53125,0.542894483891774,0.34052554827604,0.202368935615734,0.08104951881704839,0.40721032196347,-0.3261608031464216,0.16023334433337202,0.41034401598141,-0.250110671648038,0.329272657265898,0.36254652589155,-0.033273868625652014,0.419586832882788,0.39350781760059,0.02607901528219797,0.489553102612916,0.41567123029248,0.07388187232043603,0.340286657580886,0.30127883164279,0.039007825938095986
LK00081__TN00045,exact_sync;temporal_window;recursive_lag_1;semantic_neighborhood,16,2,2025-09-22,2025-09-22,0,0,1.0,False,False,True,0.8521500152401409,hoch,0.8093412541910389,3.511106132792,1.7920220385623,1.7190840942296999,kognition,methodik,0.75,0.6,0.53399570879529,0.15909758735354,0.37489812144175005,0.20852110558962075,0.45229706883932,-0.24377596324969927,0.295319194663634,0.38545326200869,-0.09013406734505602,0.3810187800420375,0.37069059398844,0.010328186053597477,0.38244707827448754,0.49928897209536,-0.11684189382087246,0.40912544377107996,0.21542509138013,0.19370035239094996,0.26438254937656247,0.43408770632761,-0.16970515695104754
LK00082__TN00048,exact_sync;temporal_window;recursive_lag_1;semantic_neighborhood,20,2,2025-09-22,2025-09-22,0,0,1.0,False,False,True,0.9242587015715787,hoch,0.8291711429321841,4.220917692602833,1.8901932825804,2.330724410022433,kognition,sozial,0.7,0.3,0.51163337607565,0.37145812847483,0.14017524760081995,0.14558793667197967,0.47335732799265,-0.32776939132067034,0.1867035679578,0.30341792212496,-0.11671435416716,0.3597461560298367,0.28795241154108,0.0717937444887567,0.4429618010133333,0.43437495980502,0.008586841208313323,0.44422270482576004,0.38140556250023,0.06281714232553004,0.3740169854480033,0.35891623281325,0.0151007526347533
LK00083__TN00047,exact_sync;temporal_window;recursive_lag_1;semantic_neighborhood,21,2,2025-09-22,2025-09-22,0,0,1.0,False,False,True,0.960448020843562,hoch,0.8391232057319796,4.131564915256225,2.270528321296,1.8610365939602245,performanz,methodik,0.75,0.6,0.3955112423940875,0.3467184420572,0.04879280033688754,0.227087763764525,0.39406548393129,-0.166977720166765,0.20254338772681774,0.3825182491625,-0.17997486143568225,0.43702545735978254,0.3722649424533,0.06476051490648255,0.37440829505079,0.39406548393129,-0.0196571888805,0.4593378653796475,0.36668035864578,0.09265750673386747,0.4392459341505275,0.38711138715603,0.05213454699449749
LK00084__TN00049,exact_sync;temporal_window;recursive_lag_1;semantic_neighborhood,23,2,2025-09-22,2025-09-22,0,0,1.0,False,False,True,0.9138234311328376,hoch,0.8263014435615305,3.6898776702082,1.4987736504456,2.1911040197626,performanz,affektiv,0.78833333333333,0.51666666666667,0.466798021742202,0.394648892534,0.07214912920820199,0.1493861704973288,0.42063375080062,-0.2712475803032912,0.1741721139582674,0.43029335152798,-0.2561212375697126,0.39633030414879206,0.33858236888798,0.05774793526081207,0.408618275020838,0.40032729386542,0.008290981155417987,0.458447181979182,0.3382610467545,0.12018613522468197,0.386295317281538,0.30470745169527,0.08158786558626796
LK00088__TN00223,recursive_lag_2,15,4,2025-09-23,2025-11-25,63,63,2.0,False,False,True,0.8004678938814914,hoch,0.5951286709690613,4.10116298181438,1.2131734735068,2.88798950830758,kognition,methodik,,,0.501304650677562,0.066644272668964,0.434660378008598,0.08275320395293001,0.026030034477352,0.05672316947557801,0.14588536626475718,0.49457065506968,-0.34868528880492283,0.351457176610162,0.49457065506968,-0.143113478459518,0.471382931790184,0.58133743666086,-0.10995450487067604,0.425504158855298,0.35655093737582,0.06895322147947802,0.408246452712074,0.20149174836172,0.20675470435035398
LK00093__TN00077,recursive_lag_1;semantic_neighborhood,7,4,2025-09-24,2025-09-30,6,6,1.0,False,False,True,0.9035103311126393,hoch,0.6505323977032984,3.465394127428967,1.382420184349,2.082973943079967,kognition,methodik,0.36,0.45,0.5097590336627267,0.52021009515905,-0.010451061496323355,0.01672593004288667,0.28173321565917,-0.2650072856162833,0.08960864349907231,0.27806614761061,-0.18845750411153767,0.3647856875745266,0.31951479614151,0.0452708914330166,0.4366144284035233,0.57108084255237,-0.1344664141488467,0.48257978603711,0.33308622165613,0.14949356438098,0.38918531716488336,0.18307813483424,0.20610718233064337
LK00094__TN00097,recursive_lag_1;semantic_neighborhood,13,4,2025-09-24,2025-10-07,13,13,1.0,False,False,True,0.9196176434182051,hoch,0.6305195976873946,3.1257601185823,2.3166081162212,0.8091520023610999,kognition,performanz,,,0.579042657835394,0.38758058980755,0.191462068027844,0.14073990096450842,0.38168325481671,-0.24094335385220159,0.24075601933355664,0.38088139923937,-0.14012537990581334,0.326995094466312,0.38849902722415,-0.061503932757838,0.41173802915642,0.25899935148277,0.15273867767365001,0.391182287188936,0.43166558580462,-0.040483298615684005,0.2801067315214844,0.39329531151087,-0.11318857998938558
LK00096__TN00224,recursive_lag_2,22,4,2025-09-24,2025-11-25,62,62,2.0,False,False,True,0.8879811266108184,hoch,0.6191948100296213,3.80921575495345,1.8531269407679,1.95608881418555,kognition,methodik,0.7825,0.525,0.507259973413265,0.32377706377071,0.18348290964255498,0.060626264351211254,0.38544888544132,-0.32482262109010873,0.15919354524310025,0.36351075782467,-0.20431721258156976,0.32985279404185003,0.3168698197436,0.012982974298250016,0.4253693795683025,0.53962843961784,-0.11425906004953751,0.485489829139915,0.36393545927715,0.12155436986276502,0.41717144150752,0.30067115512889,0.11650028637863002
LK00098__TN00054,temporal_window;semantic_neighborhood,10,5,2025-09-25,2025-09-24,-1,1,,False,False,True,0.8838576980471319,hoch,0.7613671290777192,3.904761542174675,2.1070641331723,1.797697409002375,performanz,kognition,0.38888888888889,0.53333333333333,0.47937162528668253,0.4745940020439,0.004777623242782525,0.07571758889623599,0.45143381474416,-0.375716225847924,0.17275785245167674,0.18046858521376,-0.0077107327620832555,0.409655738295125,0.18876976431296,0.22088597398216503,0.3900436684527625,0.4745940020439,-0.0845503335911375,0.47146152327010504,0.4745940020439,-0.0031324787737949666,0.40824457273591996,0.22866170527744,0.17958286745847996
LK00103__TN00236,recursive_lag_1,4,7,2025-09-26,2025-11-27,62,62,1.0,False,False,True,0.8729462224116225,hoch,0.6150602113748425,3.6870116630862797,1.271647519905,2.4153641431812796,kognition,affektiv,0.85,0.5,0.4766722116020439,0.32459148518849,0.1520807264135539,0.07368942083322201,0.38077416764922,-0.307084746815998,0.1220092329147942,0.44306768712525,-0.3210584542104558,0.36798272394464804,0.39974389520421,-0.03176117125956196,0.43315131664074,0.38905186694594,0.04409944969480001,0.445652171368984,0.28894945684604,0.156702714522944,0.45155784759024,0.39836427865475,0.05319356893548999
LK00106__TN00071,exact_sync;temporal_window;recursive_lag_1;semantic_neighborhood,2,1,2025-09-29,2025-09-29,0,0,1.0,False,False,True,0.8270107290648212,hoch,0.8024279504928259,3.3360192703706,1.2419268644262,2.0940924059443997,kognition,methodik,0.175,0.75,0.4912463275445139,0.24327331019672,0.24797301734779392,0.12397744852440817,0.46616864852374,-0.34219119999933184,0.12492585918703758,0.30412636461736,-0.1792005054303224,0.354637022276046,0.41602020300073,-0.06138318072468402,0.393465244847622,0.57635396544753,-0.18288872059990802,0.434966157547976,0.16104007858093,0.273926078967046,0.414757945638372,0.31594529702544,0.09881264861293199
LK00107__TN00074,exact_sync;temporal_window;recursive_lag_1;semantic_neighborhood,16,2,2025-09-29,2025-09-29,0,0,1.0,False,False,True,0.9070225156898155,hoch,0.8244311918146993,3.5287071231396405,2.1700399070159,1.3586672161237403,kognition,methodik,0.76111111111111,0.53888888888889,0.53007632018186,0.36669587407664,0.16338044610522,0.112125857675675,0.43685832527697,-0.324732467601295,0.1159284928560826,0.32129453474168,-0.20536604188559743,0.33923682226467594,0.29911892292962,0.04011789933505594,0.42989680765209404,0.46082101822465,-0.030924210572555955,0.440962560121488,0.40509382532307,0.03586873479841801,0.385995642987302,0.3248532166807,0.061142426306601994
LK00108__TN00073,exact_sync;temporal_window;recursive_lag_1;semantic_neighborhood,20,2,2025-09-29,2025-09-29,0,0,1.0,False,False,True,0.9029352598467998,hoch,0.8233071964578701,3.7897480484006403,1.8966402854207,1.8931077629799402,kognition,methodik,0.725,0.35,0.29578471629941,0.31634886398639,-0.020564147686980006,0.083207305583122,0.40924495896652,-0.326037653383398,0.10684207476276922,0.33359130206853,-0.22674922730576078,0.21543548576698202,0.34556719656291,-0.130131710795928,0.24963748205533004,0.52724810664399,-0.27761062458866,0.30207116294508596,0.31634886398639,-0.014277701041304047,0.14760097641024797,0.35167448713154,-0.204073510721292
LK00109__TN00072,exact_sync;temporal_window;recursive_lag_1;semantic_neighborhood,21,2,2025-09-29,2025-09-29,0,0,1.0,False,False,True,0.9403214851446401,hoch,0.8335884084147761,4.10519864162645,2.1164604236812,1.9887382179452504,kognition,sozial,0.9,0.6,0.5043086522954325,0.32370384770219,0.18060480459324252,0.21977748228063526,0.4724869826709,-0.25270950039026474,0.2561673208416975,0.3839394222148,-0.12777210137310246,0.357511192551575,0.31544130938315,0.04206988316842497,0.4151625443832025,0.42275151081081,-0.007588966427607535,0.4127304098745075,0.37139674451806,0.0413336653564475,0.314059814494045,0.32924882371383,-0.015189009219784999
LK00110__TN00075,exact_sync;temporal_window;recursive_lag_1;semantic_neighborhood,23,2,2025-09-29,2025-09-29,0,0,1.0,False,False,True,0.8222979550785696,hoch,0.8011319376466067,3.2780107155462,1.4216820550676,1.8563286604786002,kognition,affektiv,0.825,0.5875,0.603329960414395,0.29033633482617,0.312993625588225,0.07268970271673049,0.43543323657043,-0.3627435338536995,0.16793306408623426,0.45000129895387,-0.2820682348676357,0.2502670504442675,0.35738182891518,-0.1071147784709125,0.4292748669472925,0.4220352908298,0.0072395761174924855,0.4274702505594275,0.25845572074073,0.16901452981869752,0.371681504133605,0.38854423271281,-0.01686272857920501
LK00117__TN00223,recursive_lag_2,15,4,2025-09-30,2025-11-25,56,56,2.0,False,False,True,0.7778602091454307,hoch,0.58891155907886,4.01865742609656,1.2131734735068,2.8054839525897597,kognition,methodik,,,0.502710908348776,0.066644272668964,0.43606663567981196,0.0591989293850058,0.026030034477352,0.033168894907653804,0.11103617524016421,0.49457065506968,-0.38353447982951583,0.37092296112341405,0.49457065506968,-0.12364769394626596,0.42955440384773,0.58133743666086,-0.15178303281313,0.455324038840374,0.35655093737582,0.09877310146455398,0.4368107186356319,0.20149174836172,0.2353189702739119
LK00124__TN00095,recursive_lag_1;semantic_neighborhood,22,4,2025-10-01,2025-10-07,6,6,1.0,False,False,True,0.7771285254691767,hoch,0.6157774011513462,3.5478480601493,1.6829479921387,1.8649000680105998,performanz,methodik,0.75,0.49166666666667,0.372902792800374,0.16940890873698,0.20349388406339397,0.0918305063143324,0.46502250743507,-0.3731920011207376,0.039415665418547,0.38110498526678,-0.341689319848233,0.40424664940530597,0.32024657656128,0.08400007284402594,0.396697203139758,0.59419542616704,-0.19749822302728204,0.47971516493494404,0.22938707149704,0.2503280934379041,0.47255069174099,0.31869919263897,0.15385149910202
LK00126__TN00085,temporal_window;semantic_neighborhood,10,5,2025-10-02,2025-10-01,-1,1,,False,True,True,0.9093553549902226,hoch,0.8683789847370691,3.82678476531705,2.1081293594746,1.7186554058424504,kognition,kognition,0.33214285714286,0.53214285714286,0.5197677266445825,0.47435419227541,0.045413534369172504,0.1316407824599795,0.46306004484028,-0.3314192623803005,0.15885957267968376,0.17236203421898,-0.01350246153929624,0.373905704985205,0.20887000971367,0.16503569527153497,0.422788691606465,0.47435419227541,-0.051565500668945,0.43772352534899,0.47435419227541,-0.036630666926419975,0.38074851733302495,0.19288427343399,0.18786424389903494
LK00132__TN00046,semantic_neighborhood,13,2,2025-10-07,2025-09-22,-15,15,,False,False,True,0.9101212759311731,hoch,0.6266309402808897,4.0354081927899,1.9508428720646,2.0845653207253,regulation,methodik,0.8,0.4625,0.4544685082491,0.29447173477583,0.15999677347327002,0.06755660769978,0.35659057093627,-0.28903396323649,0.14591211561303202,0.36228155312923,-0.21636943751619797,0.3720824213854075,0.34395389257872,0.02812852880668748,0.43331915039980506,0.51259894572089,-0.07927979532108498,0.45408890971264004,0.35524299029029,0.09884591942235005,0.4489975108029025,0.38421620976988,0.06478130103302249
LK00136__TN00224,recursive_lag_1;semantic_neighborhood,22,4,2025-10-15,2025-11-25,41,41,1.0,False,True,True,0.8728228496605868,hoch,0.7150265157550237,3.20961086829868,1.8531269407679,1.35648392753078,methodik,methodik,0.7825,0.525,0.458955823821982,0.32377706377071,0.135178760051272,0.056734045256508006,0.38544888544132,-0.328714840184812,0.0840334817513736,0.36351075782467,-0.2794772760732964,0.340744008097102,0.3168698197436,0.02387418835350197,0.43899015365266403,0.53962843961784,-0.10063828596517599,0.46375343537485403,0.36393545927715,0.09981797609770404,0.454217410666162,0.30067115512889,0.15354625553727203
LK00137__TN00098,exact_sync;temporal_window;recursive_lag_1;semantic_neighborhood,2,1,2025-10-20,2025-10-20,0,0,1.0,False,True,True,0.9429212843495886,hoch,0.9343033531961369,3.72798699250554,1.8242888017872,1.90369819071834,kognition,kognition,0.474,0.4,0.5434430219322121,0.48751146242244,0.05593155950977208,0.09888552656165958,0.39896428999868,-0.30007876343702045,0.16548746727659996,0.26622519474385,-0.10073772746725002,0.30506660159687,0.27291664955577,0.032149952041099994,0.447635262446226,0.3865962213972,0.061039041049025966,0.45194095183549604,0.45637408850117,-0.004433136665673965,0.387120070409018,0.3163333198404,0.07078675056861805
LK00138__TN00074,semantic_neighborhood,16,2,2025-10-20,2025-09-29,-21,21,,False,False,True,0.9174275723603199,hoch,0.627474958792199,3.73807545395182,2.1700399070159,1.5680355469359197,kognition,methodik,0.76111111111111,0.53888888888889,0.533856993263618,0.36669587407664,0.167161119186978,0.1003101413061194,0.43685832527697,-0.3365481839708506,0.1940992744771724,0.32129453474168,-0.12719526026450761,0.321584122729466,0.29911892292962,0.022465199799846014,0.43288544713527,0.46082101822465,-0.027935571089379996,0.43203165167289603,0.40509382532307,0.026937826349826055,0.37001894523936196,0.3248532166807,0.045165728558661966
LK00139__TN00102,exact_sync;temporal_window;recursive_lag_1;semantic_neighborhood,20,2,2025-10-20,2025-10-20,0,0,1.0,False,False,True,0.933002906992709,hoch,0.831575799422995,3.6240096394819004,1.9853909963942,1.6386186430877003,kognition,methodik,0.7,0.3,0.430795255306105,0.34507378338973,0.08572147191637502,0.21161132346299574,0.3923395288099,-0.18072820534690423,0.1321439113618405,0.36348843508097,-0.2313445237191295,0.42040271430264253,0.35089645696039,0.06950625734225252,0.40244136027530747,0.50367912482352,-0.10123776454821248,0.4305915993112625,0.35843212138604,0.07215947792522248,0.432873117120015,0.29929143785566,0.13358167926435505
LK00140__TN00100,exact_sync;temporal_window;recursive_lag_1;semantic_neighborhood,21,2,2025-10-20,2025-10-20,0,0,1.0,False,False,True,0.7515963542925975,hoch,0.7816889974304644,3.8286627816225396,1.3425690677206,2.4860937139019397,performanz,methodik,0.7,0.3,0.506736202218324,0.14896812734602,0.35776807487230405,0.09443682814416401,0.58019165387397,-0.485754825729806,0.1821233862619732,0.29476378531338,-0.1126403990514068,0.339914792762812,0.21387566854679,0.126039124216022,0.44509886342440996,0.61155336489419,-0.16645450146978003,0.453748758379636,0.20439812821896,0.24935063016067602,0.39535665821340993,0.30460061828384,0.09075603992956993
LK00141__TN00103,exact_sync;temporal_window;recursive_lag_1;semantic_neighborhood,23,2,2025-10-20,2025-10-20,0,0,1.0,False,False,True,0.9276527932423485,hoch,0.8301045181416459,3.573101856396275,1.7066519723885,1.866449884007775,kognition,methodik,0.84,0.62,0.4895669584570725,0.35156552674809,0.1380014317089825,0.17351450221895776,0.36384241815834,-0.19032791593938225,0.15771583188579402,0.42531776501795,-0.26760193313215597,0.3756593774313725,0.36272506884714,0.012934308584232501,0.41297807711838497,0.45641840314665,-0.04344032602826503,0.424723169828645,0.35156552674809,0.073157643080555,0.400879473226605,0.31565743907045,0.08522203415615498
LK00147__TN00223,recursive_lag_2;semantic_neighborhood,15,4,2025-10-21,2025-11-25,35,35,2.0,False,False,True,0.7997852126186962,hoch,0.5949426484579621,3.43594536282894,1.2131734735068,2.22277188932214,kognition,methodik,,,0.5255963170982341,0.066644272668964,0.45895204442927007,0.1324683142757614,0.026030034477352,0.10643827979840939,0.181200356246406,0.49457065506968,-0.313370298823274,0.333690841455722,0.49457065506968,-0.16087981361395803,0.46421100885885797,0.58133743666086,-0.11712642780200205,0.41572644080501,0.35655093737582,0.05917550342918998,0.37813391667930196,0.20149174836172,0.17664216831758195
LK00152__TN00105,temporal_window;semantic_neighborhood,7,4,2025-10-22,2025-10-21,-1,1,,False,False,True,0.8282268242058038,hoch,0.746068638771354,3.39190825664796,1.3930592509199,1.9988490057280601,kognition,sozial,0.33333333333333,0.68333333333333,0.46805483619199,0.21688069560435,0.25117414058764,0.14566249339730558,0.58938816166461,-0.4437256682673045,0.235037034612324,0.29074613673932,-0.05570910212699598,0.39308706376468405,0.39355163104883,-0.00046456728414595583,0.33714715353929003,0.40048169959262,-0.06333454605332994,0.511688890471424,0.2504108915838,0.261277998887624,0.35616154838524394,0.37825513699838,-0.02209358861313604
LK00155__TN00224,recursive_lag_1;semantic_neighborhood,22,4,2025-10-22,2025-11-25,34,34,1.0,False,False,True,0.8847070714709474,hoch,0.6182968381128218,3.0549972041985,1.8531269407679,1.2018702634306,performanz,methodik,0.7825,0.525,0.44867362203069805,0.32377706377071,0.12489655825998802,0.0572661685926484,0.38544888544132,-0.3281827168486716,0.1373602562077392,0.36351075782467,-0.22615050161693082,0.366901260079738,0.3168698197436,0.05003144033613799,0.422961821006698,0.53962843961784,-0.11666661861114203,0.519762808434882,0.36393545927715,0.155827349157732,0.4177019070771159,0.30067115512889,0.11703075194822593
LK00158__TN00054,semantic_neighborhood,10,5,2025-10-23,2025-09-24,-29,29,,False,True,True,0.9368658955428683,hoch,0.7326507934155038,3.91870791951145,2.1070641331723,1.81164378633915,kognition,kognition,0.38888888888889,0.53333333333333,0.5333343501495349,0.4745940020439,0.05874034810563489,0.17163237719842275,0.45143381474416,-0.2798014375457373,0.1340001718073085,0.18046858521376,-0.0464684134064515,0.3417921182539825,0.18876976431296,0.15302235394102248,0.42809180779837247,0.4745940020439,-0.04650219424552754,0.45300393725155,0.4745940020439,-0.021590064792349983,0.3473525144088401,0.22866170527744,0.11869080913140007
LK00164__TN00109,temporal_window;semantic_neighborhood,22,6,2025-10-23,2025-10-22,-1,1,,False,False,True,0.8486411431672982,hoch,0.7516825764857649,4.1185508933207,1.7598119964806,2.3587388968400997,regulation,methodik,0.8125,0.54375,0.42872361433851,0.22004284725163,0.20868076708687996,0.09092605118281175,0.41004380072024,-0.3191177495374282,0.10754385678202,0.39236999387944,-0.28482613709742,0.4047721551277775,0.33740752442527,0.06736463070250748,0.45091508877648245,0.56824251762782,-0.11732742885133751,0.4353580379350125,0.21936804168888,0.2159899962461325,0.47874319298606,0.38029630492242,0.09844688806363999
LK00165__TN00236,recursive_lag_1;semantic_neighborhood,4,7,2025-10-24,2025-11-27,34,34,1.0,False,False,True,0.9206499681262825,hoch,0.6281811346930389,3.964406317348575,1.271647519905,2.6927587974435747,performanz,affektiv,0.85,0.5,0.460062254238725,0.32459148518849,0.13547076905023497,0.21114133335748275,0.38077416764922,-0.16963283429173726,0.1556793511757989,0.44306768712525,-0.2873883359494511,0.392526676436855,0.39974389520421,-0.007217218767354983,0.41298427063112253,0.38905186694594,0.023932403685182513,0.44428044479687,0.28894945684604,0.15533098795083,0.375764074789535,0.39836427865475,-0.022600203865214996
LK00169__TN00098,semantic_neighborhood,2,1,2025-10-27,2025-10-20,-7,7,,False,True,True,0.9330419920453316,hoch,0.7509809413853471,3.817060747623525,1.8242888017872,1.9927719458363249,kognition,kognition,0.474,0.4,0.568836318940935,0.48751146242244,0.08132485651849503,0.0737618641847082,0.39896428999868,-0.3252024258139718,0.16449816617226248,0.26622519474385,-0.1017270285715875,0.317495159269135,0.27291664955577,0.04457850971336502,0.46929852149365503,0.3865962213972,0.08270230009645502,0.43293988199442246,0.45637408850117,-0.023434206506747546,0.3424598425905925,0.3163333198404,0.026126522750192505
LK00170__TN00124,exact_sync;temporal_window;recursive_lag_1;semantic_neighborhood,16,2,2025-10-27,2025-10-27,0,0,1.0,False,False,True,0.7738167620040628,hoch,0.7877996095511173,3.203746383335575,1.5806520246861,1.623094358649475,kognition,methodik,0.0625,0.525,0.5159049360712524,0.18037264264724,0.3355322934240124,0.11220791386559426,0.56605554389296,-0.4538476300273657,0.2300032102646025,0.1736458624354,0.05635734782920249,0.3392615687278525,0.298610948096,0.04065062063185254,0.39901808131785754,0.63265031376272,-0.23363223244486242,0.48169572741685246,0.2442324467084,0.23746328070845246,0.27820774513089747,0.26044104583232,0.017766699298577493
LK00171__TN00126,exact_sync;temporal_window;recursive_lag_1;semantic_neighborhood,20,2,2025-10-27,2025-10-27,0,0,1.0,False,False,True,0.8664056359942376,hoch,0.8132615498984154,3.33992918486418,1.9200468497239,1.41988233514028,kognition,methodik,0.85,0.75,0.5084932309425321,0.31249237474273,0.19600085619980206,0.0623443670591148,0.40569185492915,-0.3433474878700352,0.13990677536458257,0.3849491329296,-0.2450423575650174,0.329685680842848,0.35992425305189,-0.030238572209042025,0.42924723741443394,0.52082062457121,-0.0915733871567761,0.46760350896629593,0.31249237474273,0.15511113422356593,0.417891262060754,0.30187037516266,0.11602088689809398
LK00172__TN00125,exact_sync;temporal_window;recursive_lag_1;semantic_neighborhood,21,2,2025-10-27,2025-10-27,0,0,1.0,False,False,True,0.8848679030394085,hoch,0.8183386733358374,3.588355673630975,2.1399999609142,1.4483557127167748,kognition,methodik,0.6,0.35,0.53951472615176,0.28037383676554,0.25914088938622,0.089782728264181,0.41318249628606,-0.32339976802187903,0.18327992149010375,0.33982347437601,-0.15654355288590627,0.34592886960877245,0.38340009583097,-0.03747122622219756,0.44364573447290245,0.46728972794256,-0.023643993469657565,0.45113257829323,0.31514888628685,0.13598369200638,0.31912835411570495,0.41293655432398,-0.09380820020827507
LK00173__TN00127,exact_sync;temporal_window;recursive_lag_1,23,2,2025-10-27,2025-10-27,0,0,1.0,False,False,False,0.23893296387385252,niedrig,0.5407065650653095,2.1951954355811,1.5607701950987,0.6344252404824,performanz,affektiv,0.825,0.5875,0.1170219591378675,0.38442558776413,-0.2674036286262625,0.046760559471798246,0.39662957467728,-0.34986901520548175,-0.07858716448906876,0.43238043173486,-0.5109675962239287,0.04366273209299501,0.35543349135359,-0.31177075926059494,0.07545186506192,0.38442558776413,-0.30897372270221,-0.12464619382676499,0.38442558776413,-0.509071781590895,0.10335132972581426,0.29334293429956,-0.18999160457374573
LK00177__TN00223,recursive_lag_2;semantic_neighborhood,15,4,2025-10-28,2025-11-25,28,28,2.0,False,False,True,0.8248851556863015,hoch,0.6018611032114649,2.85907667979682,1.2131734735068,1.64590320629002,kognition,methodik,,,0.41211641072295,0.066644272668964,0.345472138053986,0.16929864092349217,0.026030034477352,0.14326860644614017,0.243381832282342,0.49457065506968,-0.251188822787338,0.396581129938538,0.49457065506968,-0.09798952513114201,0.338556950803454,0.58133743666086,-0.24278048585740603,0.408099839434718,0.35655093737582,0.051548902058898005,0.446793231404164,0.20149174836172,0.24530148304244398
LK00182__TN00077,semantic_neighborhood,7,4,2025-10-29,2025-09-30,-29,29,,False,False,True,0.9398549217574265,hoch,0.6334727756245072,3.143684800882,1.382420184349,1.7612646165330001,kognition,methodik,0.36,0.45,0.437014889123445,0.52021009515905,-0.08319520603560504,0.19475129410471623,0.28173321565917,-0.08698192155445375,0.1962535942467675,0.27806614761061,-0.0818125533638425,0.419161389244335,0.31951479614151,0.09964659310282498,0.4069551605140275,0.57108084255237,-0.1641256820383425,0.4162163479041825,0.33308622165613,0.0831301262480525,0.41336288805467997,0.18307813483424,0.23028475322043998
LK00184__TN00224,recursive_lag_1;semantic_neighborhood,22,4,2025-10-29,2025-11-25,27,27,1.0,False,False,True,0.9171344615714265,hoch,0.6272366588929597,3.43172748147664,1.8531269407679,1.5786005407087398,kognition,methodik,0.7825,0.525,0.501914049572328,0.32377706377071,0.17813698580161796,0.135258216666151,0.38544888544132,-0.250190668775169,0.1940969692901058,0.36351075782467,-0.1694137885345642,0.377747007604182,0.3168698197436,0.060877187860581994,0.387987261164478,0.53962843961784,-0.151641178453362,0.44416523961519,0.36393545927715,0.08022978033804001,0.373751031376948,0.30067115512889,0.073079876248058
LK00186__TN00134,temporal_window;semantic_neighborhood,10,5,2025-10-30,2025-10-29,-1,1,,False,False,True,0.8952845446184327,hoch,0.7645095118848269,4.08783958692864,1.9324725746579,2.15536701227074,performanz,methodik,0.41608695652174,0.52173913043478,0.43070114766966194,0.41177540673775,0.01892574093191196,0.1731399937901204,0.48142718261835,-0.3082871888282296,0.23179610929452604,0.20948126597948,0.022314843315046046,0.42098342093278796,0.21302885173051,0.20795456920227795,0.36601670520639595,0.51747176782551,-0.151455062619114,0.47779222825240397,0.4548937866001,0.02289844165230398,0.394568204664702,0.18627882637957,0.208289378285132
LK00190__TN00144,exact_sync;temporal_window;recursive_lag_1;semantic_neighborhood,2,1,2025-11-03,2025-11-03,0,0,1.0,False,False,True,0.9135661946980144,hoch,0.8262307035419539,3.5351868474023247,1.7162871291537,1.8188997182486246,kognition,sozial,0.81666666666667,0.58333333333333,0.471535411487215,0.34959185410094,0.12194355738627499,0.1818770369318835,0.46723228754443,-0.2853552506125465,0.2390492414943925,0.41079522231712,-0.17174598082272752,0.37987456879169496,0.36461135598083,0.015263212810864957,0.396155276287765,0.45998928171176,-0.06383400542399503,0.427814968295885,0.27913148040617,0.14868348788971503,0.39140091110346,0.26130603824783,0.13009487285562998
LK00191__TN00145,exact_sync;temporal_window;recursive_lag_1;semantic_neighborhood,43,1,2025-11-03,2025-11-03,0,0,1.0,False,False,True,0.8207107810111833,hoch,0.8006954647780754,3.337677391591067,1.0257594660276,2.311917925563467,regulation,methodik,-0.76666666666667,0.85,0.39447453994616666,0.40240033917787,-0.007925799231703334,0.13913004829428702,0.4002169407016,-0.261086892407313,0.159288937371704,-0.225676066508,0.384965003879704,0.42905723896884,0.2115866770072,0.21747056196164002,0.3536704270322934,0.58493245179464,-0.23126202476234664,0.47379356826992,0.40355804813739,0.07023552013252998,0.4308647400005934,0.27784291460246,0.15302182539813336
LK00192__TN00151,exact_sync;temporal_window;recursive_lag_1;semantic_neighborhood,16,2,2025-11-03,2025-11-03,0,0,1.0,False,False,True,0.8487008958396555,hoch,0.8083927463559052,3.60971178646475,1.7863613538153,1.82335043264945,kognition,methodik,0.76428571428571,0.59285714285714,0.4762644037622925,0.22153674551025,0.2547276582520425,0.13052589014457727,0.49582033518961,-0.3652944450450327,0.17216641200313676,0.35568835461075,-0.18352194260761323,0.38237130982672995,0.30598655900675,0.07638475081997997,0.4201234791820075,0.55979715263343,-0.1396736734514225,0.43660156147345497,0.26818189172671,0.168419669746745,0.42727253453882497,0.31566961436999,0.11160292016883494
LK00193__TN00148,exact_sync;temporal_window;recursive_lag_1;semantic_neighborhood,20,2,2025-11-03,2025-11-03,0,0,1.0,False,False,True,0.8909503266460727,hoch,0.8200113398276699,3.6991936127475595,1.8697917847545,1.8294018279930595,kognition,methodik,0.7,0.3,0.46246149252467994,0.3208913444648,0.14157014805987994,0.1119399221455392,0.41659578053325,-0.3046558583877108,0.0931166147811586,0.34634476283747,-0.25322814805631144,0.39416613442696,0.33693591168804,0.057230222738920034,0.436669319842928,0.53481890744134,-0.09814958759841197,0.447913102590822,0.3208913444648,0.127021758126022,0.39734447450097,0.31779502447435,0.07954945002662
LK00194__TN00149,exact_sync;temporal_window;recursive_lag_1;semantic_neighborhood,21,2,2025-11-03,2025-11-03,0,0,1.0,False,False,True,0.7960783335517753,hoch,0.7939215417267381,3.58267956702016,1.5290329739297,2.05364659309046,kognition,methodik,0.8,0.4,0.534721247340796,0.13080162643922,0.40391962090157596,0.14777963492653318,0.4609200169763,-0.3131403820497668,0.1723289697274652,0.40015608681035,-0.22782711708288478,0.346041815850714,0.37870185178593,-0.03266003593521605,0.423739787600952,0.57828087478392,-0.154541087182968,0.41903540045070403,0.17947199906777,0.23956340138293403,0.385166350842692,0.31667762190548,0.06848872893721203
LK00195__TN00152,exact_sync;temporal_window;recursive_lag_1;semantic_neighborhood,23,2,2025-11-03,2025-11-03,0,0,1.0,False,False,True,0.8913991836279643,hoch,0.8201347754976901,3.5087209692637504,1.7473411868575,1.7613797824062505,regulation,performanz,0.75,0.6,0.473392842926285,0.39208506486291,0.08130777806337497,0.096547925922155,0.39759655809243,-0.301048632170275,0.10869065033103249,0.39530959696985,-0.28661894663881754,0.355322823502245,0.36926852049385,-0.013945696991605028,0.41613388198847,0.34337884562528,0.07275503636319003,0.42988932677498504,0.40726328202068,0.02262604475430502,0.50936959947114,0.33434256021409,0.17502703925705004
LK00201__TN00223,recursive_lag_2;semantic_neighborhood,15,4,2025-11-04,2025-11-25,21,21,2.0,False,False,True,0.8272338039711788,hoch,0.6026716724851852,3.752915234834575,1.2131734735068,2.5397417613277753,kognition,methodik,,,0.50141977240076,0.066644272668964,0.43477549973179597,0.16015391282907,0.026030034477352,0.134123878351718,0.2240179080838555,0.49457065506968,-0.27055274698582454,0.37666646407772997,0.49457065506968,-0.11790419099195004,0.4242030219554175,0.58133743666086,-0.15713441470544254,0.4271091191125475,0.35655093737582,0.07055818173672751,0.29827007986029724,0.20149174836172,0.09677833149857723
LK00202__TN00158,temporal_window;recursive_lag_1;semantic_neighborhood,15,0,2025-11-05,2025-11-06,1,1,1.0,False,False,True,0.8568412064545204,hoch,0.7539375938897509,2.44585348937515,1.3916261230337,1.0542273663414499,motivation,sozial,0.8,0.45,0.4638640898297575,0.16817918918704,0.2956849006427175,0.17225000407594,0.50985232115879,-0.33760231708285,0.17662115175437154,0.40546406554181,-0.22884291378743848,0.4082884974377,0.29761346062273,0.11067503681497004,0.3677563343347675,0.43115028500676,-0.0633939506719925,0.460390388506605,0.39104328175032,0.06934710675628503,0.34112553422132,0.34639005852248,-0.0052645243011599785
LK00208__TN00077,semantic_neighborhood,7,4,2025-11-05,2025-09-30,-36,36,,False,False,True,0.9562347104874483,hoch,0.6379657742265189,3.9643620307514746,1.382420184349,2.581941846402475,kognition,methodik,0.36,0.45,0.47110039958476,0.52021009515905,-0.04910969557429001,0.17332187174683975,0.28173321565917,-0.10841134391233023,0.22105759150857401,0.27806614761061,-0.05700855610203598,0.38594260693654003,0.31951479614151,0.06642781079503002,0.44436343212499496,0.57108084255237,-0.12671741042737505,0.41821053126470004,0.33308622165613,0.08512430960857004,0.38642181389717,0.18307813483424,0.20334367906293002
LK00210__TN00097,semantic_neighborhood,13,4,2025-11-05,2025-10-07,-29,29,,False,True,True,0.8574954675800642,hoch,0.7108239257257325,3.1067784056220336,2.3166081162212,0.7901702894008333,performanz,performanz,,,0.21530950370153998,0.38758058980755,-0.17227108610601002,0.034035993104996,0.38168325481671,-0.347647261711714,0.03743638114052433,0.38088139923937,-0.34344501809884564,0.13227601892947669,0.38849902722415,-0.25622300829467326,0.17157751792491002,0.25899935148277,-0.08742183355785996,0.1375274265258,0.43166558580462,-0.29413815927882003,0.08597127497932666,0.39329531151087,-0.30732403653154333
LK00212__TN00224,recursive_lag_1;semantic_neighborhood,22,4,2025-11-05,2025-11-25,20,20,1.0,False,False,True,0.9367242543011861,hoch,0.6328536966930942,3.47721573264488,1.8531269407679,1.62408879187698,kognition,methodik,0.7825,0.525,0.5221536129750279,0.32377706377071,0.1983765492043179,0.1721600877082016,0.38544888544132,-0.2132887977331184,0.27210424897820806,0.36351075782467,-0.09140650884646195,0.359034561510688,0.3168698197436,0.04216474176708801,0.388658912171102,0.53962843961784,-0.15096952744673803,0.44157717753746406,0.36393545927715,0.07764171826031407,0.3158726010490318,0.30067115512889,0.015201445920141832
LK00214__TN00054,semantic_neighborhood,10,5,2025-11-06,2025-09-24,-43,43,,False,True,True,0.8965077795585357,hoch,0.7215397585418699,3.29859003401402,2.1070641331723,1.1915259008417198,kognition,kognition,0.38888888888889,0.53333333333333,0.385651004556832,0.4745940020439,-0.08894299748706802,0.04947462092275521,0.45143381474416,-0.40195919382140477,0.1048447532534044,0.18046858521376,-0.0756238319603556,0.22230957993333597,0.18876976431296,0.03353981562037597,0.289281649799924,0.4745940020439,-0.18531235224397602,0.221781140962844,0.4745940020439,-0.25281286108105605,0.147972871450612,0.22866170527744,-0.08068883382682801
LK00219__TN00286,semantic_neighborhood,22,6,2025-11-06,2025-12-10,34,34,,False,False,True,0.9234467654699616,hoch,0.6289502539625507,3.9293475908799502,1.569247589795,2.36010000108495,kognition,methodik,0.73333333333333,0.43333333333333,0.54273794544605,0.38234884254054,0.16038910290551,0.09356438259594,0.39145238641055,-0.29788800381461,0.20602163897961,0.33977524801652,-0.13375360903690997,0.31794946184017003,0.26622808295416,0.05172137888601003,0.432778316660745,0.52321420558179,-0.09043588892104498,0.45332213637078,0.38234884254054,0.07097329383023998,0.3588765603869375,0.30709287988177,0.05178368050516752
LK00223__TN00171,exact_sync;temporal_window;recursive_lag_1;semantic_neighborhood,2,1,2025-11-10,2025-11-10,0,0,1.0,False,False,True,0.8017626760905342,hoch,0.795484735924897,4.1649784045348754,1.6053593605223,2.5596190440125755,kognition,sozial,0.82,0.4875,0.4904148817314425,0.24121330826886,0.24920157346258248,0.04353983518251475,0.4983307907093,-0.4547909555267852,0.15396448757075876,0.4072652100299,-0.25330072245914126,0.3607956538725025,0.35975330332622,0.001042350546282489,0.43410008365609004,0.43931793391478,-0.005217850258689982,0.4849928341360875,0.24047357923763,0.24451925489845752,0.4051158209921675,0.38388459434299,0.02123122664917748
LK00224__TN00172,exact_sync;temporal_window;recursive_lag_1;semantic_neighborhood,43,1,2025-11-10,2025-11-10,0,0,1.0,False,False,True,0.9034113437040794,hoch,0.8234381195186219,3.23476433535984,1.788301181528,1.44646315383184,kognition,sozial,0.765,0.7,0.478427457127436,0.33551395361257,0.14291350351486598,0.1310484749782606,0.44735193815009,-0.3163034631718294,0.18588834636195056,0.40281699478037,-0.2169286484184194,0.406303423065026,0.4188915010433,-0.012588077978273993,0.368789343300732,0.27076564677505,0.09802369652568199,0.437790085359368,0.33551395361257,0.10227613174679795,0.39999409554173804,0.40458788881255,-0.004593793270811941
LK00225__TN00174,exact_sync;temporal_window;recursive_lag_1;semantic_neighborhood,16,2,2025-11-10,2025-11-10,0,0,1.0,False,False,True,0.8473024150996937,hoch,0.8080081641524158,4.2031149809180395,1.9775780290892,2.2255369518288397,kognition,methodik,0.8,0.56,0.491867792348842,0.2517586324536,0.240109159895242,0.1021768639842138,0.49700043583758,-0.39482357185336625,0.163536918551705,0.36965350827823,-0.20611658972652502,0.360963924373272,0.35915527223244,0.0018086521408320344,0.44292717479957,0.50566904809056,-0.06274187329099001,0.45872664185874196,0.27988193824547,0.17884470361327198,0.398705855548114,0.29989472393388,0.098811131614234
LK00226__TN00176,exact_sync;temporal_window;recursive_lag_1;semantic_neighborhood,20,2,2025-11-10,2025-11-10,0,0,1.0,False,False,True,0.9384357673361817,hoch,0.8330698360174501,3.4461608239854997,1.8697917847545,1.5763690392309997,kognition,methodik,0.7,0.3,0.4544220973397834,0.3208913444648,0.1335307528749834,0.19150137436136735,0.41659578053325,-0.22509440617188267,0.27642594556593664,0.34634476283747,-0.06991881727153337,0.4092027735177333,0.33693591168804,0.07226686182969333,0.38245509360753,0.53481890744134,-0.15236381383380998,0.45715900353767003,0.3208913444648,0.13626765907287003,0.3168453183303033,0.31779502447435,-0.0009497061440466581
LK00227__TN00173,exact_sync;temporal_window;recursive_lag_1;semantic_neighborhood,21,2,2025-11-10,2025-11-10,0,0,1.0,False,False,True,0.9010147556283205,hoch,0.8227790577977881,2.99946035356195,1.8046380624753,1.19482229108665,kognition,methodik,0.82,0.5,0.32228215119582504,0.2145771223552,0.10770502884062505,0.18335955015893424,0.40213841235108,-0.21877886219214576,0.07857315244518023,0.38922342469865,-0.31065027225346975,0.20898541283335997,0.36493269309812,-0.15594728026476,0.27713691791190503,0.48996557493252,-0.212828657020615,0.09839548664301748,0.28092987422072,-0.18253438757770254,0.2776625023347917,0.4342611554015,-0.15659865306670828
LK00228__TN00175,exact_sync;temporal_window;recursive_lag_1;semantic_neighborhood,23,2,2025-11-10,2025-11-10,0,0,1.0,False,False,True,0.911343781756957,hoch,0.8256195399831633,3.42517812145674,1.859441037205,1.56573708425174,performanz,methodik,0.9,0.6,0.43114053654156803,0.32267761530057,0.10846292124099804,0.1348218358397642,0.41891479881126,-0.2840929629714958,0.217392636198008,0.39717232401811,-0.17977968782010198,0.40542088395522596,0.36416473726778,0.04125614668744598,0.3544276287524554,0.47552490675873,-0.12109727800627457,0.4814720610019,0.32267761530057,0.15879444570133,0.39127070930114394,0.31588440234687,0.07538630695427395
LK00232__TN00178,exact_sync;temporal_window;recursive_lag_1,42,3,2025-11-11,2025-11-11,0,0,1.0,False,True,False,,nicht_berechenbar,0.30000000000000004,3.1944836958664,0.0,3.1944836958664,kognition,kognition,,,0.53194057292595,0.0,0.53194057292595,0.057444632292702,0.0,0.057444632292702,0.1471315069605245,0.0,0.1471315069605245,0.30938162358481497,0.0,0.30938162358481497,0.4823518533234025,0.0,0.4823518533234025,0.4426223671012675,0.0,0.4426223671012675,0.3861616080918125,0.0,0.3861616080918125
LK00233__TN00223,recursive_lag_2;semantic_neighborhood,15,4,2025-11-11,2025-11-25,14,14,2.0,False,False,True,0.8262977062084578,hoch,0.6041125817176249,3.8536684168651,1.2131734735068,2.6404949433583003,kognition,methodik,,,0.4845861178327067,0.066644272668964,0.4179418451637427,0.14943469243949434,0.026030034477352,0.12340465796214234,0.24310192126086197,0.49457065506968,-0.25146873380881807,0.40857323069618334,0.49457065506968,-0.08599742437349667,0.38411340083406004,0.58133743666086,-0.19722403582679998,0.43217330233442003,0.35655093737582,0.07562236495860003,0.39636839171889005,0.20149174836172,0.19487664335717003
LK00234__TN00219,recursive_lag_1;semantic_neighborhood,45,4,2025-11-11,2025-11-25,14,14,1.0,False,False,True,0.8756368537492404,hoch,0.6176808472913402,3.73297029092905,1.5129004089405,2.2200698819885503,kognition,performanz,0.71666666666667,0.49166666666667,0.54587911103601,0.39658922428583,0.14928988675017996,0.052795838220003,0.4336042185525,-0.380808380332497,0.15241889959321597,0.3731415302136,-0.22072263062038405,0.3183372543581675,0.25104465109537,0.06729260326279751,0.424275865618015,0.27135052187978,0.15292534373823502,0.4713788465328325,0.44577858543756,0.025600261095272525,0.38680682327475246,0.42437801090419,-0.03757118762943751
LK00238__TN00077,semantic_neighborhood,7,4,2025-11-12,2025-09-30,-43,43,,False,False,True,0.9393349119602332,hoch,0.6333172199523367,3.8723167200021753,1.382420184349,2.489896535653175,kognition,methodik,0.36,0.45,0.473478918995595,0.52021009515905,-0.04673117616345501,0.15039341304077025,0.28173321565917,-0.13133980261839973,0.21354838596669,0.27806614761061,-0.06451776164391998,0.3900227126852275,0.31951479614151,0.07050791654371746,0.39388370285966745,0.57108084255237,-0.17719713969270257,0.4323852690017525,0.33308622165613,0.0992990473456225,0.40462902124409744,0.18307813483424,0.22155088640985746
LK00240__TN00097,semantic_neighborhood,13,4,2025-11-12,2025-10-07,-36,36,,False,False,True,0.9226657006649323,hoch,0.628734296525327,2.908045268533675,2.3166081162212,0.5914371523124746,methodik,performanz,,,0.49760293018100255,0.38758058980755,0.11002234037345254,0.11065332828058852,0.38168325481671,-0.27102992653612146,0.2159168097973425,0.38088139923937,-0.16496458944202746,0.35088815077212,0.38849902722415,-0.037610876452029984,0.44892944509417754,0.25899935148277,0.18993009361140756,0.4213099089692275,0.43166558580462,-0.010355676835392513,0.36715518375155,0.39329531151087,-0.02614012775932001
LK00241__TN00224,recursive_lag_1;semantic_neighborhood,22,4,2025-11-12,2025-11-25,13,13,1.0,False,False,True,0.9055912165834437,hoch,0.6266623303078352,3.7434973674509004,1.8531269407679,1.8903704266830004,kognition,methodik,0.7825,0.525,0.4780490560693941,0.32377706377071,0.15427199229868405,0.1040115887234104,0.38544888544132,-0.2814372967179096,0.17241728207287202,0.36351075782467,-0.191093475751798,0.39397006831940595,0.3168698197436,0.07710024857580594,0.39720095082091605,0.53962843961784,-0.14242748879692396,0.46316531419095003,0.36393545927715,0.09922985491380004,0.39773590786018,0.30067115512889,0.09706475273129
LK00242__TN00189,exact_sync;temporal_window;recursive_lag_1;semantic_neighborhood,5,6,2025-11-12,2025-11-12,0,0,1.0,False,False,True,0.8246662078544881,hoch,0.8017832071599843,3.2282630779516603,1.5795081544641,1.6487549234875603,kognition,sozial,0.695,0.54375,0.31844470318801,0.18050326742058,0.13794143576742998,0.10577661691171761,0.57072412796075,-0.4649475110490324,0.125132405350948,0.38866332568887,-0.263530920337922,0.25015703349248597,0.33502469777926,-0.084867664286774,0.22988707112940338,0.42651518334729,-0.19662811221788662,0.238269579469836,0.29152436768759,-0.05325478821775398,0.1568013311795858,0.33390140986327,-0.1771000786836842
LK00244__TN00185,temporal_window;semantic_neighborhood,10,5,2025-11-13,2025-11-12,-1,1,,False,False,True,0.8951261074042194,hoch,0.7644659416509182,3.8757003118551663,1.8093409162582,2.066359395596966,kognition,methodik,0.16235294117647,0.54411764705882,0.43533612921247333,0.43979809070858,-0.00446196149610667,0.23341178991175668,0.4868913163625,-0.25347952645074334,0.2091102049912437,0.12039719552831,0.08871300946293369,0.40452003251193,0.18397282791891,0.22054720459302002,0.3901526188691533,0.55268744019527,-0.16253482132611674,0.45451255365346,0.44472059141294,0.00979196224051998,0.37434332207789667,0.13391485083684,0.24042847124105668
LK00250__TN00187,temporal_window;semantic_neighborhood,22,6,2025-11-13,2025-11-12,-1,1,,False,False,True,0.7881079764424548,hoch,0.735035955636433,3.4032051051128605,1.5985647929547,1.8046403121581605,kognition,methodik,0.81666666666667,0.61666666666667,0.567207273403886,0.12511222613956,0.442095047264326,0.15999607940150679,0.48727919654355,-0.3272831171420432,0.2571171857097332,0.38091016189697,-0.12379297618723684,0.329905631940376,0.30901561409933,0.020890017841045994,0.41422061455893006,0.6255611306978,-0.2113405161388699,0.39137837357922206,0.17166561261009,0.21971276096913206,0.3007473135432146,0.29244982860122,0.008297484941994615
LK00251__TN00236,recursive_lag_1;semantic_neighborhood,4,7,2025-11-14,2025-11-27,13,13,1.0,False,False,True,0.9069922741857406,hoch,0.6270476211484669,3.4214126399561997,1.271647519905,2.1497651200511996,kognition,affektiv,0.85,0.5,0.47591311612184606,0.32459148518849,0.15132163093335604,0.1016588242597412,0.38077416764922,-0.2791153433894788,0.2108045940677576,0.44306768712525,-0.23226309305749243,0.39637965040719997,0.39974389520421,-0.0033642447970100298,0.39828450305226004,0.38905186694594,0.009232636106320025,0.456840921488494,0.28894945684604,0.16789146464245397,0.398960031047384,0.39836427865475,0.0005957523926339858
LK00256__TN00203,exact_sync;temporal_window;recursive_lag_1;semantic_neighborhood,2,1,2025-11-17,2025-11-17,0,0,1.0,False,False,True,0.9038973955963695,hoch,0.8235717837890016,4.05302018319664,1.5671719329193,2.48584825027734,kognition,methodik,0.31666666666667,0.66666666666667,0.357423402330394,0.43716095735925,-0.07973755502885599,0.0759789516483258,0.43658931831726,-0.3606103666689342,0.0202943510590774,0.27750217293239,-0.2572078218733126,0.23405097550837403,0.36796643315611,-0.13391545764773596,0.28875134477543,0.45673959454729,-0.16798824977186,0.255327370554362,0.37691950808571,-0.12159213753134801,0.21554358235916599,0.23493390240918,-0.01939032005001401
LK00257__TN00204,exact_sync;temporal_window;recursive_lag_1;semantic_neighborhood,43,1,2025-11-17,2025-11-17,0,0,1.0,False,False,True,0.8683611558931066,hoch,0.8137993178706043,3.69686740701552,1.9247203740782,1.7721470329373201,kognition,affektiv,0.86,0.45,0.532044714044774,0.30289008780332,0.22915462624145405,0.0873646579966808,0.41564479202207,-0.3282801340253892,0.15174374485143943,0.4340398824798,-0.2822961376283606,0.355230596326452,0.40568663554654,-0.05045603922008801,0.41402164161763205,0.41017578160073,0.0038458600169020696,0.411631252039268,0.30690051503955,0.10473073699971797,0.3738594610523906,0.3465438453484,0.027315615703990603
LK00258__TN00206,exact_sync;temporal_window;recursive_lag_1;semantic_neighborhood,20,2,2025-11-17,2025-11-17,0,0,1.0,False,False,True,0.9515521378574923,hoch,0.8366768379108104,3.7655919287432753,1.679526062098,2.086065866645275,kognition,methodik,0.76666666666667,0.48333333333333,0.52556564887034,0.35724363746595,0.16832201140438996,0.1612234502180955,0.365749438358,-0.2045259881399045,0.2624729078831375,0.39482072752387,-0.1323478196407325,0.3478002104828875,0.35377043543503,-0.0059702249521425,0.4401397898468725,0.46378998548211,-0.02365019563523746,0.42600795097897753,0.35724363746595,0.06876431351302753,0.29251475785249725,0.33888528387395,-0.04637052602145275
LK00259__TN00205,exact_sync;temporal_window;recursive_lag_1;semantic_neighborhood,21,2,2025-11-17,2025-11-17,0,0,1.0,False,False,True,0.9436142964317911,hoch,0.8344939315187426,3.878400444287175,2.0387494822009,1.8396509620862753,kognition,sozial,-0.8,0.3,0.5042816765676825,0.34856577707458,0.15571589949310255,0.23415831785597502,0.49049675217082,-0.256338434314845,0.25416681254851925,0.16277225553521,0.09139455701330926,0.37110266860580254,0.33353779147616,0.03756487712964257,0.40283504207805,0.49049675217082,-0.08766171009277002,0.4229230763559425,0.37642774003807,0.046495336317872504,0.3119401080415973,0.34334772651958,-0.031407618477982735
LK00260__TN00207,exact_sync;temporal_window;recursive_lag_1;semantic_neighborhood,23,2,2025-11-17,2025-11-17,0,0,1.0,False,False,True,0.890258485666578,hoch,0.819821083558309,4.088785042722975,1.7460854948077,2.342699547915275,kognition,affektiv,0.845,0.65,0.45375142225787,0.34362578547305,0.11012563678482001,0.09123644887297924,0.39788248844248,-0.30664603956950076,0.13846721465683298,0.42067281557403,-0.28220560091719704,0.37902504550023497,0.3970500499534,-0.018025004453165017,0.4033802068183075,0.38582544333816,0.017554763480147506,0.46628547963738,0.34362578547305,0.12265969416432998,0.47756860869843,0.34936589802584,0.12820271067258998
LK00264__TN00219,recursive_lag_1;semantic_neighborhood,45,4,2025-11-18,2025-11-25,7,7,1.0,False,False,True,0.8887615716121733,hoch,0.6388038257662286,3.6242354379027804,1.5129004089405,2.11133502896228,kognition,performanz,0.71666666666667,0.49166666666667,0.548799364795906,0.39658922428583,0.15221014051007598,0.0869730162831646,0.4336042185525,-0.34663120226933536,0.19632998531288798,0.3731415302136,-0.17681154490071205,0.315562701604594,0.25104465109537,0.06451805050922399,0.44642149754041,0.27135052187978,0.17507097566063,0.4377336768100479,0.44577858543756,-0.008044908627512115,0.334850465726518,0.42437801090419,-0.08952754517767197
LK00266__TN00225,recursive_lag_1;semantic_neighborhood,10,5,2025-11-20,2025-11-26,6,6,1.0,False,False,True,0.8407477164356082,hoch,0.6332726786671148,3.5511860828593598,1.8243494110294,1.7268366718299597,regulation,methodik,0.23571428571429,0.50714285714286,0.34970082592727997,0.38952971025535,-0.039828884328070024,0.0301539416384304,0.51963729850711,-0.48948335686867966,0.052697264990236393,0.14508182180479,-0.09238455681455363,0.21376009426829395,0.19162538950133,0.022134704766963942,0.292648144688636,0.54814061023957,-0.25549246555093397,0.25222621346144997,0.42066604971874,-0.16843983625729003,0.23612234790562203,0.20750085019785,0.02862149770777203
LK00270__TN00286,recursive_lag_3;semantic_neighborhood,22,6,2025-11-20,2025-12-10,20,20,3.0,False,False,True,0.9063787102799802,hoch,0.6245086720872626,3.5550841920001663,1.569247589795,1.9858366022051663,kognition,methodik,0.73333333333333,0.43333333333333,0.5610779037321666,0.38234884254054,0.17872906119162657,0.09820594642882534,0.39145238641055,-0.29324643998172467,0.16342382979355766,0.33977524801652,-0.17635141822296233,0.35357004034104333,0.26622808295416,0.08734195738688333,0.38898906467688327,0.52321420558179,-0.13422514090490673,0.4486780923480833,0.38234884254054,0.06632924980754329,0.38565878055187003,0.30709287988177,0.07856590067010005
LK00271__TN00213,exact_sync;temporal_window;recursive_lag_1;semantic_neighborhood,2,1,2025-11-24,2025-11-24,0,0,1.0,False,False,True,0.9236164872609717,hoch,0.8289945339967671,3.764778436829325,2.059849171986,1.704929264843325,kognition,performanz,0.92,0.5,0.46113017325729244,0.4317605938295,0.029369579427792447,0.0920102111827575,0.3423858247215,-0.2503756135387425,0.15109798831357124,0.40617860649175,-0.2550806181781788,0.39268258589186,0.36942140761174,0.023261178280119976,0.41342312720916496,0.29128346282277,0.12213966438639495,0.47453046751026495,0.44031221124373,0.03421825626653496,0.41212928277310745,0.34085275386454,0.07127652890856745
LK00272__TN00211,exact_sync;temporal_window;recursive_lag_1;semantic_neighborhood,43,1,2025-11-24,2025-11-24,0,0,1.0,False,False,True,0.9273107889565823,hoch,0.83001046696306,2.9427261301299747,1.8701861172332,1.0725400128967748,performanz,methodik,0.7,0.3,0.38357020055135005,0.32082368388385,0.06274651666750003,0.22037453049670225,0.42776491184513,-0.20739038134842774,0.14120039167723214,0.34627173535241,-0.20507134367517788,0.46752989461079003,0.37760438349186,0.08992551111893005,0.34189913914742753,0.47279279730251,-0.13089365815508247,0.471199455927195,0.32082368388385,0.15037577204334496,0.43089290228188754,0.35375032512456,0.07714257715732753
LK00273__TN00217,exact_sync;temporal_window;recursive_lag_1;semantic_neighborhood,16,2,2025-11-24,2025-11-24,0,0,1.0,False,False,True,0.77957735113741,hoch,0.7893837715627877,3.76985279402162,1.8316529034422,1.9381998905794202,kognition,methodik,0.732,0.6,0.5526020055932599,0.15565524575495,0.3969467598383099,0.08155154771364817,0.48848602261667,-0.4069344749030218,0.17967187627744,0.38070988041334,-0.20103800413589998,0.32126699981678,0.38709861530573,-0.06583161548895,0.44998824799122,0.54595496645393,-0.09596671846271004,0.449144613634952,0.21076401030547,0.238380603329482,0.34757470057622203,0.31603671405946,0.03153798651676204
LK00274__TN00215,exact_sync;temporal_window;recursive_lag_1;semantic_neighborhood,20,2,2025-11-24,2025-11-24,0,0,1.0,False,True,True,0.9264478012230344,hoch,0.9297731453363345,3.524214929100125,2.1280654824312,1.3961494466689248,kognition,kognition,0.575,0.6,0.5084966077113975,0.46991035181289,0.038586255898507504,0.0363947082915375,0.36603543193846,-0.3296407236469225,0.13526585473536024,0.28054918031207,-0.14528332557670975,0.348618270075915,0.31072822013627,0.03789004993964501,0.421622409936545,0.43528537852141,-0.013662968584865043,0.4926483320997225,0.43494027911984,0.05770805297988246,0.39967682611321753,0.30215235621569,0.09752446989752755
LK00275__TN00214,exact_sync;temporal_window;recursive_lag_1;semantic_neighborhood,21,2,2025-11-24,2025-11-24,0,0,1.0,False,False,True,0.8701144529129866,hoch,0.8142814745510715,3.57789419095545,2.0085774182202,1.5693167727352497,kognition,methodik,0.85,0.575,0.5070172688432975,0.24787311440493,0.25914415443836747,0.0795969341328435,0.40303341149682,-0.3234364773639765,0.1970123632802375,0.39667714529324,-0.1996647820130025,0.34079524449029003,0.37215393982184,-0.031358695331549946,0.4168259993774925,0.49786480243725,-0.08103880305975752,0.4861058642598425,0.29871888146235,0.1873869827974925,0.3593786880191675,0.37837724985231,-0.018998561833142524
LK00276__TN00216,exact_sync;temporal_window;recursive_lag_1;semantic_neighborhood,23,2,2025-11-24,2025-11-24,0,0,1.0,False,True,True,0.9174376382326735,hoch,0.9272953505139852,2.893165727133025,1.7611262200663,1.132039507066725,performanz,performanz,0.7,0.3,0.3941204845794475,0.38901605960072,0.005104424978727484,0.09432134042988251,0.39448441218746,-0.3001630717575775,0.16782170960363751,0.36771503646144,-0.19989332685780248,0.37936091784147746,0.34691004747091,0.032450870370567486,0.35766121626767244,0.40046144873576,-0.04280023246808756,0.491792963958985,0.40407547083472,0.08771749312426497,0.47932960114359,0.33740371315125,0.14192588799234002
LK00281__TN00223,exact_sync;temporal_window;recursive_lag_1;semantic_neighborhood,15,4,2025-11-25,2025-11-25,0,0,1.0,False,False,True,0.8141004516321975,hoch,0.7988776241988543,3.09827639594834,1.2131734735068,1.88510292244154,kognition,methodik,,,0.49423908231649005,0.066644272668964,0.42759480964752605,0.16052089806447478,0.026030034477352,0.13449086358712278,0.2152184047765084,0.49457065506968,-0.2793522502931716,0.376270980149932,0.49457065506968,-0.11829967491974802,0.381568622415362,0.58133743666086,-0.19976881424549803,0.444925104546724,0.35655093737582,0.08837416717090402,0.3278753098803421,0.20149174836172,0.12638356151862207
LK00282__TN00219,exact_sync;temporal_window;recursive_lag_1,45,4,2025-11-25,2025-11-25,0,0,1.0,False,True,True,0.6877654944347336,mittel,0.8641355109695517,3.21308366565638,1.5129004089405,1.7001832567158799,performanz,performanz,0.71666666666667,0.49166666666667,0.2073182092154,0.39658922428583,-0.18927101507042998,0.09321982062545339,0.4336042185525,-0.34038439792704656,0.009680820576240002,0.3731415302136,-0.36346070963736005,0.076853712935564,0.25104465109537,-0.174190938159806,0.20237909855367198,0.27135052187978,-0.068971423326108,-0.03770779014057,0.44577858543756,-0.48348637557813,0.10994948375388743,0.42437801090419,-0.31442852715030256
LK00287__TN00105,semantic_neighborhood,7,4,2025-11-26,2025-10-21,-36,36,,False,False,True,0.7739215074746738,hoch,0.587829643398006,3.005088665884625,1.3930592509199,1.612029414964725,kognition,sozial,0.33333333333333,0.68333333333333,0.5258669777024275,0.21688069560435,0.30898628209807755,0.05375309342569751,0.58938816166461,-0.5356350682389126,0.13465199136405326,0.29074613673932,-0.15609414537526672,0.35038978744364,0.39355163104883,-0.04316184360518999,0.4326850087499375,0.40048169959262,0.032203309157317506,0.44195984256945503,0.2504108915838,0.19154895098565505,0.42542220143042,0.37825513699838,0.047167064432039996
LK00290__TN00224,temporal_window;semantic_neighborhood,22,4,2025-11-26,2025-11-25,-1,1,,False,False,True,0.891785022770308,hoch,0.7635471433765926,3.406700968171625,1.8531269407679,1.5535740274037249,performanz,methodik,0.7825,0.525,0.48134738462979,0.32377706377071,0.15757032085907996,0.04110877397500425,0.38544888544132,-0.34434011146631577,0.19082173961935975,0.36351075782467,-0.17268901820531027,0.3925392193180425,0.3168698197436,0.07566939957444246,0.39821808888941,0.53962843961784,-0.14141035072843,0.40710423404384,0.36393545927715,0.04316877476669001,0.38359928312583247,0.30067115512889,0.08292812799694249
LK00291__TN00233,exact_sync;temporal_window;recursive_lag_1;semantic_neighborhood,5,6,2025-11-26,2025-11-26,0,0,1.0,False,False,True,0.8954862840594825,hoch,0.8212587281163578,2.9151122719748663,1.7359496624607,1.1791626095141663,motivation,sozial,0.80071428571429,0.56785714285714,0.4711610865179033,0.26004703991741,0.21111404660049327,0.1872372186804653,0.51704320378762,-0.32980598510715475,0.25567483691872767,0.39902889670571,-0.14335405978698235,0.44680492351384,0.32509142069091,0.12171350282292998,0.35169466987827674,0.34563214166238,0.006062528215896756,0.43317739099671,0.33491486595192,0.09826252504479,0.33535865980972,0.41049217324621,-0.07513351343649
LK00294__TN00225,temporal_window;semantic_neighborhood,10,5,2025-11-27,2025-11-26,-1,1,,False,False,True,0.860648887494174,hoch,0.7549847061756557,3.72062889248405,1.8243494110294,1.8962794814546498,performanz,methodik,0.23571428571429,0.50714285714286,0.3834202741566825,0.38952971025535,-0.006109436098667487,0.1935387715740465,0.51963729850711,-0.3260985269330635,0.21873064337369777,0.14508182180479,0.07364882156890776,0.448971283442155,0.19162538950133,0.25734589394082497,0.328602645968995,0.54814061023957,-0.21953796427057493,0.46727547555698,0.42066604971874,0.046609425838240015,0.41143120468215,0.20750085019785,0.2039303544843
LK00299__TN00236,temporal_window;semantic_neighborhood,4,7,2025-11-28,2025-11-27,-1,1,,False,False,True,0.9259274566060683,hoch,0.7729363126814266,3.26979560419145,1.271647519905,1.99814808428645,kognition,affektiv,0.85,0.5,0.4921516091811525,0.32459148518849,0.1675601239926625,0.14677434443071674,0.38077416764922,-0.23399982321850327,0.22409894677023998,0.44306768712525,-0.21896874035501004,0.3814099468596725,0.39974389520421,-0.0183339483445375,0.38630908634282,0.38905186694594,-0.0027427806031199986,0.39773578338312254,0.28894945684604,0.10878632653708253,0.4584616057658375,0.39836427865475,0.060097327111087506
LK00305__TN00098,semantic_neighborhood,2,1,2025-12-01,2025-10-20,-42,42,,False,True,True,0.9500810274795892,hoch,0.7362724488626309,3.4975381843631,1.8242888017872,1.6732493825758998,kognition,kognition,0.474,0.4,0.506821211211515,0.48751146242244,0.019309748789075043,0.11822485440706945,0.39896428999868,-0.2807394355916105,0.17426250702915,0.26622519474385,-0.09196268771469998,0.35317849199609247,0.27291664955577,0.08026184244032247,0.43277539855235997,0.3865962213972,0.046179177155159956,0.4641270287729175,0.45637408850117,0.007752940271747499,0.35986193496447,0.3163333198404,0.043528615124070025
LK00306__TN00269,recursive_lag_1;semantic_neighborhood,43,1,2025-12-01,2025-12-08,7,7,1.0,False,False,True,0.9304871555380614,hoch,0.6502783613458478,3.3916939913141597,1.9719257237525,1.4197682675616596,kognition,methodik,0.7,0.35,0.4956936760621719,0.36037782202042,0.1353158540417519,0.12938376367058718,0.40569479365173,-0.2763110299811428,0.180856725952682,0.33707195089575,-0.15621522494306797,0.377424528006274,0.35348037113545,0.023944156870824018,0.390128768949988,0.45373759816312,-0.06360882921313199,0.45894219474140596,0.35144490845412,0.10749728628728594,0.41781743691132,0.37092095419587,0.046896482715449994
LK00307__TN00274,recursive_lag_1;semantic_neighborhood,16,2,2025-12-01,2025-12-08,7,7,1.0,False,True,True,0.9366680551070151,hoch,0.7519781087273101,3.6359219561643252,2.3941652164063,1.2417567397580251,kognition,kognition,0.83,0.58,0.50626452194937,0.41768211848109,0.08858240346828,0.10650990338976851,0.4038804484791,-0.2973705450893315,0.187163483451045,0.32677080006602,-0.139607316614975,0.35618824353152256,0.31941290733299,0.03677533619853257,0.40564942527194503,0.41768211848109,-0.012032693209144962,0.465155373617395,0.41768211848109,0.047473255136305015,0.39678365068674504,0.32357652117809,0.07320712950865504
LK00308__TN00215,semantic_neighborhood,20,2,2025-12-01,2025-11-24,-7,7,,False,False,True,0.9409352208284321,hoch,0.6531515793006998,3.7534097565857003,2.1280654824312,1.6253442741545001,performanz,kognition,0.575,0.6,0.4245400474951025,0.46991035181289,-0.04537030431778749,0.12736626709234625,0.36603543193846,-0.23866916484611375,0.15299473829295152,0.28054918031207,-0.12755444201911847,0.41603534980931,0.31072822013627,0.10530712967304001,0.33569167019073004,0.43528537852141,-0.09959370833067999,0.5312188106703,0.43494027911984,0.09627853155045996,0.4032763035799125,0.30215235621569,0.10112394736422253
LK00309__TN00271,recursive_lag_1;semantic_neighborhood,21,2,2025-12-01,2025-12-08,7,7,1.0,False,False,True,0.9317363381528054,hoch,0.6506218865649025,3.3381262307772,2.1938276795228,1.1442985512544,motivation,sozial,0.86,0.55,0.41329733647653744,0.31228814781636,0.10100918866017744,0.16616518066943273,0.44801018401907,-0.28184500334963725,0.25411270547311,0.36348909238049,-0.10937638690738,0.4518164918372025,0.33142226246323,0.12039422937397254,0.35386212097628,0.42223726033621,-0.06837513935993,0.46760270535588,0.35829911282758,0.10930359252830002,0.36436400483721,0.39132517454398,-0.02696116970677004
LK00315__TN00248,exact_sync;temporal_window;recursive_lag_1;semantic_neighborhood,45,4,2025-12-02,2025-12-02,0,0,1.0,False,False,True,0.8158316783277033,hoch,0.7993537115401185,3.66626547492746,1.5815052410773,2.08476023385016,performanz,methodik,0.75,0.57,0.48496886089878605,0.12646180023868,0.35850706066010607,0.1170201371560972,0.44811463997619,-0.3310945028200928,0.192454847096648,0.39624304181129,-0.203788194714642,0.37438287426099,0.36697873167747,0.007404142583519957,0.436859919736926,0.55909427473943,-0.12223435500250396,0.436025649425532,0.17351735381586,0.26250829560967204,0.413103482780884,0.38577721996723,0.027326262813653968
LK00321__TN00224,semantic_neighborhood,22,4,2025-12-03,2025-11-25,-8,8,,False,False,True,0.914535637830145,hoch,0.6403939906478502,3.0021012177687,1.8531269407679,1.1489742770008,performanz,methodik,0.7825,0.525,0.512566833589262,0.32377706377071,0.188789769818552,0.0934459794323006,0.38544888544132,-0.2920029060090194,0.18541941224690023,0.36351075782467,-0.1780913455777698,0.31732245232864137,0.3168698197436,0.00045263258504135706,0.45156266549037005,0.53962843961784,-0.08806577412746996,0.414210633531214,0.36393545927715,0.050275174254064026,0.344299121763562,0.30067115512889,0.043627966634672
LK00324__TN00252,temporal_window;semantic_neighborhood,10,5,2025-12-04,2025-12-03,-1,1,,False,False,True,0.8966914387881368,hoch,0.7648964077814955,3.9491588352588503,2.098224528331,1.8509343069278503,kognition,methodik,0.595,0.475,0.47294475626693494,0.37924667723944,0.09369807902749494,0.1150298026383065,0.46524595558976,-0.3502161529514535,0.17176775382896575,0.28569073070564,-0.11392297687667424,0.365932759835585,0.30352192244183,0.06241083739375497,0.384256879894855,0.47659341792122,-0.09233653802636499,0.45781630378652755,0.41895886505633,0.038857438730197535,0.465551127805665,0.25160602144626,0.213945106359405
LK00328__TN00254,temporal_window;semantic_neighborhood,22,6,2025-12-04,2025-12-03,-1,1,,False,False,True,0.8994213626339701,hoch,0.7656471368390997,3.259402469291275,1.6578772035376,1.601525265753675,performanz,methodik,0.725,0.35,0.4877291587755,0.29517367196332,0.19255548681218,0.14758519204185697,0.42222668728667,-0.27464149524481307,0.262130603377995,0.38163423742783,-0.119503634049835,0.3900048079237025,0.35512280305718,0.03488200486652249,0.34578990660008746,0.53333897341474,-0.18754906681465255,0.479874910508385,0.30579873032722,0.174076180181165,0.3500522195541725,0.2913364142278,0.058715805326372494
LK00331__TN00268,exact_sync;temporal_window;recursive_lag_1;semantic_neighborhood,2,1,2025-12-08,2025-12-08,0,0,1.0,False,True,True,0.9555607023366558,hoch,0.9377791931425803,4.61772955941556,1.8145948733901,2.8031346860254596,performanz,performanz,0.76,0.4,0.405938227862966,0.43852470437432,-0.03258647651135399,0.147609950379974,0.28446596178333,-0.13685601140335601,0.156084328622786,0.33139702962816,-0.17531270100537397,0.41677873481360395,0.28151370895117,0.13526502586243394,0.406673853945386,0.40606424919547,0.000609604749916004,0.465335522712418,0.51007605521863,-0.04474053250621196,0.46772455201136004,0.33561210196005,0.13211245005131006
LK00332__TN00269,exact_sync;temporal_window;recursive_lag_1;semantic_neighborhood,43,1,2025-12-08,2025-12-08,0,0,1.0,False,False,True,0.9029810988164451,hoch,0.8233198021745224,3.398261486785775,1.9719257237525,1.426335763033275,regulation,methodik,0.7,0.35,0.41090131048232753,0.36037782202042,0.05052348846190752,0.04101893338684075,0.40569479365173,-0.36467586026488924,0.15540075392108224,0.33707195089575,-0.18167119697466774,0.42508217420936756,0.35348037113545,0.07160180307391756,0.39795474956755006,0.45373759816312,-0.05578284859556992,0.4155752657252225,0.35144490845412,0.0641303572711025,0.4501366641354575,0.37092095419587,0.07921570993958749
LK00333__TN00274,exact_sync;temporal_window;recursive_lag_1;semantic_neighborhood,16,2,2025-12-08,2025-12-08,0,0,1.0,False,False,True,0.9628681473959063,hoch,0.8397887405338743,3.1865075223551003,2.3941652164063,0.7923423059488002,regulation,kognition,0.83,0.58,0.4416729472093475,0.41768211848109,0.02399082872825753,0.23455565542892498,0.4038804484791,-0.169324793050175,0.19771436279168,0.32677080006602,-0.12905643727434,0.4048629986636975,0.31941290733299,0.08545009133070752,0.3661499111108925,0.41768211848109,-0.05153220737019748,0.401401042135815,0.41768211848109,-0.01628107634527498,0.453790552203435,0.32357652117809,0.130214031025345
LK00334__TN00272,exact_sync;temporal_window;recursive_lag_1;semantic_neighborhood,20,2,2025-12-08,2025-12-08,0,0,1.0,False,False,True,0.9008267613811247,hoch,0.8227273593798093,4.07798922440506,1.776415814659,2.3015734097460605,kognition,methodik,0.725,0.45,0.466057328616116,0.33775875823162,0.128298570384496,0.0953258038338854,0.43849382647614,-0.3431680226422546,0.2023050764594004,0.33372695323472,-0.1314218767753196,0.36067029739314205,0.29976089793057,0.06090939946257207,0.41052526760720004,0.52145211797163,-0.11092685036443001,0.48885496283868807,0.33775875823162,0.15109620460706807,0.391370489738936,0.32621866732538,0.065151822413556
LK00335__TN00271,exact_sync;temporal_window;recursive_lag_1;semantic_neighborhood,21,2,2025-12-08,2025-12-08,0,0,1.0,False,False,True,0.919262391327904,hoch,0.8277971576151736,3.7990905080190798,2.1938276795228,1.6052628284962798,kognition,sozial,0.86,0.55,0.5406838443888301,0.31228814781636,0.2283956965724701,0.179774325920045,0.44801018401907,-0.268235858099025,0.249418464092372,0.36348909238049,-0.11407062828811798,0.36150725553332197,0.33142226246323,0.030084993070091992,0.402774880325802,0.42223726033621,-0.01946238001040801,0.454963451551444,0.35829911282758,0.09666433872386404,0.284717838240176,0.39132517454398,-0.10660733630380403
LK00336__TN00273,exact_sync;temporal_window;recursive_lag_1;semantic_neighborhood,23,2,2025-12-08,2025-12-08,0,0,1.0,False,False,True,0.901522606086196,hoch,0.8229187166737039,3.3869758888468198,1.700458782758,1.6865171060888198,kognition,sozial,0.75,0.6,0.478954568129278,0.35284595294571,0.12610861518356803,0.08146420060264639,0.42093903158436,-0.3394748309817136,0.1531797519056824,0.36264722941643,-0.20946747751074762,0.34158376130891,0.34024431176908,0.0013394495398300066,0.405974144394626,0.41474875170812,-0.008774607313493998,0.481588210166886,0.35284595294571,0.12874225722117605,0.44167670740781206,0.39308277214128,0.04859393526653205
LK00342__TN00277,exact_sync;temporal_window;recursive_lag_1;semantic_neighborhood,45,4,2025-12-09,2025-12-09,0,0,1.0,False,False,True,0.8622787357510818,hoch,0.8121266523315475,3.2633179014366,1.8727830803713,1.3905348210653,kognition,sozial,0.828,0.51,0.513238279535265,0.32037880199167,0.192859477543595,0.12364896187432173,0.52481098992921,-0.4011620280548883,0.12406496736448624,0.35551487272005,-0.23144990535556376,0.37636293797702997,0.27875382885411,0.09760910912291998,0.4165480551596925,0.37658560935863,0.03996244580106251,0.4534338829354675,0.36011570766505,0.09331817527041747,0.3958877813308675,0.38253925433462,0.0133485269962475
LK00343__TN00158,semantic_neighborhood,15,0,2025-12-10,2025-11-06,-34,34,,False,False,True,0.9142480825883034,hoch,0.6264206161700947,3.0929551337240664,1.3916261230337,1.7013290106903665,performanz,sozial,0.8,0.45,0.41764284340231334,0.16817918918704,0.24946365421527333,0.31927660141967,0.50985232115879,-0.19057571973911996,0.2185072904184663,0.40546406554181,-0.18695677512334372,0.4592541549290334,0.29761346062273,0.1616406943063034,0.3633691601364633,0.43115028500676,-0.0677811248702967,0.3599267086306533,0.39104328175032,-0.0311165731196667,0.328641004046598,0.34639005852248,-0.017749054475881987
LK00351__TN00224,semantic_neighborhood,22,4,2025-12-10,2025-11-25,-15,15,,False,False,True,0.8591948775362606,hoch,0.6126261807222887,3.6570165714744753,1.8531269407679,1.8038896307065753,kognition,methodik,0.7825,0.525,0.3402032517157375,0.32377706377071,0.01642618794502748,0.025923734510702,0.38544888544132,-0.359525150930618,0.0600254389531025,0.36351075782467,-0.3034853188715675,0.1548458889701225,0.3168698197436,-0.16202393077347751,0.26814474118799003,0.53962843961784,-0.27148369842985,0.18534811018728,0.36393545927715,-0.17858734908986998,0.15922491751157003,0.30067115512889,-0.14144623761731995
LK00352__TN00288,exact_sync;temporal_window;recursive_lag_1;semantic_neighborhood,5,6,2025-12-10,2025-12-10,0,0,1.0,False,False,True,0.9376647122234218,hoch,0.832857795861441,2.8576778178646998,1.7310562364192,1.1266215814454998,motivation,performanz,0.72538461538462,0.57692307692308,0.45280275141216,0.34660918982882,0.10619356158333998,0.22800326610710026,0.47664427150317,-0.24864100539606976,0.26844644145107,0.35299899443021,-0.08455255297914,0.4077806182816675,0.25172948476042,0.1560511335212475,0.385071337986365,0.34052832684937,0.04454301113699499,0.3725446702750425,0.48965425229786,-0.11710958202281752,0.3080541386060977,0.33011430606286,-0.022060167456762314
LK00354__TN00280,temporal_window;semantic_neighborhood,10,5,2025-12-11,2025-12-10,-1,1,,False,False,True,0.8445814802851239,hoch,0.7505661691931669,3.96363241737,1.8838040709754,2.0798283463946,motivation,methodik,-0.044166666666667,0.56666666666667,0.43220026440709003,0.42241371737594,0.009786547031150006,0.2533414763215025,0.52174064037694,-0.2683991640554375,0.29436622740027,0.052759566459141,0.24160666094112904,0.38476982238338253,0.1774630177994,0.20730680458398254,0.360327530403145,0.53084076782537,-0.17051323742222502,0.385245286998245,0.46664607032091,-0.08140078332266498,0.4320090213800375,0.12460410996117,0.3074049114188675
LK00357__TN00286,temporal_window;semantic_neighborhood,22,6,2025-12-11,2025-12-10,-1,1,,False,False,True,0.9048607895968153,hoch,0.7671429792538821,3.98442771274512,1.569247589795,2.4151801229501197,regulation,methodik,0.73333333333333,0.43333333333333,0.42491189568630805,0.38234884254054,0.042563053145768026,0.14183807097090678,0.39145238641055,-0.24961431543964324,0.1252565551882054,0.33977524801652,-0.2145186928283146,0.39789158161638005,0.26622808295416,0.13166349866222005,0.376778759216874,0.52321420558179,-0.146435446364916,0.473109786147078,0.38234884254054,0.09076094360653797,0.482421341030458,0.30709287988177,0.175328461148688
LK00358__TN00301,exact_sync;temporal_window;recursive_lag_1;semantic_neighborhood,43,1,2026-01-12,2026-01-12,0,0,1.0,False,False,True,0.861666807937439,hoch,0.8119583721827958,3.86330353161948,1.9528079080549,1.9104956235645802,kognition,methodik,0.776,0.55,0.516551343998074,0.30724988219164,0.209301461806434,0.0472973052660096,0.44868236764493,-0.4013850623789204,0.12035215002694222,0.35068714321068,-0.2303349931837378,0.338741573752796,0.33158934886929,0.007152224883506031,0.453771888115092,0.4743506953134,-0.020578807198308013,0.46035618597492595,0.34535839471153,0.11499779126339593,0.412420739296888,0.35646552455284,0.05595521474404802
LK00366__TN00310,exact_sync;temporal_window;recursive_lag_1;semantic_neighborhood,2,1,2026-01-19,2026-01-19,0,0,1.0,False,False,True,0.8501485722753717,hoch,0.8087908573757273,3.16246429483315,1.3275926941416,1.8348716006915498,performanz,sozial,-0.6,0.7,0.42015203516467503,0.35578715313852,0.06436488202615503,0.14383402329175224,0.5233057131511,-0.37947168985934776,0.2601118922415075,0.056632719854765,0.20347917238674249,0.39694699139517253,0.18436520904162,0.21258178235355255,0.336845177772985,0.48366134094269,-0.14681616316970497,0.480640106544875,0.52201496614897,-0.04137485960409504,0.4209260400538475,0.23651832459542,0.1844077154584275
LK00367__TN00309,exact_sync;temporal_window;recursive_lag_1;semantic_neighborhood,43,1,2026-01-19,2026-01-19,0,0,1.0,False,False,True,0.8799265966426828,hoch,0.8169798140767378,3.4993772670429,2.0611137212397,1.4382635458032,kognition,sozial,0.78,0.475,0.5455936764267,0.38194595187001,0.16364772455668997,0.0663460992439854,0.4682989496841,-0.40195285044011464,0.14670964111465218,0.336736367607,-0.1900267264923478,0.33072429312148205,0.2894335955938,0.04129069752768205,0.42108127328391404,0.39324677092961,0.027834502354304014,0.45744262318538,0.44004206774213,0.017400555443249976,0.40287803383486204,0.29894840833775,0.10392962549711204
