perspektive,gruppe_id,zeitphase,d_semantisch_count,d_semantisch_mean,d_semantisch_std,d_semantisch_min,d_semantisch_max,d_semantisch_mean_count,d_semantisch_mean_mean,d_semantisch_mean_std,d_semantisch_mean_min,d_semantisch_mean_max,streuung_gesamt_count,streuung_gesamt_mean,streuung_gesamt_std,streuung_gesamt_min,streuung_gesamt_max,kohaerenz_index_count,kohaerenz_index_mean,kohaerenz_index_std,kohaerenz_index_min,kohaerenz_index_max,konflikt_index_count,konflikt_index_mean,konflikt_index_std,konflikt_index_min,konflikt_index_max,polaritaet_spannung_count,polaritaet_spannung_mean,polaritaet_spannung_std,polaritaet_spannung_min,polaritaet_spannung_max
alle_lehrkraefte,0,abwesenheit_vertretung,15,3.538423380951153,0.2971546618258853,2.8412188903361,3.89185518068,15,3.6062675822568666,0.29102312129455626,2.9341966631062,3.9533922088911,15,0.8563120875521839,0.1824611106994382,0.43359513769499,1.1157909205105,15,0.5439724362342987,0.05798583409343752,0.47263649272053,0.69754700870976,15,0.5994184612865248,0.127722777489602,0.30351659638649,0.78105364435733,15,0.0,0.0,0.0,0.0
alle_lehrkraefte,0,nach_rueckkehr,19,3.284477598887137,0.6373147508629102,1.0497747011085,3.890040206499,19,3.4138976148383793,0.4679552182109896,2.0224787329435,3.9975768565636,19,0.9810971377381646,0.24147044445172114,0.6258045470161,1.7283804214657,19,0.5110373099586301,0.05512922757687576,0.36651780379761,0.61508008563227,19,0.6908869895517252,0.18287138884573717,0.43806318291127,1.2881271645912,19,0.013729977116704739,0.0598475827488419,0.0,0.26086956521739
alle_lehrkraefte,0,vor_abwesenheit,125,2.878271563266291,1.0471574053560695,0.0,4.9479290670833,125,3.0366979306160067,1.0503435450184453,0.0,4.9479290670832,125,0.7646630026863875,0.7205268609479382,0.0,4.2569839273571,125,0.6618428974113614,0.2580752655474636,0.19022314197995,1.0,125,0.543374752898708,0.5230666024026787,0.0,3.06988874915,125,0.027035503394124104,0.09461885821712952,0.0,0.77777777777778
alle_lehrkraefte,1,abwesenheit_vertretung,3,3.6214999199664333,0.3061434121527758,3.2945631568818,3.901407356436,3,3.6910032515234334,0.3057405134445168,3.3559480586876,3.9548676263628,3,0.9218720028695767,0.09075523002619498,0.82571863366117,1.0060375911633,3,0.5211084139572367,0.02486067458982206,0.49849514505862,0.54772952500061,3,0.6453104020087034,0.0635286610183359,0.57800304356282,0.70422631381431,3,0.0,0.0,0.0,0.0
alle_lehrkraefte,1,nach_rueckkehr,9,3.3815302494419557,0.5974865921896565,2.0478479471188,3.9775372464938,9,3.456793870331622,0.5812920194903336,2.1635381154003,4.0074203613371,9,0.8718717378441133,0.11973847144078495,0.70236993478715,1.0831029752003,9,0.5361676250750923,0.03424702451088114,0.48005308038304,0.58741638909702,9,0.6103102164908834,0.08381693000855436,0.49165895435101,0.75817208264024,9,0.0,0.0,0.0,0.0
alle_lehrkraefte,1,vor_abwesenheit,39,3.2757220614083664,0.8873492069619918,0.0,4.5519806168613,39,3.419998973029236,0.897667233990669,0.0,4.5924410530365,39,1.0162617653733501,0.47271813753033487,0.0,2.4212823522952,39,0.5281329426095392,0.15531169224301986,0.29228806541767,1.0,39,0.7182774665305794,0.3463666975372195,0.0,1.7948976466067,39,0.02298076923076923,0.07260318192349474,0.0,0.33333333333333
alle_lehrkraefte,2,abwesenheit_vertretung,10,3.2577282842776496,0.47088564809623135,2.5595437396033,4.0414546204158,10,3.51563069845733,0.4262860578934405,2.707496540397,4.1268938161252,10,1.257647772390246,0.4747652056717923,0.80458625936926,2.3400993168333,10,0.458104318190392,0.08159609496509282,0.2993922950016,0.5541436408529,10,0.8916819430886219,0.35205598083746853,0.56321038155848,1.6991806328944,10,0.037761674718196005,0.07991766931539783,0.0,0.2037037037037
alle_lehrkraefte,2,nach_rueckkehr,8,3.392758737687025,0.20117148939163276,3.17053346293,3.7098105175155,8,3.4709274500596,0.2023353105302474,3.2466757362397,3.7862291871979,8,0.9518702355396987,0.1508298089682536,0.7569139123757,1.1233826498632,8,0.5150433550612512,0.0401761811010501,0.47094667560953,0.56917985164555,8,0.66630916487779,0.10558086627777846,0.52983973866299,0.78636785490421,8,0.0,0.0,0.0,0.0
alle_lehrkraefte,2,vor_abwesenheit,108,3.2436848888874232,0.9173352603503042,0.0,4.2243906380189,108,3.4003550314725204,0.8589297664241813,0.0,4.2930322691041,108,0.9418197513234157,0.4881107174053776,0.0,2.4764505139917,108,0.553321813872049,0.16881077328734276,0.28764971512619,1.0,108,0.666977450795961,0.3601250155239856,0.0,1.7909621683048,108,0.025678749565227556,0.09739489854608979,0.0,0.71428571428571
alle_lehrkraefte,3,abwesenheit_vertretung,5,3.07573705526028,0.5510700750174552,2.2615710564425,3.7357563989282,5,3.17206743576518,0.5101599635610923,2.3783883360296,3.7583025679886,5,1.046536489828468,0.36044762044363143,0.82312191404326,1.6827248878553,5,0.498798977692718,0.0723142103901685,0.37275532967507,0.54850967030627,5,0.732575542879926,0.25231333431053776,0.57618533983028,1.1779074214987,5,0.0,0.0,0.0,0.0
alle_lehrkraefte,3,nach_rueckkehr,10,3.23931230962706,0.6560370699327389,2.0905523129928,4.0538977817506,10,3.41498149738826,0.5561026251187372,2.2880068261113,4.1049018155089,10,1.115583974638323,0.4619222088879716,0.76787785676851,2.3298169228452,10,0.48786486544813,0.07865106195617123,0.30031681115535,0.56564993795889,10,0.7941087822468209,0.3622526633872703,0.53751449973796,1.7628718459916,10,0.044,0.1391402170474087,0.0,0.44
alle_lehrkraefte,3,vor_abwesenheit,62,3.2962970688194595,0.807209442609663,0.0,5.5837741284993,62,3.4269872079608645,0.7781496429040899,0.0,5.5837741284993,62,0.9281435566071835,0.5323074085803937,0.0,2.1932102076054,62,0.5731383597905421,0.2106837555613762,0.31316447555449,1.0,62,0.653868941556453,0.3793985997158171,0.0,1.5814009914776,62,0.013894839771417518,0.04694063886979994,0.0,0.26086956521739
alle_lehrkraefte,4,abwesenheit_vertretung,9,3.331454253361833,0.380029476540209,2.781698745995,3.8475902466157,9,3.4281028382461223,0.371955012601134,2.9259728666262,3.9672559708307,9,1.0335256960073034,0.22504107986880129,0.7415440180172,1.3652528939371,9,0.4969846014347111,0.05334442290663781,0.42278777147396,0.57420311496837,9,0.7258489395860667,0.159237981154998,0.51908081261204,0.95567702575596,9,0.007936507936507887,0.023809523809523666,0.0,0.071428571428571
alle_lehrkraefte,4,nach_rueckkehr,11,3.2900050594558183,0.6330167436281392,1.6227342874899,3.9571639358126,11,3.555172330602518,0.31560380356964024,2.9118189618376,4.0220890917088,11,1.0947875292343054,0.6717742263830553,0.69292858748314,3.0646925353069,11,0.50460220085019,0.09593480009406707,0.24602106833758,0.5906923702474,11,0.7740217250094819,0.4950193905196807,0.4850500112382,2.2296597747149,11,0.02556818181818182,0.08480006566249602,0.0,0.28125
alle_lehrkraefte,4,vor_abwesenheit,88,3.3144864110629397,0.8181166277928328,0.0,5.212791300571,88,3.442784031532859,0.7722163733515242,0.0,5.212791300571,88,0.7942786535336072,0.5807980309896641,0.0,2.704426016298,88,0.6253940426511687,0.22818749460496535,0.26994735367919,1.0,88,0.5618339457020038,0.42284290277185277,0.0,2.0610982114086,88,0.019462960761587843,0.0856602002124562,0.0,0.56
alle_lehrkraefte,5,abwesenheit_vertretung,4,3.312910574501,0.2915193582936419,2.9339318725109,3.6212623989405,4,3.3968593849051,0.28881473033916794,3.0310121900903,3.7164973711689,4,0.9968544464065675,0.10202715759632042,0.88988897013866,1.1153183247786,4,0.5017654835375275,0.025527766006688737,0.47274208722447,0.52913161344427,4,0.697798112484595,0.07141901031742048,0.62292227909706,0.78072282734501,4,0.0,0.0,0.0,0.0
alle_lehrkraefte,5,nach_rueckkehr,8,2.9409058091340126,0.7643257018525831,1.6267817345569,3.7991515546962,8,3.4153582366972373,0.4089914680495693,2.6264624446432,3.8460767777806,8,1.3995413793768363,0.710707907140112,0.68388229221944,2.7680976131884,8,0.44542945434896997,0.11346042838831245,0.2653859062727,0.59386573789665,8,1.001372562664355,0.5280310562891857,0.47871760455361,2.0148111863747,8,0.07231199033524625,0.10475692437005744,0.0,0.25714285714286
alle_lehrkraefte,5,vor_abwesenheit,41,3.29561245827724,0.6756158994217597,0.99141868047763,4.2212041304915,41,3.4681544849186907,0.628118910827926,0.99141868047763,4.2918426769042,41,0.9810425935334258,0.47298820788690177,0.0,1.9821989192833,41,0.5409087205600429,0.16805815217300712,0.33532303748548,1.0,41,0.6943232586156124,0.34631712150491784,0.0,1.4561106720697,41,0.02531147714074561,0.07054620368257827,0.0,0.28571428571429
alle_lehrkraefte,6,abwesenheit_vertretung,8,3.256402216581875,0.39544451299917444,2.4238060911416,3.8308394384507,8,3.347413645943625,0.39000333768081635,2.5207577044739,3.8800830218994,8,0.8746776964347575,0.21103909917296218,0.64071887609143,1.2707486563478,8,0.5389385523235313,0.05622284179489141,0.44038339391043,0.60948893474197,8,0.6122743875043337,0.1477273694210842,0.448503213264,0.88952405944349,8,0.0,0.0,0.0,0.0
alle_lehrkraefte,6,nach_rueckkehr,10,3.57309996095524,0.3867468128789846,2.9604202781809,4.1477250026328,10,3.6300725446643,0.36791397070852594,3.0881988945001,4.1994473121319,10,0.853573482144135,0.16006272168023816,0.56700000369564,1.0800944860858,10,0.543193449381897,0.04777168906442674,0.48074739233685,0.63816209166661,10,0.597501437500894,0.11204390517616197,0.39690000258695,0.75606614026004,10,0.0,0.0,0.0,0.0
alle_lehrkraefte,6,vor_abwesenheit,59,3.3894625483161254,0.48521411626759103,2.0493818294973,4.2794722999141,59,3.561360813611127,0.34125393206398597,2.6376268703916,4.2794722999141,59,1.047029338769806,0.4022639647081833,2.2204460492503e-16,2.4952994666212,59,0.5059650877892727,0.09890227206330103,0.28609851875343,1.0,59,0.7395846845394277,0.2986602098940288,1.5543122344752e-16,1.8467096266349,59,0.022213824668529492,0.06878377770914394,0.0,0.33333333333333
alle_lehrkraefte,7,abwesenheit_vertretung,4,3.401601955147925,0.8251682427644792,2.2768711216144,4.0403658228155,4,3.639397234775125,0.5201777662135416,3.0478144042811,4.1001982382388,4,1.1001109494418126,0.5053787287399483,0.81661074787534,1.8565928425831,4,0.493497620823415,0.09608885798328674,0.35006738975644,0.55047565977994,4,0.7833129587269,0.3801841630477982,0.57162752351274,1.3525561662787,4,0.0441176470588225,0.088235294117645,0.0,0.17647058823529
alle_lehrkraefte,7,nach_rueckkehr,8,3.4275672911328625,0.3325299178719894,3.0029074091483,4.0009476796282,8,3.511738264365475,0.315917707167896,3.1204669646969,4.0789880899477,8,1.1737388813273137,0.21183522562454607,0.92178045800191,1.5089853353681,8,0.46372263072425624,0.04333955250494439,0.39856749495639,0.5203508006527,8,0.8216172169291337,0.14828465793719298,0.64524632060134,1.0562897347577,8,0.0,0.0,0.0,0.0
alle_lehrkraefte,7,vor_abwesenheit,43,3.0732159501774037,0.8804166129645591,0.59636357617658,4.3111955999537,43,3.2333761558573046,0.834771464010143,0.59636357617658,4.3784931099907,43,0.8340138168309825,0.6004625120421554,0.0,2.5072748115027,43,0.6121151961769956,0.2263467743696713,0.28512165534344,1.0,43,0.5924402117696272,0.44134001114514004,0.0,1.9099310777293,43,0.02876846662646023,0.1002677163456763,0.0,0.51612903225806
alle_lehrkraefte,11,abwesenheit_vertretung,2,3.3632502627274,0.19859652356700042,3.2228213141931,3.5036792112617,2,3.74915418083845,0.6335502308122584,3.3011665164088,4.1971418452681,2,1.44892196718598,0.7265026029402377,0.93520705009726,1.9626368842747,2,0.427138859759575,0.12671595811966405,0.33753714648861,0.51674057303054,2,1.03674537703019,0.5403716272115695,0.65464493506808,1.4188458189923,2,0.075,0.10606601717798213,0.0,0.15
alle_lehrkraefte,11,nach_rueckkehr,3,3.621979184499,0.37355265409297206,3.3338733518124,4.0440390382717,3,3.6760412608589,0.36100681591652883,3.4096012553789,4.0868999023869,3,0.8826329771891167,0.16628337075300692,0.74966061761061,1.0690729942662,3,0.5338483599265366,0.045497358872411166,0.48330822681036,0.57153941166352,3,0.6178430840323833,0.1163983595271033,0.52476243232743,0.74835109598634,3,0.0,0.0,0.0,0.0
alle_lehrkraefte,11,vor_abwesenheit,5,3.27334726684514,0.275508358582045,3.0132484617889,3.6535613667919,5,3.3753892804806,0.27552255852522906,3.0990260480808,3.7508520829498,5,1.0646521250076302,0.24090917516594407,0.89783013927572,1.4675713950363,5,0.48913723805857795,0.051457768284587146,0.40525676461138,0.52691754615175,5,0.745256487505336,0.16863642261615894,0.628481097493,1.0272999765254,5,0.0,0.0,0.0,0.0
lehrkraft_1_thiele,0,vor_abwesenheit,24,2.8762791036080375,1.0509274100504338,0.0,4.0698224362765,24,2.947221107726088,1.0724292044722659,0.0,4.1033971847305,24,0.7257510115922271,0.4453695305389117,0.0,1.3045077985802,24,0.6330093249354679,0.2186437005248297,0.43393213970294,1.0,24,0.5080257081145566,0.3117586713772361,0.0,0.91315545900613,24,0.0,0.0,0.0,0.0
lehrkraft_1_thiele,1,nach_rueckkehr,3,3.5630044552503333,0.45522770898768256,3.0758198737812,3.9775372464938,3,3.6264693329076,0.434958993792355,3.152539127896,4.0074203613371,3,0.7873589774899434,0.12664006167247274,0.70236993478715,0.93290859180503,3,0.5612926077709534,0.03827723159273178,0.51735503905343,0.58741638909702,3,0.5511512842429633,0.0886480431707275,0.49165895435101,0.65303601426352,3,0.0,0.0,0.0,0.0
lehrkraft_1_thiele,1,vor_abwesenheit,36,3.325861950014539,0.806479925319702,0.0,4.5519806168613,36,3.4760187672986333,0.8052235363685348,0.0,4.5924410530365,36,1.0483078970253479,0.4579289179745002,0.0,2.4212823522952,36,0.515563715455077,0.13968585176315423,0.29228806541767,1.0,36,0.741284277917747,0.3373046013290188,0.0,1.7948976466067,36,0.024895833333333332,0.07532596986505437,0.0,0.33333333333333
lehrkraft_1_thiele,2,vor_abwesenheit,106,3.295533484144944,0.8404181145994823,0.0,4.2243906380189,106,3.4551596671561757,0.7638037144356306,0.0,4.2930322691041,106,0.95958993531065,0.4749481199059207,0.0,2.4764505139917,106,0.544893923567748,0.15864351605614835,0.28764971512619,1.0,106,0.6795619309996584,0.3514639844647891,0.0,1.7909621683048,106,0.026163254274005437,0.09825299272365859,0.0,0.71428571428571
lehrkraft_1_thiele,3,nach_rueckkehr,3,3.2039480383548002,0.7911458967955265,2.4593689980344,4.034618807644,3,3.5728549583601334,0.46409223793240534,3.2408033360566,4.1031442667269,3,1.4729648338076033,0.7564325492843773,0.89776149284691,2.3298169228452,3,0.42786672634163336,0.11596321472858957,0.30031681115535,0.52693660597985,3,1.0750753836653033,0.6044454746454078,0.62843304499284,1.7628718459916,3,0.14666666666666667,0.2540341184434353,0.0,0.44
lehrkraft_1_thiele,3,vor_abwesenheit,55,3.2034632291663145,0.7037687052908953,0.0,4.499637859679,55,3.350786658743896,0.6845524050837998,0.0,4.557036820596,55,1.0462709183571888,0.44068117583344335,0.0,2.1932102076054,55,0.5188105146729748,0.15334764459762404,0.31316447555449,1.0,55,0.7370886250272743,0.3164275597834213,0.0,1.5814009914776,55,0.015663273924143382,0.04960685575706111,0.0,0.26086956521739
lehrkraft_1_thiele,4,vor_abwesenheit,67,3.364123559160448,0.6486287464040762,0.0,4.2189815833053,67,3.530418370952161,0.5476396645988552,0.0,4.2655724886983,67,1.0251124139211958,0.4435330025253071,0.0,2.704426016298,67,0.5161642161881349,0.11637781908739923,0.26994735367919,1.0,67,0.725247677268809,0.33416615593540394,0.0,2.0610982114086,67,0.025563291746563136,0.09754012360965326,0.0,0.56
lehrkraft_1_thiele,5,vor_abwesenheit,36,3.3813495222297387,0.5709068839397832,1.8296412216607,4.2212041304915,36,3.571544043039589,0.4674903829887977,1.8296412216607,4.2918426769042,36,1.0633143163230905,0.40516835634376636,0.0,1.9821989192833,36,0.504262411858798,0.11244975395079104,0.33532303748548,1.0,36,0.7529681094492405,0.30198072549537835,0.0,1.4561106720697,36,0.028826960076960277,0.07472280383539975,0.0,0.28571428571429
lehrkraft_1_thiele,6,nach_rueckkehr,7,3.5085551991142148,0.42509552749054863,2.9604202781809,4.1477250026328,7,3.5665723708291144,0.40322097741942603,3.0881988945001,4.1994473121319,7,0.8635351388986799,0.19041179651941387,0.56700000369564,1.0800944860858,7,0.5415961303525172,0.05710162009339774,0.48074739233685,0.63816209166661,7,0.6044745972290743,0.13328825756358414,0.39690000258695,0.75606614026004,7,0.0,0.0,0.0,0.0
lehrkraft_1_thiele,6,vor_abwesenheit,48,3.4278561393244646,0.43752347080779147,2.3809089657213,4.2794722999141,48,3.5631113277797044,0.3498121476306779,2.6376268703916,4.2794722999141,48,0.9950638911921225,0.34271825139909984,2.2204460492503e-16,2.1479909978258,48,0.5163999000279748,0.09818595247709055,0.31766291602824,1.0,48,0.6999707460105098,0.24921591993095288,1.5543122344752e-16,1.5574398523242,48,0.011420073920073957,0.04471274183340919,0.0,0.18918918918919
lehrkraft_1_thiele,7,nach_rueckkehr,4,3.162579583989125,0.11436028765040354,3.0029074091483,3.2566847862418,4,3.267277891469,0.1133013653809781,3.1204669646969,3.364232921474,4,1.298271521226975,0.22864684397916174,1.0091315238216,1.5089853353681,4,0.43848434387295,0.04530210046895773,0.39856749495639,0.49772749476244,4,0.90879006485891,0.1600527907854176,0.70639206667515,1.0562897347577,4,0.0,0.0,0.0,0.0
lehrkraft_1_thiele,7,vor_abwesenheit,40,3.088445038243157,0.8688511108966331,0.59636357617658,4.3111955999537,40,3.260617259349047,0.8143035365211876,0.59636357617658,4.3784931099907,40,0.8965648530933062,0.5751271245416966,0.0,2.5072748115027,40,0.5830238358902703,0.20671819430385402,0.28512165534344,1.0,40,0.6368732276523492,0.4251357037885784,0.0,1.9099310777293,40,0.030926101623444745,0.10372334232282657,0.0,0.51612903225806
lehrkraft_1_thiele,11,vor_abwesenheit,1,3.4735800478044,,3.4735800478044,3.4735800478044,1,3.5776079600455,,3.5776079600455,3.5776079600455,1,0.92821796986568,,0.92821796986568,0.92821796986568,1,0.51861356736016,,0.51861356736016,0.51861356736016,1,0.64975257890597,,0.64975257890597,0.64975257890597,1,0.0,,0.0,0.0
ohne_lehrkraft_1,0,abwesenheit_vertretung,15,3.538423380951153,0.2971546618258853,2.8412188903361,3.89185518068,15,3.6062675822568666,0.29102312129455626,2.9341966631062,3.9533922088911,15,0.8563120875521839,0.1824611106994382,0.43359513769499,1.1157909205105,15,0.5439724362342987,0.05798583409343752,0.47263649272053,0.69754700870976,15,0.5994184612865248,0.127722777489602,0.30351659638649,0.78105364435733,15,0.0,0.0,0.0,0.0
ohne_lehrkraft_1,0,nach_rueckkehr,19,3.284477598887137,0.6373147508629102,1.0497747011085,3.890040206499,19,3.4138976148383793,0.4679552182109896,2.0224787329435,3.9975768565636,19,0.9810971377381646,0.24147044445172114,0.6258045470161,1.7283804214657,19,0.5110373099586301,0.05512922757687576,0.36651780379761,0.61508008563227,19,0.6908869895517252,0.18287138884573717,0.43806318291127,1.2881271645912,19,0.013729977116704739,0.0598475827488419,0.0,0.26086956521739
ohne_lehrkraft_1,0,vor_abwesenheit,101,2.878745019026668,1.051514901046271,0.0,4.9479290670833,101,3.0579597499165816,1.0493296316447827,0.0,4.9479290670832,101,0.7739094164117326,0.7731015051995154,0.0,4.2569839273571,101,0.6686944393858311,0.26710562761394374,0.19022314197995,1.0,101,0.551774525916724,0.5626159423878571,0.0,3.06988874915,101,0.033459781428371416,0.10432774626789765,0.0,0.77777777777778
ohne_lehrkraft_1,1,abwesenheit_vertretung,3,3.6214999199664333,0.3061434121527758,3.2945631568818,3.901407356436,3,3.6910032515234334,0.3057405134445168,3.3559480586876,3.9548676263628,3,0.9218720028695767,0.09075523002619498,0.82571863366117,1.0060375911633,3,0.5211084139572367,0.02486067458982206,0.49849514505862,0.54772952500061,3,0.6453104020087034,0.0635286610183359,0.57800304356282,0.70422631381431,3,0.0,0.0,0.0,0.0
ohne_lehrkraft_1,1,nach_rueckkehr,6,3.2907931465377662,0.6772384064018971,2.0478479471188,3.8787243505591,6,3.371956139043633,0.6626116073721942,2.1635381154003,3.9502786586922,6,0.9141281180211984,0.10048101504356309,0.7879653961867,1.0831029752003,6,0.5236051337271617,0.026877072706606105,0.48005308038304,0.55929494056919,6,0.6398896826148434,0.07033671053050453,0.55157577733069,0.75817208264024,6,0.0,0.0,0.0,0.0
ohne_lehrkraft_1,1,vor_abwesenheit,3,2.674043398134297,1.7291422701219112,0.71382144994389,3.9829102477615,3,2.747761441796463,1.797009578466323,0.71382144994389,4.1204834682957,3,0.6317081855493766,0.579437921004103,0.0,1.1384991279105,3,0.6789636684630866,0.2826335299049032,0.46761767959058,1.0,3,0.44219572988457,0.40560654470288077,0.0,0.79694938953737,3,0.0,0.0,0.0,0.0
ohne_lehrkraft_1,2,abwesenheit_vertretung,10,3.2577282842776496,0.47088564809623135,2.5595437396033,4.0414546204158,10,3.51563069845733,0.4262860578934405,2.707496540397,4.1268938161252,10,1.257647772390246,0.4747652056717923,0.80458625936926,2.3400993168333,10,0.458104318190392,0.08159609496509282,0.2993922950016,0.5541436408529,10,0.8916819430886219,0.35205598083746853,0.56321038155848,1.6991806328944,10,0.037761674718196005,0.07991766931539783,0.0,0.2037037037037
ohne_lehrkraft_1,2,nach_rueckkehr,8,3.392758737687025,0.20117148939163276,3.17053346293,3.7098105175155,8,3.4709274500596,0.2023353105302474,3.2466757362397,3.7862291871979,8,0.9518702355396987,0.1508298089682536,0.7569139123757,1.1233826498632,8,0.5150433550612512,0.0401761811010501,0.47094667560953,0.56917985164555,8,0.66630916487779,0.10558086627777846,0.52983973866299,0.78636785490421,8,0.0,0.0,0.0,0.0
ohne_lehrkraft_1,2,vor_abwesenheit,2,0.495709340238815,0.7010388719607512,0.0,0.99141868047763,2,0.495709340238815,0.7010388719607512,0.0,0.99141868047763,2,0.0,0.0,0.0,0.0,2,1.0,0.0,1.0,1.0,2,0.0,0.0,0.0,0.0,2,0.0,0.0,0.0,0.0
ohne_lehrkraft_1,3,abwesenheit_vertretung,5,3.07573705526028,0.5510700750174552,2.2615710564425,3.7357563989282,5,3.17206743576518,0.5101599635610923,2.3783883360296,3.7583025679886,5,1.046536489828468,0.36044762044363143,0.82312191404326,1.6827248878553,5,0.498798977692718,0.0723142103901685,0.37275532967507,0.54850967030627,5,0.732575542879926,0.25231333431053776,0.57618533983028,1.1779074214987,5,0.0,0.0,0.0,0.0
ohne_lehrkraft_1,3,nach_rueckkehr,7,3.2544684258866,0.6603380730141496,2.0905523129928,4.0538977817506,7,3.3473214426860287,0.6117830070517193,2.2880068261113,4.1049018155089,7,0.9624207492800599,0.19518909191901596,0.76787785676851,1.3454038575715,7,0.5135783536366285,0.047172303259178594,0.42636580338681,0.56564993795889,7,0.673694524496043,0.13663236434331172,0.53751449973796,0.94178270030005,7,0.0,0.0,0.0,0.0
ohne_lehrkraft_1,3,vor_abwesenheit,7,4.025705808951314,1.2112579259854714,2.1971019446574,5.5837741284993,7,4.0257058089513285,1.2112579259854657,2.1971019446574,5.5837741284993,7,4.758098676965e-17,8.73518804477773e-17,0.0,2.2204460492503e-16,7,1.0,0.0,1.0,1.0,7,3.330669073875443e-17,6.114631631344341e-17,0.0,1.5543122344752e-16,7,0.0,0.0,0.0,0.0
ohne_lehrkraft_1,4,abwesenheit_vertretung,9,3.331454253361833,0.380029476540209,2.781698745995,3.8475902466157,9,3.4281028382461223,0.371955012601134,2.9259728666262,3.9672559708307,9,1.0335256960073034,0.22504107986880129,0.7415440180172,1.3652528939371,9,0.4969846014347111,0.05334442290663781,0.42278777147396,0.57420311496837,9,0.7258489395860667,0.159237981154998,0.51908081261204,0.95567702575596,9,0.007936507936507887,0.023809523809523666,0.0,0.071428571428571
ohne_lehrkraft_1,4,nach_rueckkehr,11,3.2900050594558183,0.6330167436281392,1.6227342874899,3.9571639358126,11,3.555172330602518,0.31560380356964024,2.9118189618376,4.0220890917088,11,1.0947875292343054,0.6717742263830553,0.69292858748314,3.0646925353069,11,0.50460220085019,0.09593480009406707,0.24602106833758,0.5906923702474,11,0.7740217250094819,0.4950193905196807,0.4850500112382,2.2296597747149,11,0.02556818181818182,0.08480006566249602,0.0,0.28125
ohne_lehrkraft_1,4,vor_abwesenheit,21,3.1561202718946997,1.2200648400475127,1.2302203970565,5.212791300571,21,3.1631887581474665,1.2233045569476364,1.2302203970565,5.212791300571,21,0.0578090370589191,0.26491428817500384,0.0,1.2139897782373,21,0.9738892032713243,0.11965470246476179,0.45167326869781,1.0,21,0.0404663259412448,0.18544000172250927,0.0,0.84979284476614,21,0.0,0.0,0.0,0.0
ohne_lehrkraft_1,5,abwesenheit_vertretung,4,3.312910574501,0.2915193582936419,2.9339318725109,3.6212623989405,4,3.3968593849051,0.28881473033916794,3.0310121900903,3.7164973711689,4,0.9968544464065675,0.10202715759632042,0.88988897013866,1.1153183247786,4,0.5017654835375275,0.025527766006688737,0.47274208722447,0.52913161344427,4,0.697798112484595,0.07141901031742048,0.62292227909706,0.78072282734501,4,0.0,0.0,0.0,0.0
ohne_lehrkraft_1,5,nach_rueckkehr,8,2.9409058091340126,0.7643257018525831,1.6267817345569,3.7991515546962,8,3.4153582366972373,0.4089914680495693,2.6264624446432,3.8460767777806,8,1.3995413793768363,0.710707907140112,0.68388229221944,2.7680976131884,8,0.44542945434896997,0.11346042838831245,0.2653859062727,0.59386573789665,8,1.001372562664355,0.5280310562891857,0.47871760455361,2.0148111863747,8,0.07231199033524625,0.10475692437005744,0.0,0.25714285714286
ohne_lehrkraft_1,5,vor_abwesenheit,5,2.678305597819246,1.0817336893622709,0.99141868047763,3.6602708581036,5,2.7237496664482257,1.115422511204508,0.99141868047763,3.6602708581037,5,0.38868618944784,0.5488541338478766,0.0,1.1613022439406,5,0.804762143209006,0.269596521044515,0.46268401506711,1.0,5,0.27208033261349,0.38419789369351715,0.0,0.81291157075843,5,0.0,0.0,0.0,0.0
ohne_lehrkraft_1,6,abwesenheit_vertretung,8,3.256402216581875,0.39544451299917444,2.4238060911416,3.8308394384507,8,3.347413645943625,0.39000333768081635,2.5207577044739,3.8800830218994,8,0.8746776964347575,0.21103909917296218,0.64071887609143,1.2707486563478,8,0.5389385523235313,0.05622284179489141,0.44038339391043,0.60948893474197,8,0.6122743875043337,0.1477273694210842,0.448503213264,0.88952405944349,8,0.0,0.0,0.0,0.0
ohne_lehrkraft_1,6,nach_rueckkehr,3,3.7237044052509667,0.2869785275948253,3.420155856838,3.9905889933645,3,3.7782396169464003,0.2726141231947856,3.4942615274888,4.0378543123483,3,0.83032961638353,0.0732300696405022,0.78242711801361,0.91462700121107,3,0.5469205271171167,0.021402161794613666,0.52229494275776,0.56103275690421,3,0.5812307314684734,0.05126104874835044,0.54769898260953,0.64023890084775,3,0.0,0.0,0.0,0.0
ohne_lehrkraft_1,6,vor_abwesenheit,11,3.221926878461555,0.654105065271122,2.0493818294973,3.8593486065093,11,3.5537222063300633,0.31658111805887523,2.9627940499663,3.9666079847641,11,1.2737876554724246,0.5630000358114763,0.76759106978106,2.4952994666212,11,0.4604313616567545,0.09284428352768694,0.28609851875343,0.56574171316891,11,0.91244550721107,0.4301583686480342,0.53731374884674,1.8467096266349,11,0.06931382793451726,0.12265868746384652,0.0,0.33333333333333
ohne_lehrkraft_1,7,abwesenheit_vertretung,4,3.401601955147925,0.8251682427644792,2.2768711216144,4.0403658228155,4,3.639397234775125,0.5201777662135416,3.0478144042811,4.1001982382388,4,1.1001109494418126,0.5053787287399483,0.81661074787534,1.8565928425831,4,0.493497620823415,0.09608885798328674,0.35006738975644,0.55047565977994,4,0.7833129587269,0.3801841630477982,0.57162752351274,1.3525561662787,4,0.0441176470588225,0.088235294117645,0.0,0.17647058823529
ohne_lehrkraft_1,7,nach_rueckkehr,4,3.6925549982766,0.24017376923584133,3.4247882286645,4.0009476796282,4,3.75619863726195,0.24632593204295572,3.4870620133797,4.0789880899477,4,1.0492062414276524,0.1052203635549274,0.92178045800191,1.1789871077367,4,0.4889609175755625,0.0251370097206798,0.45892882819242,0.5203508006527,4,0.7344443689993575,0.07365425448844795,0.64524632060134,0.82529097541569,4,0.0,0.0,0.0,0.0
ohne_lehrkraft_1,7,vor_abwesenheit,3,2.8701614426340334,1.2209514840376723,1.4790557226779,3.7640604225711,3,2.8701614426340663,1.2209514840377087,1.4790557226779,3.7640604225712,3,4.1669363415956337e-17,6.046712479348993e-17,0.0,1.1102230246252e-16,3,1.0,0.0,1.0,1.0,3,2.916855439116853e-17,4.232698735544117e-17,0.0,7.7715611723761e-17,3,0.0,0.0,0.0,0.0
ohne_lehrkraft_1,11,abwesenheit_vertretung,2,3.3632502627274,0.19859652356700042,3.2228213141931,3.5036792112617,2,3.74915418083845,0.6335502308122584,3.3011665164088,4.1971418452681,2,1.44892196718598,0.7265026029402377,0.93520705009726,1.9626368842747,2,0.427138859759575,0.12671595811966405,0.33753714648861,0.51674057303054,2,1.03674537703019,0.5403716272115695,0.65464493506808,1.4188458189923,2,0.075,0.10606601717798213,0.0,0.15
ohne_lehrkraft_1,11,nach_rueckkehr,3,3.621979184499,0.37355265409297206,3.3338733518124,4.0440390382717,3,3.6760412608589,0.36100681591652883,3.4096012553789,4.0868999023869,3,0.8826329771891167,0.16628337075300692,0.74966061761061,1.0690729942662,3,0.5338483599265366,0.045497358872411166,0.48330822681036,0.57153941166352,3,0.6178430840323833,0.1163983595271033,0.52476243232743,0.74835109598634,3,0.0,0.0,0.0,0.0
ohne_lehrkraft_1,11,vor_abwesenheit,4,3.223289071605325,0.2906905367000802,3.0132484617889,3.6535613667919,4,3.324834610589375,0.29013515704980114,3.0990260480808,3.7508520829498,4,1.0987606637931175,0.2638693327860844,0.89783013927572,1.4675713950363,4,0.4817681557331825,0.056289549595379094,0.40525676461138,0.52691754615175,4,0.7691324646551775,0.18470853295025652,0.628481097493,1.0272999765254,4,0.0,0.0,0.0,0.0
